SMILES,ID,QSAR_Binary_Prediction,QSAR_Binary_Probability,NN_Similarity,In_AD
Oc1cc(O)c2c(c1)oc(cc2=O)c1ccccc1,chrysin,1,0.9773096719091948,1.0,True
CC(=CCc1cc(cc2c1OC(C)(C)C=C2)[C@@H]1CC(=O)c2c(O1)cc(cc2O)O)C,sigmoidin,1,0.789653237344124,0.6507936507936508,True
O=Cc1c2O[C@@H](CC(=O)c2c(c(c1O)C)O)c1ccccc1,lawinal,1,0.7876552458470018,0.64,True
Clc1ccc(cc1)S(=O)(=O)CCNCc1cocc1,alternariol,1,0.78,0.2916666666666667,False
Oc1cc(O)c2c(c1)O[C@@H]([C@H](C2=O)c1c(O)cc(c2c1O[C@H](c1ccc(c(c1)O)O)[C@H](C2=O)O)O)c1ccc(c(c1)O)O,manniflavanone,1,0.7762166059112678,0.509090909090909,True
Oc1cc2O[C@@H](CC(=O)c2c(c1)O)c1ccccc1,pinocembrin,1,0.7716657154904079,1.0,True
CC(=CCc1cc(cc(c1O)O)[C@@H]1CC(=O)c2c(O1)cc(cc2O)O)C,sigmoidin,1,0.7612822789090559,0.7884615384615384,True
COc1cc(ccc1O)C[C@H]1C(=O)OC[C@@H]1Cc1ccc(c(c1)OC)O,matairesinol,1,0.76,0.5416666666666666,True
Oc1cc(O)c2c(c1Cc1ccccc1O)O[C@@H](CC2=O)c1ccccc1,chamanetin,1,0.7596079119323091,0.5714285714285714,True
CC(=CCc1cc(cc(c1O)CC=C(C)C)[C@@H]1CC(=O)c2c(O1)cc(cc2O)O)C,"5,7-dihydroxy-4'-methoxy-3′-(3-hydroxy-3-methylbut-1-enyl)-5′-(3-methylbut-2-enyl)flavanone",1,0.7481848932833214,0.82,True
COc1cc2OC(CC(=O)c2c(c1)O)c1ccc(c(c1)O)O,"5,3',4'-trihydroxy-7-methoxyflavanone",1,0.7430362023000745,0.75,True
COC(=O)C[C@@H]1[C@](C)(C=CC(=O)C1(C)C)[C@H]1[C@@H](OC(=O)C)[C@H](OC(=O)C)[C@@]2([C@]3(C1=C)O[C@@H]3C[C@H]2c1cocc1)C,11-epi-toonacilin,1,0.74,0.22105263157894736,False
CC(=CCc1cc(cc(c1O)CC(C(=C)C)O)[C@@H]1CC(=O)c2c(O1)cc(cc2O)O)C,abyssinoflavone,1,0.7393088277607694,0.6721311475409836,True
Oc1cc2O[C@@H](CC(=O)c2c(c1)O)c1cc(O)c2c(c1)C=CC(O2)(C)C,sigmoidin,1,0.737516967861583,0.5555555555555556,True
CC(=CCc1c(O)ccc(c1O)C(=O)/C=C/c1ccc(cc1)O)C,isobavachalcone,1,0.7325683678818532,1.0,True
Oc1ccc2c(c1)O[C@@H]1[C@H]2COc2c1cc1CC(Oc1c2)C(O)(C)C,rautandiol,1,0.7251759175452058,0.4067796610169492,False
CC(=CCc1c(cc2c(c1O)OC(C=C2)(C)C)[C@H]1CC(=O)c2c(O1)cc(cc2O)O)C,sigmoidin,1,0.7246732988404458,0.5217391304347826,True
C/C(=C\Cc1c(O)cc2c(c1O)c(=O)c(c(o2)c1ccc(cc1)O)O)/CCC=C(C)C,macarangin,1,0.7221870240633567,0.6825396825396826,True
COC(=O)C[C@H]1C(C)(C)C(=O)C=C[C@]1(C)[C@H]1[C@@H](OC(=O)C)[C@H](OC(=O)C)[C@@]2([C@]3(C1(C)C)O[C@@H]3C[C@H]2C1=CC(OC1=O)O)C,11-epi-23-hydroxytoonacilide,1,0.7165391621129324,0.22580645161290322,False
COc1c(O)cc(cc1CC=C(C)C)C1CC(=O)c2c(O1)cc(cc2O)O,4'-O-methylsigmoidin,1,0.7110459479851332,0.7454545454545455,True
COc1c(O)cc(cc1CC=C(C)C)[C@@H]1CC(=O)c2c(O1)cc(cc2O)O,sigmoidin,1,0.7110459479851332,0.7454545454545455,True
COC(=O)C[C@@H]1[C@]2(C)[C@H](CC(=O)C1(C)C)O[C@@]13C(=C)[C@@H]2CC[C@@]1(C)[C@@H](OC(=O)C3)c1cocc1,methylangolensate,1,0.71,0.2159090909090909,False
COc1c(CC=C(C)C)cc(cc1/C=C/C(=C)C)[C@@H]1CC(=O)c2c(O1)cc(cc2O)O,"5,7-dihydroxy-4'-methoxy-3'-(3-methylbutadienyl)-5'-(3-methylbut-2-enyl)flavanone",1,0.708678132302734,0.640625,True
Oc1ccc(cc1Cc1c(O)c(Cc2ccccc2O)c(c2c1O[C@@H](CC2=O)c1ccccc1)O)Cc1ccccc1O,isouvarinol,1,0.7076607533189992,0.4576271186440678,False
COc1cc(O)c2c(c1/C=C/C(=C)C)O[C@@H](CC2=O)c1ccccc1,"(2S)-5,7-dimethoxy-8-(3-methylbut-1,3-dienyl)flavanone",1,0.7069978726253723,0.6545454545454545,True
COc1c(CC=C(C)C)cc(cc1/C=C/C(O)(C)C)[C@@H]1CC(=O)c2c(O1)cc(cc2O)O,burttinone,1,0.7053358685006805,0.6307692307692307,True
CC(=CCc1c2OC(CC(=O)c2c(c2c1OC(C)(C)C=C2)O)c1ccc(cc1)O)C,lupinifolin,1,0.7043177085980997,0.5147058823529411,True
Oc1cc2O[C@@H](CC(=O)c2c(c1)O)c1ccc2c(c1)C=CC(O2)(C)C,abyssinoflavone,1,0.703496785034594,0.6153846153846154,True
Oc1ccc2c(c1)O[C@@H](CC2=O)c1ccc2c(c1)C=CC(O2)(C)C,abyssinone,1,0.7009855629182268,0.6122448979591837,True
COc1ccc(cc1)[C@@H]1CC(=O)c2c(O1)c(CC=C(C)C)c1c(c2O)C=CC(O1)(C)C,(S)-lupinifolin,1,0.7008496792834251,0.6461538461538462,True
COc1c(CC=C(C)C)cc(cc1CC=C(C)C)[C@@H]1CC(=O)c2c(O1)cc(cc2O)O,"5,7-dihydroxy-4'-methoxy-3′,5′-di-(3-methylbut-2-enyl)flavanone",1,0.6962134246116947,0.7735849056603774,True
CC(=C)C(=O)O[C@H]1C[C@@]23O[C@@H]2CC/C(=C/[C@@H]2[C@@H]1C(=C)C(=O)O2)/CO[C@H]3O,vernolide,1,0.69,0.21052631578947367,False
C=C1[C@H](O)[C@H]2OC(=O)C(=C)[C@@H]2[C@@H](OC(=O)C(=C)C)C[C@@]2([C@@H]([C@@H]3[C@H]1O3)O2)C,"1beta,10alpha,2alpha,3alpha-bisepoxy-5beta-hydroxy-8alpha-methacryloyloxy-germacra-",1,0.69,0.22857142857142856,False
CC(=CCc1c(cc(c(c1O)O)CC=C(C)C)[C@@H]1CC(=O)c2c(O1)cc(cc2O)O)C,sigmoidin,1,0.681199083422392,0.6666666666666666,True
Oc1ccccc1Cc1c(O)c(Cc2ccccc2O)c(c2c1O[C@@H](CC2=O)c1ccccc1)O,dichamanetin,1,0.6806179197110915,0.5,True
O=CC1C[C@H]2OC(=O)C(=C)[C@@H]2[C@@H](OC(=O)/C(=C\C)/C)C[C@@]2([C@@H]([C@H](C1)O)O2)C,"8alpha-angeloyloxy-1beta,10alpha-epoxy-2alpha-hydroxy-l5-oxo-germacr-11(13)-en-12,6alpha-olide",1,0.6781536291070271,0.1927710843373494,False
COc1cc(OC)c2c(c1/C=C/C(O)(C)C)OC(CC2=O)c1ccccc1,"(2S)-5,7-dimethoxy-8-(3-hydroxy-3-methylbut-1Z-enyl)flavanone",1,0.677516185302803,0.5517241379310345,True
CC(=CCc1c(cc(c(c1CC=C(C)C)O)O)[C@@H]1CC(=O)c2c(O1)cc(cc2O)O)C,abyssinin,1,0.6750768112925032,0.631578947368421,True
COc1c(Cc2cc(ccc2O)Cc2ccccc2O)c(O)c2c(c1Cc1cc(ccc1O)Cc1ccccc1O)O[C@@H](CC2=O)c1ccccc1,uvarinol,1,0.6701390605441989,0.53125,True
COc1cc(O)c(c2c1C(=O)C[C@H](O2)c1ccccc1)CC=C(C)C,(2S)-7-hydroxy-5-methoxy-8-prenylflavanone,1,0.6667515504460648,0.7192982456140351,True
COC(=O)C[C@H]1C(C)(C)C(=O)C=C[C@]1(C)[C@H]1[C@@H](OC(=O)C)[C@H](OC(=O)C)[C@@]2([C@]3(C1(C)C)O[C@@H]3C[C@H]2C1=CC(=O)OC1O)C,11-epi-21-hydroxytoonacilide,1,0.6665391621129325,0.23655913978494625,False
COc1c(O)cc(c2c1oc(cc2=O)c1ccccc1)OC,"7-hydroxy-5,8-dimethoxyflavone",1,0.6664274418875007,0.4791666666666667,False
COc1cc(OC)c2c(c1/C=C\C(O)(C)C)oc(cc2=O)c1ccccc1,"5,7-dimethoxy-8-(3-hydroxy-3-methylbut-1Z-enyl)flavone",1,0.6641579524588724,0.38596491228070173,False
O=C1C[C@H](Oc2c1c(O)c(c(c2)O)Cc1ccccc1O)c1ccccc1,isochamanetin,1,0.661401481419674,0.6122448979591837,True
COc1ccc(cc1O)[C@@H]1CC(=O)c2c(O1)cc(cc2O)O,hesperetin,1,0.6603523719559503,1.0,True
COc1cc2c(cc1OC)OC[C@@H]1[C@@]2(O)C(=O)c2c(O1)c1c(cc2)OC2C1C2(C)C,sarcolobine,1,0.66,0.2753623188405797,False
COc1ccc2c(c1/C=C/C(O)(C)C)oc(cc2=O)c1ccccc1,lanceolatin,1,0.6557815358906629,0.4716981132075472,False
OC/C(=C/COc1cc2O[C@H](c3ccc(cc3)O)[C@H](C(=O)c2c(c1)O)O)/C,uguenenprenol,1,0.654762178791207,0.4406779661016949,False
OC/C(=C\COc1cc2OC(c3ccc(cc3)O)[C@H](C(=O)c2c(c1)O)O)/C,uguenenprenol,1,0.654762178791207,0.4406779661016949,False
COc1cc(cc(c1O)CC=C(C)C)[C@@H]1CC(=O)c2c(O1)cc(cc2O)O,abyssinin,1,0.6506586473653538,0.7192982456140351,True
COc1ccc2c(c1OC)n(C)c1c(c2=O)c(OC)c2c(c1)OCO2,6-methoxytecleanthine,1,0.6505152722979344,0.5,True
Oc1ccc(cc1)C1Oc2cc(O)cc(c2C(=O)C1C1C(Oc2c(C1=O)c(O)cc(c2)O)c1ccc(cc1)O)O,chamaejasmin,1,0.6501610372400404,0.5813953488372093,True
CC(=CCc1cc(ccc1O)c1cc(=O)c2c(o1)cc(cc2O)O)C,3'-prenylnaringenin,1,0.6477937182860393,0.6792452830188679,True
COc1ccc(cc1)c1cc(=O)c2c(o1)c([C@@H]1OC[C@@H]([C@H](C1O)O)O)c(c(c2O)[C@@H]1OC[C@@H]([C@@H](C1O)O)O)OC,"7-hydroxy-5,8-dimethoxyflavone",1,0.6450293336322236,0.3492063492063492,False
O=C1CC(Oc2c1c(O)cc1c2C=CC(O1)(C)C)c1ccccc1,obovatin,1,0.6427820086685,0.5283018867924528,True
COc1cc(cc2c1OC(C)(C)C=C2)C1CC(=O)c2c(O1)cc(cc2O)O,abyssinin,1,0.6410233297287837,0.5833333333333334,True
C/C=C(\C(=O)O[C@H]1C[C@@]2(C)O[C@@H]2[C@H]2O[C@H]2C(=C)[C@@H]([C@@H]2[C@@H]1C(=C)C(=O)O2)O)/C,"8alpha-angeloyloxy-1beta,10alpha,4alpha,5beta-bisepoxy-3beta-hydroxygermacr-11(13)-en-12,6alpha-olide",1,0.64,0.22535211267605634,False
Cc1c2O[C@@H](CC(=O)c2c(c(c1O)C)O)c1ccccc1,demethoxymatteucinol,1,0.6298422699103585,0.75,True
OC[C@H]1OC(O[C@@H]2C(O[C@@H]([C@H]([C@@H]2O)O)C)Oc2ccc(c3c2oc(c2ccc(c(c2)O)O)c(c3=O)O)O)[C@@H]([C@H]([C@@H]1O)O)O,quercetin,1,0.6295902612500853,0.47674418604651164,False
COc1cc(O)c(cc1c1oc2c(c1)ccc(c2)O)OC,eryvarin,1,0.6283311356742904,0.5490196078431373,True
COC(=O)C[C@@H]1[C@@]2(C)[C@@H](OC(=O)/C=C/c3ccccc3)C[C@H]([C@@]3([C@@H]2[C@H]([C@@H]2[C@@]1(C)C1=C(C)[C@@H](C[C@H]1O2)c1ccoc1)OC3)C)OC(=O)C,ohchinin-3-acetate,1,0.6229571663920922,0.20833333333333334,False
COc1cc2O[C@H](c3ccc(cc3)O)[C@H](C(=O)c2c(c1)O)O,7-O-methylaromadendrin,1,0.6198380325804237,0.5416666666666666,True
CC(=CCc1c2O[C@@H](CC(=O)c2cc(c1O)CC=C(C)C)c1ccc(c(c1)CC=C(C)C)O)C,postratol,1,0.616364581856046,0.6785714285714286,True
Cn1nncc1CNCCn1nncc1,4'-O-methylabyssinone,1,0.6145645263827082,0.32558139534883723,False
COc1c2OCOc2cc2c1c(=O)c1c(n2C)c(OC)ccc1,tecleanthine,1,0.6105152722979343,0.4642857142857143,False
COc1cc2OC(C)(C)C=Cc2c2c1C(=O)C[C@H](O2)c1ccc(cc1)O,"(2S)-4'-hydroxy-5-methoxy-6'',6''-dimethylpyrano[2'',3'':7,8]flavanone",1,0.6061837907612729,0.4603174603174603,False
Oc1ccc2c(c1)O[C@@H]1[C@H]2COc2c1ccc1c2C=CC(O1)(C)C,shinpterocarpin,1,0.6059507459152261,0.35384615384615387,False
OC[C@@H]1OC(O[C@@H]2C(OC[C@H]([C@H]2O)OC2O[C@H](C)[C@H]([C@@H]([C@@H]2O)O)O)O[C@H]2CC[C@]3(C(C2(C)C)CC[C@@]2(C3CC=C3[C@@]2(C)CC([C@@]2(C3CC(C)(C)[C@H]([C@@H]2OC(=O)C)OC(=O)/C(=C/C)/C)CO)O)C)C)[C@H]([C@@H]([C@@H]1O)O)O,"16alpha,28-dihydroxy-22alpha-acetyl-21beta-angeloylolean-12-ene",1,0.6046923041397965,0.3391304347826087,False
OC[C@H]1C[C@@H](Oc2c(oc3c(c2=O)c(O)cc(c3)O)c2ccc(c(c2)O)O)[C@@H]([C@H]([C@@H]1O)O)O,quercetin-3-O-beta-D-glucopyranoside,1,0.6043714215883828,0.42028985507246375,False
CC(C1CCC2(C(C1=O)C(=C)CCC2=O)C)C,"platambin-1,6-dione",1,0.6029571663920923,0.3584905660377358,False
Oc1ccc(cc1)[C@H]1Oc2cc(O)cc(c2C(=O)[C@H]1O[C@@H]1O[C@@H](C)[C@@H]([C@H]([C@H]1O)O)O)O,isoangoletin,1,0.6024195863636103,0.4675324675324675,False
COc1cc2oc(cc(=O)c2c(c1c1coc(c(c1=O)OC)C)O)c1ccccc1,hoslundin,1,0.6010598010321868,0.423728813559322,False
OC[C@H]1OC(Oc2cc(O)c3c(c2)O[C@@H]([C@H](C3=O)[C@@H]2[C@H](Oc3c(C2=O)c(O)cc(c3)OC2O[C@H](CO)[C@H]([C@@H]([C@H]2O)O)O)c2ccc(cc2)O)c2ccc(cc2)O)[C@@H]([C@H]([C@@H]1O)O)O,"7,7''-beta-diglucoside",1,0.6000921001798214,0.5540540540540541,True
N#CC1CCC2(C1)O[C@H]([C@H](O2)C)C,"(2R,3R)-spiro-2,3-dimethyl-1,4-dioxolane-5,1',3'-cyanocyclopentane",1,0.6,0.16071428571428573,False
CC(=CCc1ccc2c(c1)[nH]cc2n1ccc2c1cc(CC=C(C)C)cc2)C,3-[6-(3-methyl-but-2-enyl)-1H-indolyl]-6-(3-methyl-but-2-enyl)-1H-indole,1,0.5988714991762767,0.2413793103448276,False
CCC(C(O)(C)C)Oc1c2OCC(C(=O)c2c(c(c1OC(C(O)(C)C)CC)CC=C(C)C)O)c1ccc(c(c1)CC=C(C)C)O,"5,4'-dihydroxy-6-(3""'-methylbut-2""'-enyl)-2""-hydroxyisopropyl",1,0.5981013568475412,0.379746835443038,False
COc1cc(O[C@@H]2O[C@H](CO[C@@H]3OC[C@H]([C@@H]([C@H]3O)O)O)[C@H]([C@@H]([C@H]2O)O)O)c2c(c1)oc(cc2=O)c1ccc(cc1)O,yuankanin,1,0.597146521355711,0.3142857142857143,False
CC(=CCc1cc2c(cc1O)OC[C@@H]1[C@H]2Oc2c1ccc(c2)O)C,calopocarpin,1,0.5971421029620231,0.45161290322580644,False
CC(=CCc1cc(ccc1O)Cc1cc2c(o1)cc(cc2)O)C,2-(p-hydroxy-3-(3-methylbut-2-en-1-yl)benzyl)benzofuran-6-ol,1,0.5967526059382307,0.4909090909090909,False
OCC(CCOc1cc2OC(CC(=O)c2c(c1)O)c1ccc(c(c1)O)OC)C,veprisiniol,1,0.5962003460121766,0.6610169491525424,True
COc1cc2c(cc1OC)CC[C@@H]1[C@@]2(O)C(=O)c2c(O1)cc1c(c2)cco1,12-hydroxyerosone,1,0.5959634253826029,0.2676056338028169,False
COc1cc(c2cc(=O)c3c(o2)cc(cc3O)O)c(c(c1OC)OC)OC,"5,7-dihydroxy-2',3',4',5'-tetramethoxyflavone",1,0.5934842537383211,0.5,True
COc1c2OCC3C(c2cc2c1occ2)Oc1c3cc2c(c1)OCO2,4-methoxyneoduline,1,0.5917351377477043,0.24242424242424243,False
COc1cc(O)c2c(c1O)c(O)c(cc2)C/C=C(\CC/C=C(\CC/C=C(/CC/C=C(/CCC=C(C)C)\C)\C)/C)/C,"1,4,5-trihydroxy-3-methoxy-6-(3,7,11,15,19-pentamethyleicosa-2,6,10,14,18-pentaenyl)naphthalene",1,0.5912277701778386,0.4084507042253521,False
COc1cc(O)ccc1C1=CCOc2c1ccc1c2C=CC(O1)(C)C,"4'-hydroxy-2'-methoxy-2"",2""-dimethylpyrano[5"",6"":8,7]isoflav-3-ene",1,0.5910711621661943,0.34328358208955223,False
COC(=O)C[C@@H]1C2C(=O)C([C@H](C1(C)C)OC(=O)/C(=C\C)/C)CC1=C3[C@](CCC21)(C)[C@@H](OC(=O)C3)c1ccoc1,ekeberin,1,0.59,0.21212121212121213,False
COC(=O)C[C@H]1C(C)(C)C(=O)[C@H]2C(=O)C1(C)[C@H]1CC[C@@]3(C(=C1C2)CC(=O)O[C@H]3c1ccoc1)C,mexicanolide,1,0.59,0.21212121212121213,False
COC(=O)C[C@@H]1OC([C@H]2[C@@]1(CO)[C@H]1CC[C@@]3([C@]4([C@@]1(C(=O)C2)C)O[C@@H]4C(=O)O[C@H]3c1cocc1)C)(C)C,methyl,1,0.59,0.2159090909090909,False
COc1ccc(cc1)[C@H]1Oc2cc(O)cc(c2C(=O)[C@@H]1[C@@H]1[C@H](Oc2c(C1=O)c(OC)cc(c2)O)c1ccc(cc1)OC)OC,"4',4''',5,5''-tetramethylchamaejasmin",1,0.5894950932187031,0.43859649122807015,False
C/C=C(/C(=O)O[C@H]1[C@H](O)[C@]2(CO)C(O)C[C@@]3(C(=CCC4[C@@]3(C)CCC3[C@]4(C)CC[C@@H](C3(C)C)OC3OC[C@H]([C@@H]([C@H]3OC3O[C@H](COC4O[C@H](C)[C@H]([C@@H]([C@@H]4O)O)O)[C@H]([C@@H]([C@H]3O)O)O)O)O)C2CC1(C)C)C)\C,"16alpha,22alpha,28-trihydroxy-21beta-angeloyloleanan-12-ene",1,0.5892568305225047,0.32456140350877194,False
Oc1ccc2c(c1)O[C@@H]1[C@H]2COc2c1cc1C=CC(Oc1c2)(C)C,neorautenol,1,0.5876858836629303,0.359375,False
CC(=CCc1cc2c(cc1O)OCc1c2oc2c1ccc(c2CC=C(C)C)O)C,erycristagallin,1,0.5861303173583023,0.4307692307692308,False
COc1cc2c(cc1OC)OC[C@H]1[C@]2(O)C(=O)c2c(O1)c1C[C@@H](Oc1cc2)C(=C)C,12-hydroxyrotenone,1,0.5855745341614907,0.2727272727272727,False
COc1cc(O)c(cc1CC=C(C)C)C1COc2c(C1=O)c(O)cc(c2)O,"5,7,2'-trihydroxy-4'-methoxy-5'-(3""-methylbut-2""-enyl)isoflavanone",1,0.5833803005556379,0.44776119402985076,False
OC1CCC(O)C(O)C[C@]2(O)CC(O)C(C(O2)CC(/C=C/C=C/C=C/C=C/CC/C=C/C=C/[C@@H]([C@H]([C@H]([C@@H](OC(=O)CC(CC(C1)O)O)C)C)O)C)O[C@H]1O[C@H](C)[C@H]([C@@H]([C@@H]1O)N)O)C(=O)O,nystatin,1,0.5812277701778386,0.19834710743801653,False
COc1cc2c(cc1OC)OC[C@@H]1[C@@]2(O)C(=O)c2c(O1)c1C=CC(Oc1cc2)(C)C,tephrosin,1,0.5811490683229814,0.2777777777777778,False
O=c1cc(oc2c1ccc1c2cco1)c1ccccc1,lanceolatin,1,0.5809176963662864,0.625,True
COc1c(O)cc2c(c1O)c(=O)c(c(o2)c1ccc(cc1)O)OC1O[C@H](COC2O[C@H](C)[C@H]([C@@H]([C@@H]2O)O)O)[C@@H]([C@@H]([C@H]1OC1O[C@H](C)[C@H]([C@@H]([C@@H]1O)O)O)O)O,3-O-alpha-rhamnopyranosyl(1→2)[alpha-rhamnopyranosyl(1→6)]-beta-galactopyranoside,1,0.5804846007003432,0.4148936170212766,False
OCc1cc(O)c2c(c1)C(OC1O[C@H](CO)[C@H]([C@@H]([C@H]1O)O)O)(c1ccc3c(c1O)C(=O)c1c(C3=O)cc(cc1O)CO)c1c(C2=O)c(O)ccc1,elgonicardine,1,0.5800421216675471,0.2857142857142857,False
C=C1[C@@H](C)CC[C@]2([C@H]1CC=C1[C@]2(O)[C@H](O)OC1=O)C,11alpha-hydroxymuzigadiolide,1,0.58,0.28125,False
OC[C@@]12O[C@@H]1[C@@H]1[C@@H]3O[C@@]45O[C@@]1([C@@H]1[C@]([C@H]2O)(O)C(=O)[C@@H](C1[C@H](C)CCCCCCCC/C=C\C=C\C=C\4)C)[C@H]([C@H]([C@]3(O5)C(=C)C)OC(=O)C)C,kirkinine,1,0.58,0.18691588785046728,False
COc1c(cc(c(c1O)OC)OC)c1cc(=O)c2c(o1)cc(cc2O)O,"5,7,3'-trihydroxy-2',4',5'-trimethoxyflavone",1,0.5792993171683903,0.4897959183673469,False
CC(=CCc1cc(ccc1O)c1coc2c(c1=O)ccc(c2CC=C(C)C)O)C,erysubin,1,0.5763054757572684,0.5423728813559322,True
C=C1CCCC2C1CC1C(C2)(C)C(C2(C1(O)c1c(=O)cc(oc1C(C2=O)(C)C)c1ccccc1)C)(C)C,acuminavone,1,0.5756345326892426,0.26666666666666666,False
OCC(=C)C(=O)O[C@H]1C[C@@]2(C)OC(=O)[C@@H]([C@]2(O)CC[C@@]2([C@@H]([C@@H]3C1=C(COC(=O)C)C(=O)O3)O2)C)CC,"16,17-dihydrobrachycalyxolide",1,0.5729571663920923,0.1958762886597938,False
OC[C@H]1O[C@H](Oc2cc3oc(cc(=O)c3c(c2[C@@H]2O[C@H](CO)[C@H]([C@@H]([C@H]2O)O)O)O)c2ccc(cc2)O)[C@@H]([C@H]([C@H]1O)O)O,isovitexin,1,0.5723932360277053,0.359375,False
OC[C@H]1O[C@@H](Oc2cc3oc(cc(=O)c3c(c2[C@@H]2O[C@H](CO)[C@H]([C@@H]([C@H]2O)O)O)O)c2ccc(cc2)O)[C@@H]([C@H]([C@@H]1O)O)O,isovitexin,1,0.5723932360277053,0.359375,False
OC[C@H]1OC(O[C@H]2CC[C@]3(C(C2(C)C)CC[C@@]2(C3CC[C@@]34[C@@]2(C)CC([C@@]2(C3CC(C)(C)[C@H]([C@@H]2OC(=O)C)OC(=O)/C(=C/C)/C)C(=O)O4)OC(=C)C)C)C)[C@@H]([C@H]([C@@H]1OC1O[C@H](CO)[C@H]([C@@H]([C@H]1O)O)O)O)OC1O[C@H](CO)[C@H]([C@@H]([C@H]1O)O)O,"16alpha,22alpha-diacetyl-21beta-angeloyloleanane-13beta:28-olide",1,0.5721870240633566,0.23529411764705882,False
CC(=O)O[C@H]1[C@H]2[C@@H](OC1(C)C)Oc1c2c2oc(cc(=O)c2cc1)c1ccccc1,(-)-semiglabrin,1,0.5711197460272971,0.4166666666666667,False
CO[C@@H]1C[C@@]2(O)[C@H]3[C@H]([C@@H]1C[C@H]3[C@@]13[C@H]4[C@]2(O)C[C@@H]1[C@@](CN4CC)(C)CC[C@@H]3O)O,leroyine,1,0.57,0.2,False
O[C@@H]1O[C@@H]2COC(=O)c3cc(O)c(c(c3c3c(O)c(O)c4c5c3c(=O)oc3c(c(c(c6c(C(=O)O[C@H]2[C@H]2[C@H]1OC(=O)c1cc(O)c(c(c1c1c(C(=O)O2)cc(c(c1O)O)O)O)O)cc(O)c(c6O)O)c(c(=O)o4)c53)O)O)O)O,punicalagin,1,0.57,0.23684210526315788,False
COc1c(OC)ccc2c1n(C)c(=O)c1c2OC(C)(C)C=C1,"4H-1-benzopyran-4-one,",1,0.57,0.3220338983050847,False
OC[C@H]1OC(Oc2cc3O[C@H](c4ccc(cc4)OC(=O)C)[C@H](C(=O)c3c(c2)OC(=O)C)[C@@H]2[C@H](Oc3c(C2=O)c(OC(=O)C)cc(c3)OC2O[C@H](COC(=O)C)[C@H]([C@@H]([C@H]2OC(=O)C)OC(=O)C)OC(=O)C)c2ccc(cc2)OC(=O)C)[C@@H]([C@H]([C@@H]1O)O)O,dodecacetylormocarpin,1,0.57,0.3917525773195876,False
CC(=O)O[C@@H]1[C@@H]2[C@@]34CC(=O)C[C@@H]3OC([C@@H]4CC(=O)[C@@]2(C)C2=CC[C@H]([C@@]2([C@H]1OC(=O)C)C)c1ccoc1)(C)C,"11beta,12alpha-Diacetoxyneotecleanin",1,0.57,0.23255813953488372,False
OC1O[C@@H]2COC(=O)c3cc(O)c(c(c3c3c(O)c(O)c4c5c3c(=O)oc3c(c(c(c6c(C(=O)O[C@H]2[C@H]2[C@H]1OC(=O)c1cc(O)c(c(c1c1c(C(=O)O2)cc(c(c1O)O)O)O)O)cc(O)c(c6O)O)c(c(=O)o4)c53)O)O)O)O,punicalagin,1,0.57,0.23684210526315788,False
N#C/C=C\1/C=C[C@H]([C@@H]([C@H]1O[C@@H]1O[C@H](CO)[C@H]([C@@H]([C@H]1O)O)O)O)O,lithospermoside,1,0.57,0.27710843373493976,False
COc1cc(c2cc(=O)c3c(o2)cc(cc3O)O)c(c(c1O)OC)OC,"5,7,4'-trihydroxy-2',3',5'-trimethoxyflavone",1,0.5696964544486132,0.5,True
OC[C@H]1O[C@@H](Oc2cc(O)c3c(c2)oc(cc3=O)c2ccc(c(c2)O)O)[C@@H]([C@H]([C@@H]1O)O)O[C@@H]1O[C@@H](C)[C@@H]([C@H]([C@H]1O)O)O,luteolin,1,0.56931819908954,0.5487804878048781,True
OC[C@H]1O[C@@H](Oc2c(oc3c(c2=O)c(O)cc(c3)O)c2ccc(c(c2)O)[O-])[C@@H]([C@H]([C@H]1O)O)O,quercetin,1,0.5692157319667157,0.3835616438356164,False
C=CC(c1cc2C=C(COc2cc1O)c1ccc(cc1OC)O)(C)C,"7,4'-dihydroxy-2'-methoxy-6-(1"",1""-dimethylallyl)isoflav-3-ene",1,0.5673293097487317,0.2692307692307692,False
COc1c(O)cc2c(c1O)c(=O)c(c(o2)c1ccc(c(c1)O)O)OC,"3',4',5,7-tetrahydroxy-3,6-dimethoxyflavone",1,0.566594221266395,0.6101694915254238,True
OC[C@H]1OC(O[C@H]2C(O[C@@H]([C@H]([C@@H]2O)O)COC2OC[C@H]([C@H]([C@@H]2O)O)O)O[C@H]2CC[C@]3([C@H](C2(C)C)CC[C@@]2(C3CC=C3[C@@]2(C)CC[C@]24[C@H]3CC(C)(C)[C@H](C2)OC4=O)C)C)[C@@H]([C@H]([C@@H]1O)O)O,3beta-{O-D-glucopyranosyl-(1→2)-[O-alpha-L-arabinopyranosyl(1→6)]beta-D-glucopyranosyloxy}-machaerinic,1,0.5662996641304124,0.3119266055045872,False
OC[C@@H]1OC(O[C@@H]2C(OC[C@H]([C@H]2OC2O[C@H](COC3O[C@H](C)[C@H]([C@@H]([C@@H]3O)O)O)[C@H]([C@@H]([C@H]2O)O)O)O)O[C@H]2CC[C@]3(C(C2(C)C)CC[C@@]2(C3CC=C3[C@@]2(C)CC([C@@]2(C3CC(C)(C)C[C@@H]2OC(=O)C)C=O)O)C)C)[C@H]([C@@H]([C@H]1O)O)O,22alpha-acetyl-16alpha-hydroxyolean-12-en-28-al,1,0.5662996641304123,0.36036036036036034,False
COc1cc2OC[C@@H]3[C@H](c2c(c1C)O)Oc1c3ccc(c1)O,"1,9-dihydroxy-3-methoxy-2-methylpterocarpan",1,0.5659507459152261,0.4166666666666667,False
COc1c(ccc(c1CC=C(C)C)O)C1=Cc2c(OC1)cc(cc2)O,bidwillol,1,0.565920074317635,0.40298507462686567,False
Oc1cc(O)c2c(c1)oc(c(c2=O)OC1O[C@H](C)[C@H]([C@@H]([C@@H]1OC1O[C@H](C)[C@H]([C@@H]([C@@H]1O)O)O)O)OC1O[C@H](C)[C@H]([C@@H]([C@@H]1O)O)O)c1ccc(c(c1)O)O,quercetin,1,0.5654444895349868,0.38666666666666666,False
OCC1O[C@H](C([C@H]([C@@H]1O)O)O)c1c(O[C@@H]2OC(C)[C@@H]([C@@H](C2O)O)O)cc2c(c1O)c(=O)cc(o2)c1ccc(cc1)O,isovitexin,1,0.5648715432529049,0.39325842696629215,False
CC(=O)OC1CCC2(C(C1(C)C)CCC1(C2CC=C2C1(C)CCC1(C2CC(C)(C)CC1)C)C)C,beta-amyrin,1,0.5646923041397964,0.6212121212121212,True
CC(=O)O[C@@H]1CC[C@]2([C@H](C1(C)C)CC[C@@]1([C@@H]2CC=C2[C@@]1(C)CC[C@@]1([C@H]2CC(C)(C)CC1)C)C)C,3-acetoxy-beta-amyrin,1,0.5646923041397964,0.6212121212121212,True
CC(=O)O[C@H]1CC[C@]2([C@H](C1(C)C)CC[C@@]1([C@@H]2CC=C2[C@@]1(C)CC[C@@]1([C@H]2CC(C)(C)CC1)C)C)C,3-acetoxy-alpha-amyrin,1,0.5646923041397964,0.6212121212121212,True
OC[C@H]1OC(OC[C@H]2OC(O[C@H]3CC[C@]4(C(C3(C)C)CC[C@@]3(C4CC=C4[C@@]3(C)CC([C@@]3(C4CC(C)(C)CC3)CO)O)C)C)[C@@H]([C@H]([C@@H]2O)O)OC2O[C@@H]([C@H]([C@@H]([C@H]2O)O)O)C(C(=O)c2cc(O)c(c(c2)O)O)O)[C@@H]([C@H]([C@@H]1O)O)O,"16alpha,28-dihydroxyolean-12-ene",1,0.5644010209779536,0.2782608695652174,False
COc1cc(O)ccc1C1=Cc2c(OC1)c(CC=C(C)C)c(cc2)O,"7,4'-dihydroxy-2'-methoxy-8-(3"",3""-dimethylallyl)isoflav-3-ene",1,0.5638083487603109,0.43283582089552236,False
C/C(=C\CC/C(=C/CC12C=CC(C1)C(=O)N2)/C)/CC/C=C(/CCC=C(C)C)\C,"1-((2E,6E,10E)-3,7,11,15-tetramethylhexadeca-2,6,10,14-tetraenyl)-2-azabicyclo[2.2.1]hept-5-en-3-one",1,0.5629629079255428,0.2714285714285714,False
COc1cc2oc(cc(=O)c2c(c1c1coc(c(c1=O)OC)C)OC)c1ccccc1,5-O-methylhoslundin,1,0.5623230979352722,0.44642857142857145,False
OC[C@H]1OC(Oc2cc(O)cc3c2C(=O)c2c(C3=O)cc(cc2O)C)[C@@H]([C@H]([C@@H]1O)O)O,emodin,1,0.562177756946825,0.36585365853658536,False
OC[C@H]1O[C@@H](Oc2cc(O)cc3c2C(=O)c2c(C3=O)cc(cc2O)C)[C@@H]([C@H]([C@@H]1O)O)O,emodin,1,0.562177756946825,0.36585365853658536,False
OC[C@H]1O[C@@H](Oc2cc(O)c3c(c2)oc(cc3=O)c2ccc(c(c2)O)O)[C@@H]([C@H]([C@@H]1O)O)O,luteolin,1,0.5614044182470486,0.4067796610169492,False
OC[C@H]1O[C@@H](Oc2cc(O)c3c(c2)oc(cc3=O)c2ccc(c(c2)O)O)[C@@H]([C@H]([C@H]1O)O)O,luteolin,1,0.5614044182470486,0.4067796610169492,False
C/C(=C\CC1=CC(=O)C=C(C1=O)c1oc2c(c1)cc(cc2C/C=C(/CCC=C(C)C)\C)O)/CCC=C(C)C,"2-(3,7-dimethylocta-2,6-dienyl)-6-[7-(3,7-dimethylocta-2,6-dienyl)-5-hydroxybenzofuran-2-yl]-[1,4]benzoquinone",1,0.561237202937434,0.36486486486486486,False
O[C@@H]1CC[C@@H](O)[C@H](O)C[C@H](O)C[C@]2(O)C[C@H](O)[C@H]([C@@H](O2)C[C@H](/C=C/C=C/C=C/C=C/C=C/C=C/C=C/[C@@H]([C@H]([C@H]([C@@H](OC(=O)C[C@@H](C1)O)C)C)O)C)O[C@@H]1O[C@H](C)[C@H]([C@@H]([C@@H]1O)N)O)C(=O)O,amphotericin,1,0.5612277701778386,0.2033898305084746,False
OC[C@H]1O[C@@H](OC(=O)[C@]23C[C@H](OC(=O)c4ccccc4N)C(C[C@H]2C2=CC[C@H]4[C@@]([C@@]2(C[C@H]3O)C)(C)CC[C@@H]2[C@]4(C)CC[C@@H](C2(C)C)O[C@@H]2O[C@H](CO[C@@H]3O[C@H](C)[C@@H]([C@@H]([C@H]3O[C@@H]3OC[C@H]([C@@H]([C@H]3O)O)O)O)O)[C@H]([C@@H]([C@H]2NC(=O)C)O)O)(C)C)[C@@H]([C@H]([C@@H]1O)O)O[C@@H]1O[C@@H](C)[C@@H]([C@H]([C@@H]1O)O[C@@H]1O[C@H](CO)[C@H]([C@@H]([C@H]1O)O)O)O[C@@H]1O[C@H]([C@@H]([C@H]1O)O)CO,3-O-[beta-,1,0.5604846007003432,0.26811594202898553,False
COc1cc(O)ccc1c1oc2c(c1)cc(c(c2)O)C(C=C)(C)C,"2-arylbenzofuran,",1,0.5604557704457871,0.43548387096774194,False
CCCCCCCCCCCCC/C=C/[C@@]12O[C@H]3[C@](O1)(C(=C)C)[C@@H]([C@H]([C@@]1(O2)[C@H]3[C@@H]2O[C@@]2([C@H]([C@]2([C@H]1C=C(C2=O)C)O)O)CO)C)OC(=O)C,kirkinine,1,0.56,0.1724137931034483,False
Cn1cncc1c1ccc2c(n1)cccc2,neomacroin,1,0.56,0.2653061224489796,False
CC(=O)Oc1ccc2c(c1[C@H]1COC([C@H]1OC(=O)C)(C)C)OC(CC2=O)c1ccccc1,terpurinflavone,1,0.56,0.4032258064516129,False
CCCCCCCCC/C=C/C=C/C12O[C@H]3[C@](O1)(C(=C)C)[C@@H]([C@H]([C@@]1(O2)C3C2O[C@@]2([C@H]([C@]2(C1C=C(C2=O)C)O)O)CO)C)OC(=O)C,12beta-acetoxyhuratoxin,1,0.56,0.16666666666666666,False
OC[C@H]1OC(O[C@H]2C(O[C@@H]([C@H]([C@@H]2O)O)COC2O[C@H](C)[C@H]([C@@H]([C@@H]2O)O)O)O[C@H]2CC[C@]3(C(C2(C)C)CC[C@@]2(C3CC=C3[C@@]2(C)CC([C@@]2(C3CC(C)(C)C[C@@H]2O)CO)O)C)C)[C@@H]([C@H]([C@@H]1O)O)O,"16alpha,22alpha,28-trihydroxyolean-12-ene",1,0.5597356896893974,0.32989690721649484,False
Oc1cc(O)c2c(c1)oc(c(c2=O)O[C@@H]1OC[C@@H]([C@@H]([C@H]1O)O)O)c1ccc(c(c1)O)O,quercetin,1,0.5592436009499082,0.42105263157894735,False
OC[C@H]1OC(O[C@H]2CC[C@]3([C@H](C2(C)C)CC[C@@]2(C3CC=C3[C@@]2(C)CC[C@]24[C@H]3CC(C)(C)[C@H](C2)OC4=O)C)C)[C@@H]([C@H]([C@@H]1O)O)OC1O[C@H](CO)[C@H]([C@@H]([C@H]1O)O)O,3beta-O-beta-D-glucopyranosiduronic,1,0.5576494705318887,0.35051546391752575,False
COc1cc(O)c(c2c1[C@H](C)N(C)[C@H](C2)C)c1ccc(c2c1cc(C)cc2OC)OC,ancistrobertsonine,1,0.5575697859945179,0.28169014084507044,False
CC(=CCc1cc(cc2c1OC(C)(C)C=C2)C1CC(=O)c2c(O1)cc(cc2)O)C,abyssinone,1,0.5572501543612508,0.6507936507936508,True
OC[C@@H]1CC[C@]2([C@@H](C1)[C@]1(C)CC[C@@]3(C(=CC=C4C3=CC(=O)C(=C4C)O)[C@]1(CC2)C)C)C,isoiguesterinol,1,0.5568793282031531,0.2235294117647059,False
OC[C@H]1CC[C@]2([C@@H](C1)[C@]1(C)CC[C@@]3(C(=CC=C4C3=CC(=O)C(=C4C)O)[C@]1(CC2)C)C)C,20-epi-isoiguesterinol,1,0.5568793282031531,0.2235294117647059,False
CC1(C)C=Cc2c(O1)c1[nH]cc(c1cc2)CC1OC1(C)C,"2',3'-epoxyasteranthine",1,0.5545645263827081,0.18571428571428572,False
CC1(C)C=Cc2c(O1)c1[nH]cc(c1cc2)C[C@@H]1OC1(C)C,"(+)-(S)-dihydro-2',3'-epoxyasteranthine",1,0.5545645263827081,0.18571428571428572,False
CC1(C)C=Cc2c(O1)c1[nH]cc(c1cc2)C[C@H]1OC1(C)C,"(-)-(R)-dihydro-2',3'-epoxyasteranthine",1,0.5545645263827081,0.18571428571428572,False
CC(=O)O[C@H]1CC[C@]2([C@H](C1(C)C)CC[C@@]1([C@@H]2CC[C@@]23[C@@]1(C)C[C@H]([C@@]1([C@H]2CC(C)(C)CC1)C(=O)O3)O)C)C,"3beta-acetyl-16alpha-hydroxyoleanane-13beta,28-olide",1,0.5534702754954084,0.38271604938271603,False
COc1c(c2c(C[C@H]3c4cc(c(cc4CCN3C2)OC)OC)cc1)OC,(-)-tetrahydropalmatine,1,0.5533188021213643,0.28125,False
CC(=CCc1c(O)ccc2c1O[C@@H]1[C@H]2COc2c1ccc(c2)O)C,phaseollidin,1,0.5530357791251267,0.5,True
COc1ccc2c(c1CC=C(C)C)O[C@@H]1[C@@]2(O)COc2c1ccc(c2)O,erythrabyssin,1,0.5529571663920922,0.4,False
COc1cc2OC[C@@H]3[C@H](c2cc1CC=C(C)C)Oc1c3ccc(c1)O,3-O-methylcalopocarpin,1,0.5529571663920922,0.463768115942029,False
OC[C@H]1O[C@@H](Oc2cc(O)c3c(c2)oc(cc3=O)c2ccc(c(c2)O)OC2O[C@H](CO)[C@H]([C@@H]([C@H]2O)O)O)[C@@H]([C@H]([C@@H]1O)O)O,luteolin,1,0.5517840080598259,0.4,False
OC[C@H]1O[C@@H](Oc2cc(O[C@@H]3O[C@@H](C)[C@@H]([C@H]([C@H]3OC(=O)C)OC(=O)C)O)cc3c2C(=O)c2c(C3=O)cc(cc2O)C)[C@@H]([C@H]([C@@H]1O)O)O,glucofrangulin,1,0.5509499867689864,0.4222222222222222,False
COC(=O)C[C@@H]1[C@@]2(C)[C@H]3CC[C@@]4(C(=C3C[C@H](C2=O)[C@H](C1(C)C)O)CC(=O)O[C@H]4c1cocc1)C,proceranolide,1,0.55,0.2222222222222222,False
CC(C1=C2[C@H]3CC[C@H]4[C@@H]5[C@@H]([C@]3(C)CC[C@]2(CC1)C)O[C@H]1[C@]5(O)[C@]2(O[C@@H]4O[C@]2(CO1)O)O)C,laxitextine,1,0.55,0.18421052631578946,False
COc1c(OC)ccc2c1O[C@@H]1COc3c([C@]1(C2=O)O)cc1c(c3)OCO1,(+)-usararotenoid-B,1,0.55,0.3333333333333333,False
COc1ccc2c(c1CC=C(C)C)O[C@H]1[C@@](C2=O)(O)c2cc3OCOc3cc2OC1,"(6aR,12aS)-2,3-methylenedioxy-9-methoxy-8-(3,3-dimethylallyl)-12a-hydroxyrotenoid",1,0.55,0.379746835443038,False
CCC/C=C\C=C\C=C\[C@@]12O[C@H]3[C@](O1)(C(=C)C)[C@@H]([C@H]([C@@]1(O2)[C@H]3[C@@H]2O[C@@]2([C@H]([C@]2([C@H]1C=C(C2=O)C)O)O)CO)C)OC(=O)C,kirkinine,1,0.55,0.17142857142857143,False
CC(=O)C[C@]1(O)C(=O)C=C2[C@@H]3[C@@]1(O)Oc1c3c(cc(c1O)O)C(=O)O[C@H]1[C@H]3[C@@H](OC2=O)[C@@H](O[C@@H]1COC(=O)c1c(c2c(C(=O)O3)cc(O)c(c2O)O)c(O)c(c(c1)O)O)OC(=O)c1cc(O)c(c(c1)O)O,ellagitannin,1,0.55,0.2079207920792079,False
COc1ccc2c(c1)N1C(=O)C[C@]34[C@@]51[C@@H]([C@H]2CCN5CC=C3)CC4,isoschizogaline,1,0.55,0.2465753424657534,False
CCCCC/C=C/C=C/[C@@]12O[C@H]3[C@](O1)(C(=C)C)[C@@H]([C@H]([C@@]1(O2)[C@H]3[C@@H]2O[C@@]2([C@H]([C@]2([C@H]1C=C(C2=O)C)O)O)CO)C)OC(=O)C,yuanhuandine,1,0.55,0.16853932584269662,False
CC(=O)O[C@H]1C[C@@]2([C@]([C@H]1[C@@H]([C@H](C(=O)C(=C)C(C)C)O)C)(C)CC[C@]13C2CCC2[C@]1(C3)C=CC(=O)OC2=C)C,4-methylen-neomacrolactone,1,0.55,0.20833333333333334,False
OC[C@H]1O[C@H]([C@@H]([C@@H]([C@@H]1O)O)OC(=O)c1ccc(=O)oc1)c1c(O)cc(c2c1oc(CC(=O)C)cc2=O)C,2'-O-p-coumaroylaloesin,1,0.549902483206132,0.23809523809523808,False
OC[C@H]1OC(O[C@H]2C(O[C@@H]([C@H]([C@@H]2O)O)COC2OC[C@H]([C@H]([C@@H]2O)O)O)O[C@H]2CC[C@]3([C@H](C2(C)C)CC[C@@]2(C3CC=C3[C@@]2(C)CC[C@@]2(C3CC(C)(C)CC2)C(=O)OC2O[C@H](COC3O[C@H](CO)[C@H]([C@@H]([C@H]3O)O)O)[C@H]([C@@H]([C@H]2O)O)O)C)C)[C@@H]([C@H]([C@@H]1O)O)O,beta-D-glucopyranosyl(1→2)-beta-Dglucopyranosyl,1,0.5492568305225046,0.37254901960784315,False
COc1cc2OC[C@@H]3[C@@](c2c2c1c(=O)cc(o2)c1ccccc1)(OC(=O)C)C(=O)C(O3)(C)C,(+)-tephrodin,1,0.5486144659508573,0.30985915492957744,False
COCC12CCC(C34C1C(OC)C(C3N(C2)CC)(O)C1(C2C4CC(C2O)C(C1)OC)O)OC,browniine,1,0.5485317005535829,0.17045454545454544,False
COC[C@@]12CC[C@@H]([C@@]34[C@@H]1[C@H](OC)[C@](C3N(C2)CC)(O)[C@@]1([C@@H]2[C@H]4C[C@@H]([C@@H]2O)[C@H](C1)OC)O)O,delcosine,1,0.5485317005535829,0.1744186046511628,False
CC(=O)O[C@H]1C[C@@]2([C@]([C@H]1[C@@H]([C@H](C(=O)C(=C)C(C)C)OC(=O)C)C)(C)CC[C@]13C2[C@H]2O[C@H]2C2[C@]1(C3)C=CC(=O)O[C@H]2C)C,"22alpha-acetoxy-6,7-epoxyneomacrolactone",1,0.5480784217415929,0.1958762886597938,False
COc1ccc(cc1)c1cc(=O)c2c(o1)c(OC)c(cc2OC)OC,"5,6,7,4'-tetramethoxyflavone",1,0.5472652575249682,0.42857142857142855,False
CC(=CCc1cc2c(cc1O)OC[C@@H]1[C@H]2Oc2c1ccc(c2CC=C(C)C)O)C,erythrabyssin,1,0.5467677738872393,0.42424242424242425,False
CC(=O)OC1C[C@H]2C(C)(C)O[C@@H]3[C@@]2([C@@H]2[C@]1(C)[C@@]14O[C@@H]1C[C@H]([C@@]4([C@H]([C@@H]2O)OC(=O)C)C)c1ccoc1)CC(=O)C3,"7alpha,12alpha-Diacetoxy-14beta,15beta-epoxy-11beta-hydroxyneotecleanin",1,0.5465391621129325,0.20212765957446807,False
OC[C@H]1OC(O[C@@H]2C(O[C@@H]([C@H]([C@@H]2O)O)C)Oc2c(oc3c(c2=O)c(O)cc(c3)O)c2ccc(c(c2)O)O)[C@@H]([C@H]([C@H]1O)O)O,quercetin,1,0.5460743099864361,0.4659090909090909,False
OCC1O[C@H](C([C@@H]([C@@H]1O)O)O)c1c(O)c([C@@H]2OC[C@@H]([C@@H](C2O)O)O)c(c2c1oc(cc2=O)c1ccc(cc1)O)O,6-C-alpha-L-arabinopyranosyl-8-C-beta-D-glucopyranosylapigenin,1,0.5460339379544991,0.3125,False
OC[C@H]1O[C@H]([C@@H]([C@@H]([C@@H]1O)O)O)c1c(O)c([C@@H]2OC[C@@H]([C@@H]([C@H]2O)O)O)c(c2c1oc(cc2=O)c1ccc(cc1)O)O,isoschaftoside,1,0.5460339379544991,0.3125,False
OC[C@H]1O[C@H]([C@@H]([C@H]([C@@H]1O)O)O)c1c(O)c([C@@H]2OC[C@@H]([C@H]([C@H]2O)O)O)c2c(c1O)c(=O)cc(o2)c1ccc(cc1)O,schaftoside,1,0.5460339379544991,0.3125,False
COc1ccc2c(c1)O[C@H]1[C@@H]2COc2c1ccc(c2)O,medicarpan,1,0.5459507459152262,0.6,True
COc1c(O)cc(cc1O)[C@H]1Oc2c(C[C@H]1O)c(O)cc(c2[C@@H]1c2c(O)cc(cc2O[C@@H]([C@H]1O)c1cc(O)c(c(c1)O)OC)O)O,"4',4'''-di-O-methyl-prodelphinidin",1,0.5459157324549451,0.30985915492957744,False
CC1OC(Oc2c(O)c(O)c3c4c2c(=O)oc2c4c(c(=O)o3)cc(c2O)O)C(C(C1OC(=O)c1cc(O)c(c(c1)O)O)OC(=O)c1cc(O)c(c(c1)O)O)O,"4-O-(3'',4''-di-O-galloyl-alpha-L-rhamnopyranosyl)ellagic",1,0.5455745341614907,0.2222222222222222,False
O=C1c2ccc3c(c2O[C@H]2[C@@]1(O)c1cc4OCOc4cc1OC2)C=CC(O3)(C)C,12a-epimillettosin,1,0.5455745341614907,0.25333333333333335,False
O=C1c2ccc3c(c2OC2C1(O)c1cc4OCOc4cc1OC2)C=CC(O3)(C)C,millettosine,1,0.5455745341614907,0.25333333333333335,False
CC[C@@H](C(C)C)CC[C@H]([C@H]1CC[C@@H]2[C@]1(C)CC[C@H]1[C@H]2CC(C2=CC(=O)CC[C@]12C)O)C,6-hydroxystigmast-4-en-3-one,1,0.545258845930396,0.5409836065573771,True
OC(C(O)(C)C)Cc1c[nH]c2c1ccc1c2OC(C=C1)(C)C,"2',3'-dihydroxyasteranthine",1,0.5445645263827081,0.22535211267605634,False
Oc1ccc(cc1)Cc1oc2c(c1)ccc(c2)O,2-(p-hydroxybenzyl)benzofuran-6-ol,1,0.5441926613082316,0.4594594594594595,False
C[C@@H](c1ccc(c(c1O)O)C)C/C=C/C(O)(C)C,"6-hydroxy-2-methyl-5-(5'-hydroxy-1'(R),5'-dimethylhex-3'-enyl)-phenol",1,0.5434147942411953,0.2,False
COc1c(ccc(c1CC=C(C)C)O)C1COc2c(C1=O)c(O)cc(c2)O,sophoraisoflavanone,1,0.5431714809096309,0.4411764705882353,False
CC1=CC[C@@H](CC1)[C@@]1(C)O[C@@H]1[C@H]1C=C(C(=O)O1)C,elgonene,1,0.5423949299533022,0.234375,False
OC[C@H]1O[C@@H](Oc2cc(O[C@@H]3O[C@@H](C)[C@@H]([C@H]([C@H]3O)O)O)cc3c2C(=O)c2c(C3=O)cc(cc2O)C)[C@@H]([C@H]([C@@H]1O)O)O,glucofrangulin,1,0.5421777569468251,0.4567901234567901,False
COc1cc(O)c2c(c1)oc(cc2=O)c1cc(OC)c(c(c1OC)OC)O,"5,4'-dihydroxy-7,2',3',5'-tetramethoxyflavone",1,0.5421220637545546,0.45098039215686275,False
Oc1cc(O)c2c(c1)oc(c(c2=O)O[C@@H]1OC(C)[C@@H](C([C@@H]1O)O)O)c1ccc(c(c1)O)O,quercetin,1,0.5417441536653993,0.43283582089552236,False
Oc1cc(O)c2c(c1)oc(c(c2=O)O[C@@H]1O[C@@H](C)[C@@H]([C@H]([C@H]1O)O)O)c1ccc(c(c1)O)O,quercetin,1,0.5417441536653993,0.43283582089552236,False
Oc1cc(O)c2c(c1)oc(c(c2=O)O[C@@H]1O[C@@H](C)[C@H]([C@H]([C@@H]1O)O)O)c1ccc(c(c1)O)O,quercetin,1,0.5417441536653993,0.43283582089552236,False
O[C@@H]([C@]1(C)CC[C@@H](O1)C(O)(C)C)CC/C(=C/CC/C=C(/CC[C@H]([C@]1(C)CC[C@@H](O1)C(O)(C)C)O)\C)/C,ekeberin,1,0.5417351377477042,0.2054794520547945,False
OC[C@H]1OC(Oc2cc(C)cc3c2c(O)c2c(c3)C(O)CC(C2=O)OC)[C@@H]([C@H]([C@@H]1O)O)O,aloesaponol,1,0.5417351377477042,0.31521739130434784,False
Oc1cc(O)c2c(c1)oc(c(c2=O)O[C@@H]1OC(CO[C@@H]2OC(C)[C@@H]([C@@H](C2O)O)O)[C@@H](C(C1O)O)O)c1ccc(c(c1)O)O,quercetin,1,0.5415218930322918,0.39473684210526316,False
Oc1cc(O)c2c(c1)oc(c(c2=O)O[C@@H]1O[C@H](CO[C@@H]2O[C@@H](C)[C@@H]([C@H]([C@H]2O)O)O)[C@H]([C@@H]([C@H]1O)O)O)c1ccc(c(c1)O)O,rutin,1,0.5415218930322918,0.39473684210526316,False
Oc1cc(O)c2c(c1)oc(c(c2=O)OC1OC(COC2OC(C)C(C(C2O)O)O)C(C(C1O)O)O)c1ccc(c(c1)O)O,quercetin,1,0.5415218930322918,0.39473684210526316,False
OC[C@H]1[C@H](CO[C@@H]1c1ccc(c(c1)OC)O)Cc1ccc(c(c1)OC)O,(+)-lariciresinol,1,0.5408534411030548,0.3448275862068966,False
OC[C@H]1OC(O[C@H]2C(O[C@H]3CC[C@]4([C@@H](C3)CC[C@@H]3[C@@H]4CC(=O)[C@]4([C@H]3C[C@H]3[C@@H]4[C@H](C)[C@]4(O3)CCC(CO4)C)C)C)O[C@@H]([C@H]([C@@H]2O)O)COC2OC[C@H]([C@H]([C@@H]2O)O)O)[C@@H]([C@H]([C@@H]1O)O)O,(25R)-3beta-hydroxy-5beta-spirostan-12-one,1,0.5406145876387107,0.2711864406779661,False
OC[C@H]1O[C@@H](OC(=O)[C@]23C[C@H](OC(=O)c4ccccc4N)C(C[C@H]2C2=CC[C@H]4[C@@]([C@@]2(C[C@H]3O)C)(C)CC[C@@H]2[C@]4(C)CC[C@@H](C2(C)C)O[C@@H]2O[C@H](CO[C@@H]3O[C@H](C)[C@@H]([C@@H]([C@H]3O[C@@H]3OC[C@H]([C@@H]([C@H]3O)O)O)O)O)[C@H]([C@@H]([C@H]2NC(=O)C)O)O)(C)C)[C@@H]([C@H]([C@@H]1O)O)O[C@@H]1O[C@@H](C)[C@@H]([C@H]([C@H]1O)O)O[C@@H]1OC[C@H]([C@@H]([C@H]1O)O)O,3-O-,1,0.5404846007003432,0.27205882352941174,False
OC[C@H]1O[C@@H](OC[C@H]2O[C@@H](OC(=O)[C@]34C[C@H](OC(=O)c5ccccc5N)C(C[C@H]3C3=CC[C@H]5[C@@]([C@@]3(C[C@H]4O)C)(C)CC[C@@H]3[C@]5(C)CC[C@@H](C3(C)C)O[C@@H]3O[C@H](CO[C@@H]4O[C@H](C)[C@@H]([C@@H]([C@H]4O[C@@H]4OC[C@H]([C@@H]([C@H]4O)O)O)O)O)[C@H]([C@@H]([C@H]3NC(=O)C)O)O)(C)C)[C@@H]([C@H]([C@@H]2O)O)O[C@@H]2O[C@@H](C)[C@@H]([C@H]([C@H]2O)O)O[C@@H]2OC[C@H]([C@@H]([C@H]2O)O)O)[C@@H]([C@H]([C@@H]1O)O)O,3-O-[beta-D-xylopyranosyl-,1,0.5404846007003432,0.26811594202898553,False
COc1c(OC2O[C@H](C)[C@H]([C@@H]([C@@H]2O)O)O)cc2c(c1O)c(=O)c(c(o2)c1ccc(cc1)O)OC1O[C@H](COC2O[C@H](C)[C@H]([C@@H]([C@@H]2O)O)O)[C@@H]([C@@H]([C@H]1OC1O[C@H](C)[C@H]([C@@H]([C@@H]1O)O)O)O)O,3-O-alpha-rhamnopyranosyl(1→2)[alpha-rhamnopyranosyl(1→6)]-beta-galactopyranoside-7-O-alpha-rhamnopyranoside,1,0.5404846007003432,0.40625,False
COc1c(c2c[n+]3c(cc2cc1)c1cc(c(cc1CC3)O)OC)OC,jatrorrhizine,1,0.5403030949652464,0.2571428571428571,False
OC1[C@@H](OC([C@H]([C@@H]1O)O)CO[C@@H]1OC(C)[C@@H]([C@@H](C1O)O)O)Oc1cc(O)c2c(c1)oc(cc2=O)c1ccc(c(c1)O)O,luteolin,1,0.5400613685670353,0.38202247191011235,False
C/C=C(\C(=O)O[C@H]1C[C@@]2(C)O[C@@H]2[C@@H](O)C/C(=C/[C@@H]2[C@@H]1C(=C)C(=O)O2)/CO)/C,"8alpha-angeloyloxy-1beta,10alpha-epoxy-2alpha,15-dihydroxygermacra-4Z,11(13)-dien-12,6alpha-olide",1,0.54,0.19791666666666666,False
C=C1[C@@H](C)CC[C@]2([C@H]1CC=C1[C@]2(O)COC1=O)C,muzigadiolide,1,0.54,0.2702702702702703,False
COc1cc(O)c2c(c1)oc(cc2=O)c1cc(OC)c(c(c1OC)OC)OC,"5-hydroxy-7,2',3',4',5'-pentamethoxyflavone",1,0.5399955302600783,0.43137254901960786,False
COc1ccc(cc1)c1cc(=O)c2c(o1)cc(c(c2OC)OC)OC,tetramethylscutellarein,1,0.5398152215686642,0.5,True
COc1c(c2c[n+]3c(cc2cc1)c1cc(c(cc1CC3)OC)O)OC,columbamine,1,0.5395779649963246,0.25396825396825395,False
OCC1O[C@@H](Oc2c(oc3c(c2=O)c(O)cc(c3)O)c2ccc(c(c2)O)O)C([C@H]([C@@H]1O)O)O,quercetin,1,0.5392533023200017,0.42028985507246375,False
OC[C@H]1O[C@@H](Oc2c(oc3c(c2=O)c(O)cc(c3)O)c2ccc(c(c2)O)O)C(C([C@@H]1O)O)O,quercetin,1,0.5392533023200017,0.42028985507246375,False
OC[C@H]1O[C@@H](Oc2c(oc3c(c2=O)c(O)cc(c3)O)c2ccc(c(c2)O)O)[C@@H]([C@H]([C@H]1O)O)O,quercetin-3-beta-O-galactoside,1,0.5392533023200017,0.42028985507246375,False
OC[C@H]1O[C@@H](Oc2c(oc3c(c2=O)c(O)cc(c3)O)c2ccc(c(c2)O)O)[C@@H]([C@H]([C@@H]1O)O)O,quercetin,1,0.5392533023200017,0.42028985507246375,False
Oc1ccc(cc1)c1cc(=O)c2c(o1)c(c(cc2O)O)c1cc(ccc1O)c1cc(=O)c2c(o1)cc(cc2O)O,amentoflavone,1,0.5388599640038385,0.5714285714285714,True
CC1=C(O)c2c(=O)cc(oc2C(C1=O)(C)C)c1ccccc1,"5-hydroxy-6,8,8-trimethyl-2-phenylchromene-4,7-dione",1,0.5387194768384231,0.40816326530612246,False
OC[C@H]1OC(Oc2c(oc3c(c2=O)c(O)cc(c3)O)c2ccc(c(c2)OC)O)[C@H]([C@H]([C@@H]1OC1O[C@H](CO)[C@@H]([C@@H]([C@H]1O)O)O)O)O,isorhamnetin,1,0.5382750795377538,0.375,False
COc1ccc(cc1OC)c1cc(=O)c2c(o1)cc(c(c2OC)OC)OC,"3',4',5,6,7-pentamethoxyflavone",1,0.5380382850877209,0.4489795918367347,False
O[C@@H]1C[C@]2(C)C(=CC[C@H]3[C@@]2(C)CC[C@@H]2[C@]3(C)CC[C@@H](C2(C)C)O)[C@H]2[C@@]31C[C@H](OC3=O)C(C2)(C)C,acacic,1,0.5374859651271341,0.4583333333333333,False
COc1c(OCC2OC2(C)C)ccc2c1nc1occc1c2OC,anhydroevoxine,1,0.5365462691164111,0.21311475409836064,False
CC(=CCc1c(O)ccc2c1OCC1C2Oc2c1ccc(c2CC=C(C)C)O)C,erybraedin,1,0.5362680052378874,0.45,False
C=C1[C@@H](C)CC[C@]2([C@H]1C[C@](C)(O)C1=C2C(=O)OC1)C,"7beta-hydroxy-4(13),7-coloratadiene-11,12-olide",1,0.5357824201408685,0.23076923076923078,False
CC(=CCC([C@@H]1CCC2(C1CCC1=C2CCC2[C@]1(C)CCC(=O)C2(C)C)C)C(=O)O)C,"3-ketotirucall-8,24-dien-21-oic",1,0.5356134186889575,0.3382352941176471,False
COc1cc2Oc3c(COc2cc1OC)oc1c(c3=O)ccc2c1C=CC(O2)(C)C,"6a,12a-dehydrodeguelin",1,0.5355745341614907,0.29850746268656714,False
CC1=CC2C(=CC1)C(C)CCC2C(C)C,"1,2,3,4,4a,7-hexahydro-1,6-dimethyl-4-(1-methylethyl)naphthalene",1,0.5348087787667478,0.22413793103448276,False
COc1c2c(OCC3C2Oc2c3ccc(c2)O)cc(c1CC=C(C)C)O,edudiol,1,0.5329571663920922,0.375,False
O[C@@H]1C[C@@]2(C)[C@H](C([C@H]1O)(C)C)CC[C@@]1([C@@H]2CC=C2[C@@]1(C)CC[C@@]1([C@H]2[C@H](O)C(C)(C)CC1)C(=O)O)C,arjunic,1,0.5324285457708868,0.6031746031746031,True
OCc1cc(O)c2c(c1)C(O)(c1ccc3c(c1O)C(=O)c1c(C3=O)cc(cc1O)C)c1c(C2=O)c(O)ccc1,chrysalodin,1,0.5322552458504202,0.21212121212121213,False
COc1cc(OC)c2c(c1C1=COC(C1=O)(C)C)oc(cc2=O)c1ccccc1,tachrosin,1,0.5311883573222793,0.38596491228070173,False
C/C=C/1\CN2CCc3c([C@@H]2C[C@@H]1Cc1nccc2c1[nH]c1c2cc(cc1)O)[nH]c1c3cccc1,10'-hydroxyusambarensine,1,0.5305658890290038,0.26666666666666666,False
Cn1cnc2c1c(=O)n(C)c(=O)n2C,caffeine,1,0.5304457412465855,0.20454545454545456,False
CC(=C)[C@@H]1CCC2(C(C1)O2)C,limonene,1,0.53,0.2037037037037037,False
OC[C@H]1OC(Oc2cc(C)c3c(c2)O[C@@H]([C@H](C3=O)[C@@H]2[C@H](Oc3c(C2=O)c(C)cc(c3)OC2O[C@H](CO)[C@H]([C@@H]([C@H]2O)O)O)c2ccc(cc2)C)c2ccc(cc2)C)[C@@H]([C@H]([C@@H]1O)O)O,tetramethylormocarpin,1,0.53,0.4625,False
CC(=O)OC1C[C@H]2C(C)(C)O[C@@H]3[C@@]2([C@@H]2[C@]1(C)C1=CC[C@H]([C@@]1([C@H]([C@@H]2O)OC(=O)C)C)c1ccoc1)CC(=O)C3,"7alpha,12alpha-Diacetoxy-11beta-hydroxyneotecleanin",1,0.53,0.1941747572815534,False
OC(=O)[C@@]1(C)CCC[C@]2([C@H]1CC(O)c1c2ccc(c1)C(C)C)C,7-hydroxycallitrisic,1,0.53,0.31746031746031744,False
COc1ccc2c(c1)OC1C2COc2c1ccc(c2O)O,"3,4-dihydroxy-9-methoxypterocarpan",1,0.53,0.41379310344827586,False
COc1cc(OC)c2c(c1c1c(C)cc(c3c1cccc3OC)OC)C[C@@H](N([C@@H]2C)C)C,ancistrobertsonine,1,0.53,0.3275862068965517,False
COc1cc(OC)c2c(c1c1c(C)cc(c3c1cccc3OC)OC)C[C@@H](N([C@H]2C)C)C,"O,N-dimethylancistrocladine",1,0.53,0.3275862068965517,False
CC(C1=C2[C@H]3CC[C@H]4[C@@H]5[C@@H]([C@]3(C)CC[C@]2(CC1)C)O[C@H]1[C@]5(O)[C@](OC4)(O)[C@@H](CO1)O)C,laxitextine,1,0.53,0.18666666666666668,False
COc1cc(O)c2c(c1)C1=C[C@H](O)[C@H](C[C@@]1(OC2=O)C)O,altenuene,1,0.53,0.41935483870967744,False
OC[C@H]1OC(O[C@H]2C(O[C@@H]([C@H]([C@@H]2O)O)COC2OC[C@H]([C@H]([C@@H]2O)O)O)O[C@H]2CC[C@]3([C@H](C2(C)C)CC[C@@]2(C3CC=C3[C@@]2(C)CC[C@@]2(C3CC(C)(C)CC2)C(=O)O)C)C)[C@@H]([C@H]([C@@H]1O)O)O,3-O-{beta-D-glucopyranosyl(1→2)-[alpha-L-arabinopyranosyl(1→6)]-beta-D-glucopyranosyl}-oleanolic,1,0.5297356896893973,0.40816326530612246,False
CC[C@H]1C(=O)C[C@@H]2[C@]1(C)CC[C@H]1[C@H]2CC=C2[C@]1(C)CC[C@@H]([C@@H]2O)O,ekeberin,1,0.5285861847028123,0.4482758620689655,False
COc1cc2OC(CC(=O)c2c(c1)O)c1ccccc1,5-hydroxy-7-methoxyflavanone,1,0.5284059403695952,0.7441860465116279,True
N#C[C@H]1[C@H](C)[C@H](C)Sc2c1cccc2,"cis,trans-2,3-dimethylthiochroman-4-carbonitrile",1,0.5282560347119596,0.18867924528301888,False
OC[C@H]1OC(O[C@H]2C(O[C@H]3CC[C@]4([C@@H](C3)CC[C@@H]3[C@@H]4CC[C@]4([C@H]3C[C@H]3[C@@H]4[C@H](C)[C@]4(O3)CCC(CO4)C)C)C)O[C@@H]([C@H]([C@@H]2O)O)COC2OC[C@H]([C@H]([C@@H]2O)O)O)[C@@H]([C@H]([C@@H]1O)O)O,(25R)-5beta-spirostan-3beta-ol,1,0.5281536291070271,0.24369747899159663,False
CC(=O)O[C@H]1C[C@@]2([C@]([C@H]1[C@@H]([C@H](C(=O)C(=C)C(C)C)OC(=O)C)C)(C)CC[C@]13C2C[C@@H](O)C2[C@]1(C3)C=CC(=O)O[C@H]2C)C,22alpha-acetoxy-6-hydroxyneomacrolactone,1,0.528078421741593,0.2,False
CC(=O)O[C@H]1[C@@H](O[C@H]([C@@H]([C@H]1OC(=O)C)OC(=O)C)C)Oc1c(oc2c(c1=O)c(O)cc(c2)O)c1ccc(c(c1)O)O,quercetin,1,0.5279254082403577,0.4027777777777778,False
OC[C@H]1O[C@H]([C@@H]([C@H]([C@@H]1O)O)O)[C@@H]1c2cc(CO[C@@H]3O[C@@H](C)[C@@H]([C@H]([C@H]3O)O)O)cc(c2C(=O)c2c1cccc2O)O,aloinoside,1,0.526614442616798,0.38636363636363635,False
OC[C@H]1O[C@H]([C@@H]([C@H]([C@@H]1O)O)O)[C@@H]1c2cc(COC3OC(C)C(C(C3O)O)O)cc(c2C(=O)c2c1cccc2O)O,aloinoside,1,0.526614442616798,0.38636363636363635,False
CC(=O)O[C@@H]1[C@@H]2[C@@]34CC(=O)C[C@@H]3OC([C@@H]4CC(=O)[C@@]2(C)[C@]23[C@]([C@H]1OC(=O)C)(C)[C@@H](C[C@H]2O3)c1ccoc1)(C)C,"11beta,12alpha-Diacetoxy-14beta,15beta-epoxyneotecleanin",1,0.5265391621129326,0.23333333333333334,False
OC[C@H]1O[C@@H](OC[C@H]2OC(Oc3c(oc4c(c3=O)c(O)cc(c4)O)c3ccc(c(c3)O)O)[C@@H]([C@H]([C@@H]2O)O)O)[C@@H]([C@H]([C@@H]1O)O)O,quercetin,1,0.5254440548433527,0.38666666666666666,False
CC(=O)O[C@H]1C[C@@]2([C@]([C@H]1[C@@H]([C@H](C(=O)C(=C)C(C)C)O)C)(C)CC[C@]13C2C[C@@H](O)C2[C@]1(C3)C=CC(=O)O[C@H]2C)C,6-hydroxyneomacolactone,1,0.5251212553495007,0.20430107526881722,False
CC(=O)O[C@H]1C[C@@]2([C@]([C@H]1[C@@H]([C@H](C(=O)C(=C)C(C)C)O)C)(C)CC[C@]13C2[C@H]2O[C@H]2C2[C@]1(C3)C=CC(=O)O[C@H]2C)C,"6,7-epoxyneomacrolactone",1,0.5251212553495007,0.2,False
COc1c(CC=C(C)C)cc(cc1OC(=O)C)C1CC(=O)c2c(O1)cc(cc2O)OC(=O)C,sigmoidin,1,0.524432550735228,0.59375,True
O[C@@H]1C[C@@]2(C)[C@H](C([C@H]1O)(C)C)CC[C@@]1([C@@H]2CC=C2[C@@]1(C)CC[C@@]1([C@H]2CC(C)(C)CC1)C(=O)O)C,"(2alpha,3beta)-dihydroxyurs-12-en-28-oic",1,0.5239206262593281,0.5384615384615384,True
Oc1cc2OC(O)(CCc2c(c1)O)c1ccc(c(c1)O)O,"5,7,3',4'-tetrahydroxyflavanol",1,0.5236780916605189,0.3148148148148148,False
Oc1ccc(cc1)c1oc2cc(O)cc(c2c(=O)c1O[C@H]1O[C@@H](C)[C@@H]([C@H]([C@H]1O)O)O)[O-],kaempferol,1,0.5234778069446111,0.3150684931506849,False
C/C(=C\Cc1c(O)cc(cc1O)/C=C/c1cc(O)c2c(c1)C[C@H]1[C@@](O2)(C)C[C@H]([C@H](C1(C)C)O)O)/CCC=C(C)C,schweinfurthin,1,0.5234598331917015,0.3373493975903614,False
CC(=O)O[C@H]1C[C@@]2([C@]([C@H]1[C@@H]([C@H](C(=O)C(=C)C(C)C)OC(=O)C)C)(C)CC[C@]13C2CCC2[C@]1(C3)C=CC(=O)O[C@H]2C)C,22alpha-acetoxyneomacrolactone,1,0.5229571663920922,0.22340425531914893,False
C/C(=C\C[C@@]1(CC(C(=C)C)CCC(=C)C)C(=C(C(=O)c2ccc(c(c2)O)O)C(=O)C(C1=O)(CC=C(C)C)CC=C(C)C)O)/CCC=C(C)C,"4,4-di(3-methylbut-2-enyl)-6-geranyl-1-hydroxy-2-(10,11-dihydroxybenzoyl)-6-[2-(1-methylethenyl)-5-methylhex-5-enyl]-cyclohex-1-en-3,5-dione",1,0.5229571663920922,0.27956989247311825,False
C=C1CCC2CC1C2(C)C,beta-pinene,1,0.5229571663920922,0.20408163265306123,False
OC[C@H]1O[C@@H](Oc2c(oc3c(c2=O)c(O)cc(c3)O)c2ccc(cc2)OC)[C@@H]([C@H]([C@@H]1O)O)O[C@@H]1OC[C@H]([C@@H]([C@H]1O)O)O,kaempferide,1,0.5227853489261605,0.39473684210526316,False
COc1cc(OC)c2c(c1c1ccc(c3c1cc(C)cc3OC)OC)C[C@@H](N([C@@H]2C)C)C,ancistrobertsonine,1,0.5221870240633567,0.2711864406779661,False
COc1cc2nc3occc3c(c2cc1OCC1OC1(C)C)OC,tecleoxine,1,0.5221208032779018,0.22033898305084745,False
OC[C@H]1OC(Oc2cc(C)cc3c2c(O)c2c(c3)C(O)CCC2=O)[C@@H]([C@H]([C@@H]1O)O)O,aloesaponol,1,0.5217351377477042,0.3258426966292135,False
C=C1[C@@H](C)CC[C@]2([C@H]1C[C@H](O)C1=C2C(=O)OC1)C,"7beta-hydroxy-4(13),8-coloratadien-11,12-olide",1,0.5215138408225237,0.25,False
C=CC(c1c(O)ccc2c1oc1c(O)c(OC)c(c(c1c2=O)O)CC=C(C)C)(C)C,"1,4,6-trihydroxy-3-methoxy-2-(3-methyl-2-butenyl)-5-(1,1-dimethyl-prop-2-enyl)xanthone",1,0.5212277701778386,0.43283582089552236,False
O=C1Cc2c(O1)c(C/C=C(/CCC=C(C)C)\C)cc(c2)O,"7-(3,7-dimethylocta-2,6-dienyl)-5-hydroxy-3H-benzofuran-2-one",1,0.5205632829183482,0.4126984126984127,False
CC1=C2C=C(CCC[C@@H]2CC1)C(O)(C)C,"11-hydroxyguaia-4,6-diene",1,0.5204457412465855,0.21818181818181817,False
OCC1OC(Oc2c(oc3c(c2=O)c(O)cc(c3)O)c2ccc(c(c2)OC)O)C(C(C1O)O)O,isorhamnetin,1,0.5200102172854579,0.410958904109589,False
OC[C@H]1O[C@@H](Oc2c(oc3c(c2=O)c(O)cc(c3)O)c2ccc(c(c2)OC)O)[C@@H]([C@H]([C@@H]1O)O)O,isorhamnetin,1,0.5200102172854579,0.410958904109589,False
OC[C@H]1OC(Oc2c(oc3c(c2=O)c(O)cc(c3)O)c2ccc(c(c2)OC)O)[C@@H]([C@H]([C@@H]1O)O)O,3'-O-methylquercetin,1,0.5200102172854579,0.410958904109589,False
COc1c(OC)c(OC)c2c(c1OC)n(C)c1c(c2=O)cccc1,melicopicine,1,0.52,0.3902439024390244,False
COc1c(OC)ccc2c1c(=O)n(C)c1c2ccc2c1cc1OCOc1c2,"7,8-dimethoxy-5-methyl-2,3-methylenedioxybenzo[c]-",1,0.52,0.44642857142857145,False
OC[C@@]12O[C@@H]1[C@@H]1[C@@H]3O[C@@]45O[C@@]1([C@@H]1[C@]([C@H]2O)(O)C(=O)[C@@H](C1[C@H](C)CCCCCCCC/C=C\C=C\C=C\4)C)[C@H](C[C@]3(O5)C(=C)C)C,kirkinine,1,0.52,0.17,False
O=C1O[C@@H](c2cocc2)[C@]2([C@]3([C@@H]1O3)C(=CCC2)C)C,calodendrolide,1,0.52,0.22388059701492538,False
CC(=O)O[C@H]1C[C@@]2([C@]([C@H]1[C@@H]([C@H](C(=O)C(=C)C(C)C)O)C)(C)CC[C@]13C2CCC2[C@]1(C3)C=CC(=O)O[C@H]2C)C,neomacrolactone,1,0.52,0.22826086956521738,False
OC[C@H]1O[C@@H](OC2C(O)C[C@]3([C@H](C2(C)C)CC[C@@]2(C3CC[C@H]3[C@@]2(C)CC[C@@]2([C@@H]3[C@@H](CC2)C(=C)C)C)C)C)[C@@H]([C@H]([C@@H]1O)O)O[C@@H]1O[C@H](CO)[C@H]([C@@H]([C@H]1O)O)O,leucasin,1,0.52,0.24299065420560748,False
COc1cc2OCC3C(c2cc1OC)(O)C(=O)c1c(O3)c2CC(Oc2cc1O)C(=C)C,villosinol,1,0.519720321765053,0.32,False
CC(=O)OC[C@H]1O[C@H]([C@@H]([C@H]([C@@H]1OC(=O)C)OC(=O)C)OC(=O)C)c1c(O)cc2c(c1O)c(=O)cc(o2)c1ccc(cc1)O,acylated,1,0.5197100043791452,0.36363636363636365,False
C=CC#Cc1ccc(s1)c1ccc(s1)COC(=O)C,5-[(5-acetoxymethyl-2-thienyl)-2-(but-3-en-1-ynyl)]-thiophene,1,0.5175216927748004,0.18666666666666668,False
OC[C@H]1O[C@H]([C@@H]([C@H]([C@@H]1O)O)O)c1c(O)cc2c(c1O)c(=O)cc(o2)c1ccc(cc1)O,isovitexin,1,0.5174882300182605,0.42105263157894735,False
COc1cc(OC)c2c(c1/C=C/C(O)(C)C)oc(=O)cc2,"5,7-dimethoxy-8-(3'-hydroxy-3'methyl-1'-butene)-coumarin",1,0.5166377373953149,0.3,False
COc1cc(O)cc2c1C(=O)CC(O2)c1ccccc1,7-hydroxy-5-methoxyflavanone,1,0.5162068231275618,0.7045454545454546,True
CC(=O)OC[C@@H]1O[C@@H](Oc2c(oc3c(c2=O)c(O)cc(c3)O)c2ccc(c(c2)O)O)[C@@H]([C@@H]([C@H]1OC(=O)C)OC(=O)C)OC(=O)C,quercetin,1,0.5159633862043715,0.39473684210526316,False
COc1ccc2c(c1CC(C(O)(C)C)O)O[C@@H]1[C@H]2COc2c1ccc(c2)O,schliebenin,1,0.5159507459152262,0.38235294117647056,False
CC(=CCC[C@H]1C(=O)O[C@@H]2[C@@H]1[C@]1(C)[C@H](O)C[C@H]3C(=CC[C@@H]4[C@]3(C)CCC(=O)C4(C)C)[C@]1(C2)C)C,12beta-hydroxykulactone,1,0.5157922965605468,0.3103448275862069,False
OC[C@H]1O[C@H]([C@@H]([C@@H]([C@@H]1O)O)O)c1c(O)c([C@@H]2O[C@H](CO)[C@H]([C@@H]([C@H]2O)O)O)c(c2c1oc(cc2=O)c1ccc(cc1)O)O,vicenin-2,1,0.5151517079328048,0.35714285714285715,False
COC1[C@H](C)CC[C@@H]2C31OC(=C2C)CCC3(C)C,"4alpha-methoxy-5,9-oxahimachal-9-ene",1,0.5151212553495007,0.19672131147540983,False
CC(=O)O[C@H]1CC[C@]2(C(C1(C)C)CC[C@@]1(C2CC[C@@]2(C1=CCC1(C2CC(C)(C)CC1)C(=O)O)C)C)C,maprounic,1,0.5146923041397965,0.5142857142857142,True
CC(=O)O[C@H]1CC[C@]2(C(C1(C)C)CC[C@@]1(C2CC[C@@]2(C1=CC[C@@]1(C2CC(C)(C)CC1)C(=O)O)C)C)C,3beta-acetoxy,1,0.5146923041397965,0.5142857142857142,True
CC(=O)O[C@H]1CC[C@]2([C@H](C1(C)C)CC[C@@]1([C@@H]2CC[C@@]2(C1=CC[C@@]1([C@H]2CC(C)(C)CC1)C(=O)O)C)C)C,acetyl,1,0.5146923041397965,0.5142857142857142,True
OC[C@H]1O[C@H]([C@@H]([C@H]([C@@H]1O)O)O)c1c(O)cc(c2c1oc(cc2=O)c1ccc(cc1)O)O,vitexin,1,0.5140542480507778,0.38596491228070173,False
COc1cc2OC[C@@H]3[C@@](c2cc1OC)(O)C(=O)c1c(O3)c2C=CC(Oc2cc1O)(C)C,12a-hydroxy-alpha-toxicarol,1,0.5133517991466551,0.27631578947368424,False
O=C1O[C@@H]2O[C@@]3(C)CC[C@@H]4[C@]2([C@H]([C@H]1C)CC[C@H]4C)OO3,artemisinin,1,0.5129571663920922,0.2786885245901639,False
COc1c(ccc2c1C=CC(O2)(C)C)C(=O)C1(O)CCOc2c1cc(OC)c(c2)OC,7a-O-methyl-12a-hydroxydeguelol,1,0.5128040175862774,0.25333333333333335,False
Oc1cc(=O)oc(c1)C1=Cc2c(C31OC(=CC3=O)/C=C/c1ccc(c(c1)O)O)cc(c(c2)O)O,"5′,6′-dihydroxy-",1,0.5126664206926312,0.25,False
C[C@H]1Cc2c(O1)c(O)c1c(c2O)C(=O)C=C2[C@]1(C)CCC(=C2C)C,uncinatone,1,0.512301026776708,0.25,False
CC(=CCc1cc2C(=O)C(COc2c(c1O)CC=C(C)C)c1ccc(cc1O)O)C,bidwillon,1,0.5121823380220719,0.49230769230769234,False
Oc1cc(C)c2c(c1)oc(=O)c1c2cc(cc1O)OS(=O)(=O)O,alternariol,1,0.5120188326173172,0.3148148148148148,False
CC([C@@H]1CC[C@H]([C@]23[C@H]1[C@H]2C(=CC3)C)C)C,alpha-cubebene,1,0.5117351377477042,0.22033898305084745,False
COc1c(c2c[n+]3c(cc2cc1)c1cc(c(cc1CC3)OC)OC)OC,palmatine,1,0.5114521632882278,0.3103448275862069,False
CC(=O)O[C@@H]1C(Oc2cc(O)c3c(c2)Cc2c(C3=O)c(O)cc(c2)C)O[C@@H]([C@H]([C@@H]1OC(=O)C)OC(=O)C)C,"emodinanthrone-6-O-rhamnopyranoside-2',3'4'-triacetate",1,0.5109499867689865,0.313953488372093,False
OCC1O[C@@H](Oc2cc(O)c3c(c2)oc(cc3=O)c2ccc(cc2)O)C([C@H]([C@@H]1O)O)O,apigenin,1,0.5107955343379315,0.44642857142857145,False
OC[C@H]1O[C@H]([C@@H]([C@H]([C@@H]1O)O)O)c1c(O)cc2c(c1O)c(=O)cc(o2)c1ccc(c(c1)O)O,iso-orientin,1,0.5107451971070752,0.36666666666666664,False
OC[C@H]1OC(Oc2ccc(cc2)c2oc3cc(O)cc(c3c(=O)c2OC2O[C@H](C)[C@H]([C@@H]([C@@H]2O)O)O)O)[C@@H]([C@H]([C@H]1O)O)O,kaempferol,1,0.5106114372369673,0.41379310344827586,False
O=C1C[C@@]23C=CCN4[C@@H]2[C@@]2(N1c1cc5OCOc5cc1C2=CC4)CC3,"6,7-dehydro-19beta-hydroxyschizozygin",1,0.51,0.21839080459770116,False
CCCCCCCCCCCCC/C=C/C12O[C@H]3[C@@](O1)(C[C@H]([C@@]1(O2)C3[C@@H]2O[C@@]2([C@H]([C@]2([C@H]1C=C(C2=O)C)O)O)CO)C)C(=C)C,synaptolepis,1,0.51,0.18478260869565216,False
CC(=O)O[C@@H]1C[C@H]2C(C)(C)O[C@@H]3[C@@]2([C@@H]2[C@@]1(C)[C@@]14O[C@@H]1C(=O)O[C@H]([C@@]4(CC2)C)c1cocc1)COC(=O)C3,limonyl,1,0.51,0.22772277227722773,False
CC(=O)O[C@@H]1C[C@H]2C(C)(C)O[C@@H]3[C@@]2([C@@H]2[C@]1(C)[C@@]14O[C@@H]1C(=O)[C@H]([C@@]4(CC2)C)c1cocc1)COC(=O)C3,uguenensone,1,0.51,0.23,False
CO[C@@H]1O[C@@]2(O)[C@@H](CO[C@@H]3C2([C@@H]2C1=CC[C@H]1[C@@]([C@H]2O3)(C)CC[C@@]2(C1=C(CC2)C(C)C)C)O)OC(=O)C,striatoid,1,0.51,0.23157894736842105,False
CCC1OC(=O)C(C)C(OC2OC(C)C(C(C2)(C)OC)O)C(C)C(OC2OC(C)CC(C2O)N(C)C)C(CC(C(=O)C(C(C1(C)O)O)C)C)(C)O,"5,14-dimethylbudmunchiamine",1,0.51,0.18803418803418803,False
CC(=O)O[C@H]1C[C@H]2[C@@](C3=CC[C@H]([C@]13C)c1ccoc1)(C)[C@H](O)C[C@@H]1[C@]2(C)CCC(=O)C1(C)C,mzikonone,1,0.51,0.27586206896551724,False
OC[C@H]1OC(Oc2cc(O)cc(c2C(=O)C)CC2OC(=O)c3c(C2)cc(cc3O)O)[C@@H]([C@H]([C@@H]1O)O)O,dihydroisocoumarin,1,0.5096391583720032,0.3670886075949367,False
OC[C@H]1OC(Oc2ccc3c(c2C)C(=O)c2c(C3=O)cc(cc2O)C)[C@@H]([C@H]([C@@H]1O)O)O,nataloe-emodin-2-O-glucoside,1,0.5089513418524855,0.35714285714285715,False
O=C1OC[C@]23[C@H](C1)OC(C2=C(O)C(=O)[C@@]1([C@@H]3CC[C@@]2([C@]31O[C@@H]3C(=O)O[C@@H]2c1cocc1)C)C)(C)C,limonin,1,0.5084550293012441,0.2222222222222222,False
COc1cc2c(cc1OC)CN(c1c2ccc2c1cc1c(c2)OCO1)C,"5,6-dihydronitidine",1,0.5084288966733432,0.3684210526315789,False
COc1ccc2c(c1OC=C(C)C)oc1c2COc2c1ccc(c2)O,3-hydroxy-9-methoxy-10-prenylpterocarpene,1,0.5079220503666264,0.3466666666666667,False
OCC[C@H]1C[C@@H]2N(C[C@@H]1C=C)CCc1c2[nH]c2c1cc(cc2)O,10-hydroxy-Nb-methylcorynantheol,1,0.5075935017782782,0.24390243902439024,False
COc1cc(ccc1O)c1oc2cc(O)c(c(c2c(=O)c1OC)O)OC,"4',5,7-trihydroxy-3',3,6-trimethoxyflavone",1,0.5075638403405381,0.515625,True
CCN(Cc1c(O)c(c(c(c1OC)C(=O)C)O)c1c(C)cc(c2c1C(=O)c1cccc(c1C2=O)O)O)CC,knipholone,1,0.5074614014251781,0.25925925925925924,False
O[C@H]1CC[C@]2([C@H](C1(C)C)CC[C@@]1([C@@H]2CC[C@@]23[C@@]1(C)CC(=O)[C@@]1([C@H]2CC(C)(C)CC1)[C@@H](O3)O)C)C,"3beta,28alpha-dihydroxy-16-oxo-13beta,28-oxydooleanane",1,0.5065065656898242,0.32894736842105265,False
COc1cc2c(c(c1c1c3C(=O)C(=CC(=O)c3c(c3c1cccc3O)O)C)O)C(=O)c1c(C2=O)cc(cc1O)C,"5,10-dihydroxy-2-methyl-9-(physcion-7'-yl)-1,4-anthraquinone",1,0.5057922965605468,0.27692307692307694,False
OC[C@H]1OC(Oc2cc(O)c3c(c2)oc(c(c3=O)OC2O[C@H](OC3O[C@H](CO)[C@H]([C@@H]([C@H]3O)O)O)[C@H]([C@@H]([C@@H]2O)O)O)c2ccc(c(c2)O)O)[C@@H]([C@H]([C@@H]1OC1O[C@H](C)[C@H]([C@@H]([C@@H]1O)O)O)O)O,quercetin,1,0.505147090086972,0.4777777777777778,False
C[C@@H]1C[C@@H]2[C@@]([C@@H](C1=O)O)(C)CC[C@]1([C@@]2(C)CC[C@@]2(C1=CC=C1C2=CC(=O)C(=C1C)O)C)C,tingenin,1,0.505144190455449,0.23076923076923078,False
O=C1C=C2[C@@]3(O1)C[C@@H](C=C2)N1[C@@H]3CCCC1,securinine,1,0.5046923041397965,0.24074074074074073,False
O=CO[C@H]1[C@H](O)[C@@H](O)[C@@H](OC1c1c(O)cc(c2c1oc(CC(=O)C)cc2=O)O)CO,2'-O-formoylaloesin,1,0.5045645263827082,0.25263157894736843,False
C=C[C@@]1(C)CC[C@H]2C(=C1)C(=O)C[C@@H]1[C@]2(C)CCC(C1(C)C)OC1OC(COC(=O)C)C(C(C1OC1OC(C)C(C(C1OC(=O)C)OC(=O)C)OC(=O)C)O)OC(=O)C,linifolioside,1,0.5045645263827082,0.25555555555555554,False
COc1ccc(c2c1CC(O2)C(O)(C)C)[C@H]1COc2c(C1=O)c(O)cc(c2)O,"5,7-dihydroxy-4'-methoxy-2''-(2'''-hydroxyisopropyl)-dihydrofurano-[4'',5'':3',2']-isoflavanone",1,0.5045495472368529,0.410958904109589,False
OC[C@H]1OC(Oc2cc(O)c3c(c2)oc(c(c3=O)OC2O[C@H](CO)[C@H]([C@@H]([C@H]2O)O)O)c2ccc(c(c2)O)O)[C@@H]([C@H]([C@@H]1O)O)O,quercetin,1,0.5041318787340751,0.375,False
CC(=O)OC[C@H]1O[C@H]([C@@H]([C@H]([C@@H]1O)O)O)[C@@]1(O)c2cc(COC(=O)[C@@H]([C@@H](O)C)C)cc(c2C(=O)c2c1cccc2O)O,littoraloin,1,0.5037294066630654,0.27472527472527475,False
COC(=O)[C@@]12CC=C([C@@]3([C@H]1CCC(=O)[C@@]2(O)C(=O)OC)C[C@H](OC3=O)c1cocc1)C,megalocarpoidolide,1,0.5035891027243189,0.2289156626506024,False
COC(=O)[C@@]12CC=C([C@@]3([C@H]1CCC(=O)[C@@]2(O)C(=O)OC)C[C@@H](OC3=O)c1cocc1)C,megalocarpoidolide,1,0.5035891027243189,0.2289156626506024,False
CCC/C=C\CCCCCCCCCCCCc1cccc(c1O)O,3-((Z)-heptadec-13-,1,0.5035008926274872,0.28888888888888886,False
C=C[C@@]1(C)CCC2C(=C1)CC[C@]1([C@@H]2CCC(=O)C1=C)C,"erythroxyl-4(17),15(16)-dien-3-one",1,0.5034029076386778,0.375,False
OC[C@@]12O[C@@H]1[C@@H]1[C@@H]3O[C@@]45O[C@@]1([C@@H]1[C@]([C@H]2O)(O)C(=O)[C@@H](C1[C@@](C)(O)CCCCCCCC/C=C\C=C\C=C\4)C)[C@H](C[C@]3(O5)C(=C)C)C,kirkinine,1,0.5029571663920922,0.18811881188118812,False
COc1ccc(c(c1)O)c1cc2c(o1)cc(cc2)O,"6,6'-dihydroxy-4'-methoxy-2-arylbenzofuran",1,0.5022143443005064,0.5128205128205128,True
OC[C@H]1O[C@@H](Oc2cc(C)cc3c2C(=O)c2c(C3=O)cc(cc2O)OC)[C@@H]([C@H]([C@H]1O)O)O,physcion-8-O-galactoside,1,0.5021777569468251,0.36904761904761907,False
COc1c(OC)ccc2c1C(CC(=O)C)N(C)c1c2ccc2c1cc1OCOc1c2,8-acetonyldihydrochelerythrine,1,0.5019350491847461,0.3235294117647059,False
COc1cc2c(cc1O)OC1C2COc2c1cc1c(c2)OC(C=C1)(C)C,8-methoxyneorautenol,1,0.5017351377477042,0.2876712328767123,False
COc1ccc(cc1)C1CC(=O)c2c(O1)c(OC)c(c(c2OC)OC)O,"7-hydroxy-4',5,6,8-tetramethoxyflavanone",1,0.5016488702185573,0.5576923076923077,True
OC/C(=C/CN=C(N)N)/C,4-hydroxygalegine,1,0.5013655489374841,0.13636363636363635,False
OC[C@H]1O[C@@H](Oc2c(oc3c(c2=O)c(O)cc(c3)OC)c2ccc(c(c2)O)O)[C@@H]([C@H]([C@@H]1O)O)O[C@@H]1O[C@@H](C)[C@@H]([C@H]([C@H]1O)O)O,rhamnetin,1,0.5012859454872516,0.48314606741573035,False
OC[C@H]1OC(O[C@H]2CC[C@]3(C(C2)CC[C@@H]2[C@@H]3CC[C@]3([C@H]2C[C@H]2[C@@H]3[C@H](C)[C@@](O2)(OC)CC[C@H](COC2O[C@@H](CO)[C@@H]([C@H]([C@@H]2O)O)O)C)C)C)[C@@H]([C@H]([C@@H]1O)O)OC1O[C@H](CO)[C@H]([C@@H]([C@H]1O)O)O,"26-O-beta-D-glucopyranosyl]-22alpha-methoxy-(25R)-furostan-3beta,26-diol",1,0.5012277701778386,0.23931623931623933,False
Cc1cc(O)c2c(c1)C(=O)c1c(C2=O)c(O)c(cc1)c1c2C(=O)C(=CC(=O)c2c(c2c1cccc2O)O)C,"(P)-8,9,1',8'-tetrahydroxy-3,3'-dimethyl[10,7'-bianthracene]-1,4,9',10'-tetraone",1,0.5012277701778386,0.20224719101123595,False
C[C@@H]1CCC2=C(C)CC[C@@H]3[C@H]([C@H]12)C3(C)C,ledene,1,0.5012277701778386,0.23214285714285715,False
Oc1ccc(cc1)c1oc2cc(O)cc(c2c(=O)c1O[C@@H]1O[C@H](CO[C@@H]2O[C@@H](C)[C@@H]([C@H]([C@H]2O)O)O)[C@H]([C@@H]([C@H]1O)O)O)O,kaempferol,1,0.5011987810506134,0.3684210526315789,False
Cc1cc(O)c2c(c1)[C@@](O)(c1ccc3c(c1O)C(=O)c1c(C3=O)c(C)c(cc1O)C)c1c(C2=O)c(O)ccc1,chryslandicin,1,0.5010274756725815,0.21839080459770116,False
Cc1cc(O)c2c(c1)[C@](O)(c1ccc3c(c1O)C(=O)c1c(C3=O)c(C)c(cc1O)C)c1c(C2=O)c(O)ccc1,chryslandicin,1,0.5010274756725815,0.21839080459770116,False
OCc1cc(O)c2c(c1)[C@](O)([C@@H]1O[C@H](CO)[C@H]([C@@H]([C@H]1O)O)O)c1c(C2=O)c(O)ccc1,10-hydroxyaloin,1,0.5007993791867288,0.2727272727272727,False
OCc1cc(O)c2c(c1)[C@@](O)([C@@H]1O[C@H](CO)[C@H]([C@@H]([C@H]1O)O)O)c1c(C2=O)c(O)ccc1,10-hydroxyaloin,1,0.5007993791867288,0.2727272727272727,False
O=c1ccc2c3n1c1ccccc1c3ccn2,"6H-indolo[3,2,1-de][1,5]naphthyridin-6-one",1,0.5004457412465855,0.3023255813953488,False
COc1cc2c[n+](C)c3c(c2cc1OC)ccc1c3cc2OCOc2c1,nitidine,1,0.5001390605441989,0.3333333333333333,False
COc1c(OC)ccc2c1CN(C)c1c2ccc2c1cc1OCOc1c2,dihydrochelerythrine,0,0.5,0.3559322033898305,False
C=C1[C@@H](C)CC[C@]2([C@H]1CC=C1[C@@H]2COC1=O)C,"4(13),7-coloratadiene-12,11-olide",0,0.5,0.26153846153846155,False
O=C1O[C@@H](c2ccoc2)[C@]2([C@]3([C@@H]1O3)[C@]1(C)C(=O)C[C@@H]3[C@](C1CC2)(C)C=CC(=O)C3(C)C)C,7-deacetoxy-7-oxogedunin,0,0.5,0.21518987341772153,False
COc1c(OC)c(OC)c2c(c1O)c(=O)c1c(n2C)cccc1,normelicopicine,0,0.5,0.35555555555555557,False
COc1c(C(=O)C)c(O)cc(c1C1(O)c2cccc(c2C(=O)c2c1cc(C)cc2O)O)O,isofoliosone,0,0.5,0.24615384615384617,False
CC(=O)O[C@@H]1C[C@@H]2[C@]([C@@H]3[C@]1(C)C1=CC[C@H]([C@@]1([C@H](C3)OC(=O)C)C)c1ccoc1)(C)CCC(=O)C2(C)C,"12alpha-acetoxy-1,2-dihydroazadirone",0,0.5,0.2857142857142857,False
CO[C@]1(c2ccc3c(c2O)C(=O)c2c(C3=O)cc(cc2O)C)c2cccc(c2C(=O)c2c1cc(C)cc2O)O,"10-methoxy-10,7'-(chrysophanol",0,0.4998003121079871,0.23943661971830985,False
COC1(c2ccc3c(c2O)C(=O)c2c(C3=O)cc(cc2O)C)c2cccc(c2C(=O)c2c1cc(C)cc2O)O,"10-methoxy-10,7'-(chrysophanol",0,0.4998003121079871,0.23943661971830985,False
CO[C@@]1(c2ccc3c(c2O)C(=O)c2c(C3=O)cc(cc2O)C)c2cccc(c2C(=O)c2c1cc(C)cc2O)O,"10-methoxy-10,7'-(chrysophanol",0,0.4998003121079871,0.23943661971830985,False
CC(=O)OC1[C@@H]2[C@@]34CCC(=O)[C@@H]3OC([C@@H]4CC(=O)[C@@]2(C)[C@]23[C@](C1OC(=O)C)(C)[C@@H](C[C@H]2O3)c1ccoc1)(C)C,"11beta,12alpha-Diacetoxy-1-deoxo-14beta,15beta-epoxy-3beta-hydroxy-2-oxo-neotecleanin",0,0.49949632850502484,0.25555555555555554,False
C=CC(c1c[nH]c2c1cc(cc2)/C=C/[C@@]1(C)CCC(=C[C@H]1c1ccc2c(c1)c(c[nH]2)C(C=C)(C)C)C)(C)C,caulindole,0,0.4994300991019238,0.16883116883116883,False
C=CC(c1c[nH]c2c1cc(cc2)/C=C/[C@]1(C)CCC(=C[C@H]1c1ccc2c(c1)c(c[nH]2)C(C=C)(C)C)C)(C)C,caulindole,0,0.4994300991019238,0.16883116883116883,False
O=CC1=CC[C@@H]2[C@]([C@@]1(O)C=O)(C)CC[C@@H](C2=C)O,6alpha-hydroxymuzigadial,0,0.49925683052250464,0.25757575757575757,False
COc1cc(O)c2c(c1)OC[C@@](C2=O)(O)c1ccc(c(c1OC)CC=C(C)C)O,"(S)-3,4',5-trihydroxy-2',7-dimethoxy-3'-prenylisoflavanone",0,0.4991965391728823,0.4,False
OC[C@H]1O[C@@H](Oc2c(oc3c(c2=O)c(O)cc(c3)O)c2ccc(cc2)O)[C@@H]([C@H]([C@@H]1O)O)O[C@@H]1O[C@H](CO)[C@H]([C@@H]([C@H]1O)O)O,kaempferol,0,0.49749844518102576,0.44047619047619047,False
CC(=CCC[C@H]1C(=O)O[C@@H]2[C@@H]1[C@]1(C)CC[C@H]3C(=C[C@H]([C@@H]4[C@]3(C)CCC(=O)C4(C)C)O)[C@]1(C2)C)C,6beta-hydroxykulactone,0,0.4970200667383854,0.2696629213483146,False
CC(=O)OC[C@H]1O[C@@H](Oc2c(oc3c(c2=O)c(O)cc(c3)O)c2ccc(cc2)O)[C@@H]([C@H]([C@@H]1OC(=O)C)OC(=O)C)OC(=O)C,kaempferol,0,0.49688353418487097,0.3684210526315789,False
Oc1ccc2c(c1)OC[C@@H]1[C@H]2Oc2c1ccc1c2C=CC(O1)(C)C,phaseollin,0,0.4959507459152262,0.38095238095238093,False
C[C@H]1OC(OCc2cc(O)c3c(c2)C(=O)c2c(C3=O)c(O)ccc2)[C@H]([C@H]([C@@H]1O)O)O,aloe-emodin,0,0.49521369253349384,0.3333333333333333,False
Oc1cc2O[C@H](c3ccc(c(c3)O)O)[C@H](Cc2c(c1)O)O,catechin,0,0.4946695372702741,0.4791666666666667,False
CCCC12CCC3(C1N(C)C)N(C(=O)C2)c1c(C3CC)cc2c(c1)OCO2,schizozynine,0,0.4945645263827082,0.21348314606741572,False
O=CC1=CC[C@@H]2[C@]([C@@]1(O)C=O)(C)CC[C@@H](C2=C)C,muzigadial,0,0.4945645263827082,0.24242424242424243,False
C=CC(=C)CC[C@H]([C@]1(C)CC[C@@H](O1)C(O)(C)C)O,"(6R,7S,10R)-7,10-epoxy-7,11-dimethyldodec-1-ene-6,11-diol",0,0.4945645263827082,0.2,False
CC(=O)O[C@H]1CC[C@]2([C@H](C1(C)C)CC[C@@]1([C@@H]2CC[C@@]23[C@@]1(C)C[C@H]([C@@]1([C@H]2CC(C)(C)CC1)[C@@H](O3)O)O)C)C,"3beta-acetyl-16alpha,28alpha-dihydroxy-13beta,28-oxydooleanane",0,0.4934702754954084,0.375,False
OC[C@H]1O[C@@H](Oc2c(oc3c(c2=O)c(O)cc(c3)OC)c2ccc(cc2)O)[C@@H]([C@H]([C@@H]1O)O)O[C@@H]1O[C@@H](C)[C@@H]([C@H]([C@H]1O)O)O,rhamnocitrin,0,0.49344750862588604,0.5294117647058824,True
Oc1ccc(cc1)c1oc2cc(O)cc(c2c(=O)c1O[C@@H]1OC[C@@H]([C@@H]([C@H]1O)O)O)O,kaempferol,0,0.493135971252063,0.4107142857142857,False
Oc1cc(O)c2c(c1)oc(c(c2=O)O[C@@H]1OC(CO[C@@H]2OC(C)[C@@H](C([C@@H]2O)O)O)[C@H]([C@@H](C1O[C@@H]1OC(C)[C@@H](C([C@@H]1O)O)O)O)O)c1cc(O)c(c(c1)O)O,myricetin,0,0.49294014105602046,0.4117647058823529,False
C/C/1=C\C[C@]2(CC[C@](O2)([C@@H]2O[C@]([C@@H](CC1)O)(C)CC2)C)C(C)C,isoincensole,0,0.49239492995330214,0.22857142857142856,False
C/C(=C\C=C\C=C(\C=C\C=C(\C=C\C1=C(C)C[C@H](CC1(C)C)O)/C)/C)/C=C/C=C(/C=C/[C@H]1C(=C[C@@H](CC1(C)C)O)C)\C,lutein,0,0.49239492995330214,0.19696969696969696,False
CC(=O)O[C@@H]1CC[C@]2([C@H](C1(C)C)CC[C@@]1([C@@H]2CC[C@H]2[C@@]1(C)CC[C@@H]2[C@]1(C)CC[C@H](O1)C(O)(C)C)C)C,cabraleadiol,0,0.4917351377477042,0.3717948717948718,False
COc1cc2OC3C(c2c2c1C(=O)C[C@H](O2)c1ccccc1)C3(C)C,"(2S)-5-methoxy-6'',6''-dimethyl-4'',5''-dihydrocyclopropa[4'',5'']furano[2'',3'':7,8]flavanone",0,0.49079225667934495,0.543859649122807,True
O=Cc1ccc(cc1)C(C)C,4-isopropylbenzaldehyde,0,0.4905658890290038,0.24242424242424243,False
COc1c2c(C[C@@H](N([C@@H]2C)C)C)cc(c1c1c(C)cc2c(c1O)c(OC)ccc2)O,ancistrotanzanine,0,0.4905658890290038,0.28205128205128205,False
C1Oc2c(O1)cc1c(c2)C2COc3c(C2O1)cc1c(c3)occ1,neoduline,0,0.4904986803722739,0.22807017543859648,False
COc1c(OC2O[C@H](C)[C@H]([C@@H]([C@@H]2O)O)O)cc2c(c1O)c(=O)c(c(o2)c1ccc(cc1)O)OC1O[C@H](COC2O[C@H](C)[C@H]([C@@H]([C@@H]2O)O)O)[C@@H]([C@@H]([C@H]1O)O)O,3-O-alpha-rhamnopyranosyl(1→6)-beta-galactopyranoside-7-O-alpha-rhamnopyranoside,0,0.4904846007003432,0.3333333333333333,False
OC[C@@H]1OC(Oc2cc(O)c(c(c2C(=O)C)O)c2c(C)cc(c3c2C(=O)c2ccc(cc2C3=O)O)O)[C@H]([C@@H]([C@H]1O)O)O,4'-O-demethylknipholone-4'-beta-D-glucopyranoside,0,0.4904185678172704,0.34782608695652173,False
OC[C@]1(C)CCCC(=C)[C@H]1CCc1cocc1,elgonene,0,0.49,0.22058823529411764,False
O=C1c2ccc3c(c2O[C@H]2[C@@]1(O)c1cc4OCOc4cc1OC2)OCO3,usararotenoid,0,0.49,0.29508196721311475,False
CC(=O)O[C@@H]1O[C@H](C[C@H]1[C@@H]1CC=C2[C@@]1(C)CC[C@H]1[C@@]2(C)[C@H](O)C[C@@H]2[C@]1(C)CCC(=O)C2(C)C)[C@@H]1OC1(C)C,chisocheton,0,0.49,0.3048780487804878,False
O=C/C(=C/1\CCC2(C1=Cc1c(O2)ccc2c1c(OC)cc(c2O)C(=O)O)C)/C,busseihydroquinone,0,0.49,0.2261904761904762,False
CC(=O)O[C@H]1[C@H](OC(=O)C)[C@H]2O[C@H]2[C@@H]2[C@@]1(COC(=O)c1ccccc1)O2,(-)-crotepoxide,0,0.49,0.22666666666666666,False
COCC1OC(OC2CC[C@]3([C@H](C2(C)C)CC(=O)C2=C[C@@](CC[C@H]32)(C)C=C)C)C(C(C1OC)O)OC1OC(C)C(C(C1OC)OC)OC,permethylate,0,0.49,0.26744186046511625,False
O[C@@H]1CC[C@@]2([C@@H](C1(C)C)CC[C@]([C@H]2CCc1ccoc1)(C)O)C,"(ent-3beta,8alpha)-15,16-epoxy-13(16),14-labdadiene-3,8-diol",0,0.49,0.2876712328767123,False
COc1c2CN(COc2c(c(c1C(=O)C)O)c1c(C)cc(c2c1C(=O)c1cccc(c1C2=O)O)O)c1ccccc1,"knipholone-1,3-oxazine",0,0.49,0.27710843373493976,False
Oc1ccc2c(c1)O[C@@H]1[C@H]2COc2c1cc1CC(O)C(Oc1c2)(C)C,rautandiol,0,0.48890791230731834,0.38095238095238093,False
OC[C@]1(O)CO[C@H](C1O)Oc1c(oc2c(c1=O)c(O)cc(c2)O)c1ccc(c(c1)O)O,quercetin,0,0.48884758582593,0.4098360655737705,False
Oc1cc(O)c2c(c1)oc(c(c2=O)O[C@@H]1O[C@H](C(=O)O)[C@H]([C@@H]([C@H]1O)O)O)c1ccc(c(c1)O)O,quercetin,0,0.4884198094342775,0.42028985507246375,False
COc1cc2O[C@@H](O)[C@@H]3[C@H](c2cc1OC)C(=O)c1c(O3)c2C=CC(Oc2cc1O)(C)C,6alpha-hydroxy-alpha-toxicarol,0,0.4882596586781814,0.2894736842105263,False
COC1=C(C)C(=O)C(c2c1c(=O)cc(o2)c1ccccc1)(C)C,"5-methoxy-6,8,8-trimethyl-2-phenylchromene-4,7-dione",0,0.48790401085805274,0.44,False
C=C1CC[C@]2([C@@H](C1)[C@]1(C)CC[C@@]3(C(=CC(=O)c4c3cc(O)c(c4C)O)[C@]1(CC2)C)C)C,6-oxoisoiguesterin,0,0.4877079919910269,0.21176470588235294,False
OC[C@H]1O[C@@H](Oc2c(oc3c(c2=O)c(O)cc(c3)OC)c2ccc(c(c2)O)O)[C@@H]([C@H]([C@@H]1O)O)O,rhamnetin,0,0.487585609617664,0.4125,False
OC[C@H]1OC(Oc2c3C(=O)OCc3cc3c2c(O)ccc3)[C@@H]([C@H]([C@@H]1O)O)O,beta-sorigenin-1-O-beta-glucoside,0,0.4872179920068739,0.3372093023255814,False
CC(=CCC[C@H]1C(=O)O[C@@H]2[C@@H]1[C@]1(C)CC[C@H]3C(=CC[C@@H]4[C@]3(C)CCC(=O)C4(C)C)[C@]1(C2)C)C,kulactone,0,0.4870200667383854,0.3614457831325301,False
COc1cc2[C@@H](c3ccc4c(c3)OCO4)[C@H]3C(=O)OCC3C(c2c(c1OC)OC)O,6-methoxydiphyllin,0,0.48680230433932925,0.29411764705882354,False
OC[C@H]1O[C@@H](O[C@H]2CC[C@]3(C(=CC[C@@H]4[C@@H]3CC[C@]3([C@H]4C[C@H]4[C@@H]3[C@H](C)[C@@H]3N4C[C@H](CC3)C)C)C2)C)[C@H]([C@H]([C@H]1O[C@@H]1O[C@@H](C)[C@@H]([C@H]([C@H]1O)O)O)O)O[C@@H]1O[C@@H](C)[C@H]([C@H]([C@H]1O)O)O,solanidine,0,0.4862680052378874,0.30851063829787234,False
OC[C@H]1O[C@@H](OC2CC[C@]3(C(=CC[C@@H]4C3CC[C@]3([C@H]4C[C@H]4[C@@H]3[C@H](C)[C@@H]3N4C[C@H](CC3)C)C)C2)C)[C@@H]([C@H]([C@@H]1O[C@@H]1O[C@@H](C)[C@@H]([C@H]([C@H]1O)O)O)O)O,solanidine,0,0.4862680052378874,0.31521739130434784,False
Oc1ccc(cc1)c1oc2cc(OC3O[C@H](C)[C@H]([C@@H]([C@@H]3O)O)O)cc(c2c(=O)c1OC1O[C@H](COC2O[C@H](C)[C@H]([C@@H]([C@@H]2O)O)O)[C@H]([C@@H]([C@@H]1OC1O[C@H](C)[C@H]([C@@H]([C@H]1O)O)O)O)O)O,kaempferol,0,0.48530147360250075,0.48863636363636365,False
O=C[C@H]1C(=CC[C@@H]2[C@]1(C)CC[C@@H](C2=C)C)C=O,9-deoxymuzigadial,0,0.4845645263827082,0.234375,False
COc1ccc(cc1)C1CC(=O)c2c(O1)cc(c(c2OC)O)OC,"6-hydroxy-5,7,4'-trimethoxyflavanone",0,0.4845249303729123,0.56,True
CC(=O)O[C@H]1CC[C@]2([C@H](C1(C)C)CC[C@@]1([C@@H]2CC[C@@]23[C@@]1(C)C[C@H]([C@@]1([C@H]2CC(C)(C)CC1)CO3)O)C)C,"3beta-acetyl-16alpha-hydroxy-13beta,28-epoxyoleanane",0,0.4834702754954084,0.38461538461538464,False
O[C@H]1[C@@H](O[C@H]([C@@H]([C@H]1O)O)C)Oc1cc2c(=O)oc3c4c2c(c1O)oc(=O)c4cc(c3O)O,4-(alpha-L-rhamnopyranosyl)ellagic,0,0.4829629079255428,0.3048780487804878,False
CC([C@H]1C(=O)O[C@@H]2CCN3[C@@H]2C(=CC3)COC(=O)[C@]([C@]1(C)O)(C)O)C,trichodesmine,0,0.48295716639209224,0.2222222222222222,False
COc1c(O)cc(cc1O)[C@H]1Oc2cc3OC(C)(C)C=Cc3c(c2C(=O)[C@@H]1O)O,dihydrolanneaflavonol,0,0.48268512451669066,0.328125,False
CC(=CCC([C@@H]1CCC2(C1CCC1=C2CCC2[C@]1(C)CC[C@H](C2(C)C)O)C)C(=O)O)C,"3-beta-hydroxytirucall-8,24-dien-21-oic",0,0.4824039753754203,0.2753623188405797,False
CC(=CCC([C@@H]1CCC2(C1CCC1=C2CCC2[C@]1(C)CC[C@@H](C2(C)C)O)C)C(=O)O)C,"3-alpha-hydroxytirucall-8,24-dien-",0,0.4824039753754203,0.2753623188405797,False
Cc1cc(O)c2c(c1)C(O)(c1ccc3c(c1O)C(=O)c1c(C3=O)c(O)c(cc1O)C)c1c(C2=O)c(O)ccc1,chryslandicin,0,0.4822552458504202,0.22093023255813954,False
COC(=O)C(=C)[C@@H]1[C@@H](OC(=O)C(=C)CO)C[C@]2([C@@H]([C@H]1O)C(=C)C(=O)OC2)C=C,vernodalol,0,0.4821870240633567,0.1797752808988764,False
O=C1OC[C@]23[C@H](C1)OC([C@@H]2CC(=O)[C@@]1([C@@H]3CC[C@@]2([C@]31O[C@@H]3C(=O)O[C@H]2c1cocc1)C)C)(C)C,limonin,0,0.482012331838565,0.20987654320987653,False
COc1c2OCOc2cc2c1nc1occc1c2OC,flindersiamine,0,0.4817351377477042,0.3157894736842105,False
CC(=O)O[C@@]1(C)CC[C@]2(C(C1(C)C)CC[C@@]1(C2CCC23[C@@]1(C)CCC1(C2CC(C)(C)CC1=O)C(=O)O3)C)C,3beta-acetyloleanan-28-13beta-olide,0,0.4817351377477042,0.24719101123595505,False
CC(=O)O[C@H]1CC[C@]2([C@H](C1(C)C)CC[C@@]1([C@@H]2CC[C@@]23[C@@]1(C)C[C@H]([C@@]1([C@H]2CC(C)(C)CC1)CO3)OC(=O)C)C)C,"3beta,16alpha-di-O-acetyl-13beta,28-epoxyoleanane",0,0.4817351377477042,0.4,False
OC[C@]12CCC(C[C@H]1[C@@]1([C@](CC2=O)(C)[C@]2(C)CC[C@@H]3[C@](C2[C@@H](C1)O)(C)CC[C@@H](C3(C)C)OC(=O)C)C)(C)C,"3beta-acetyl-11alpha,28-dihydroxy-16-oxo-12-oleanene",0,0.4817351377477042,0.36585365853658536,False
COC[C@@]12CC[C@@H]([C@@]34[C@@H]1[C@H](OC)[C@]([C@H]3N(C2)CC)(O)[C@@]1([C@@H]2[C@H]4C[C@@H]([C@@H]2O)[C@H](C1)OC)OC)O,deltatsine,0,0.48141219569333626,0.17045454545454544,False
C[C@@H]1CC[C@H]2[C@@H]1[C@H]1[C@H](C1(C)C)CCC2=C,alloaramadendrene,0,0.48,0.25,False
OC[C@@H]1OC([C@H]([C@@H]([C@H]1O)O)OC(=O)/C=C\c1ccc(cc1)C)c1c(O)cc(c2c1oc(CC(=O)C)cc2=O)O,2'-p-O-methylcoumaroylaloesin,0,0.48,0.3235294117647059,False
C/C=C\1/CC(=C)[C@@](C)(O)C(=O)OCC2=CCN3[C@H]2[C@H](OC1=O)CC3,seneciphylline,0,0.48,0.21333333333333335,False
O=C1CC[C@]2([C@H](C1(C)C)CC[C@@]1([C@@H]2C=C[C@@]23[C@@]1(C)CC[C@@]1([C@H]2CC(C)(C)CC1)C(=O)O3)C)C,melliferone,0,0.48,0.32051282051282054,False
CC([C@@H]1CC[C@@]2([C@H]1[C@H]1C(=C)CC[C@@H]21)C)C,beta-bourbonene,0,0.48,0.26785714285714285,False
C[C@@H]1CC[C@@H]2[C@@H]1[C@H]1[C@H](C1(C)C)CCC2=C,aromadendrene,0,0.48,0.25,False
O=C/C(=C/CC/C(=C/CC1COC(=O)C1=C)/C)/C,"8-(tetrahydro-3'-methylene-2'-oxofuran-4'-yl)-2,6-dimethylocta-2,6-dienal",0,0.48,0.2222222222222222,False
C=C1CC[C@H]2O[C@@]2(CC[C@@H]2[C@@H]1CC2(C)C)C,caryophyllene,0,0.48,0.25,False
C/C=C\1/C[C@@H](C)[C@@](C)(O)C(=O)OCC2=CCN3[C@H]2[C@H](OC1=O)[C@H](O)C3,anacrotine,0,0.48,0.21518987341772153,False
COc1cc(=O)oc(c1)c1c(OC2OC3COC(OC3C(C2O)O)C)cc(cc1C)O,aloenin,0,0.4796827994790827,0.2625,False
O[C@H]1[C@@H](O[C@@H]([C@H]([C@@H]1O)O)CO[C@@H]1O[C@@H](C)[C@@H]([C@H]([C@H]1O)O)O)Oc1cc(O)c2c(c1)oc(cc2=O)c1ccc(cc1)O,apigenin,0,0.4794524846579181,0.4235294117647059,False
OC[C@H]1OC(O[C@@H]2[C@@H](O)C(O[C@@H]([C@H]2O)COC2O[C@H](C)[C@H]([C@@H]([C@@H]2O)O)O)Oc2c(oc3c(c2=O)c(O)cc(c3)OC2O[C@H](C)[C@H]([C@@H]([C@@H]2O)O)O)c2ccc(c(c2)O)O)[C@@H]([C@H]([C@@H]1O)O)O,quercetin,0,0.47763750674073535,0.44680851063829785,False
CC(=C)[C@@H]1CC[C@]2([C@H]1[C@H]1CC[C@H]3[C@@]([C@]1(C)CC2)(C)CC[C@@H]1[C@]3(C)CC[C@H](C1(C)C)O)C,epi-lupeol,0,0.4775274343082509,0.3013698630136986,False
CC(=C)[C@@H]1CC[C@]2([C@H]1[C@H]1CC[C@H]3[C@@]([C@]1(C)CC2)(C)CC[C@@H]1[C@]3(C)CC[C@@H](C1(C)C)O)C,lupeol,0,0.4775274343082509,0.3013698630136986,False
CC(=C)[C@H]1CC[C@@]2([C@@H]1[C@@H]1CC[C@@H]3[C@]([C@@]1(C)CC2)(C)CC[C@H]1[C@@]3(C)CC[C@H](C1(C)C)O)C,glycone,0,0.4775274343082509,0.3013698630136986,False
CC(=CCc1c(O)cc2c(c1O)C(=O)C(CO2)c1ccc(cc1O)O)C,"5,7,2',4'-tetrahydroxy-6-(3-methylbut-2-enyl)isoflavanone",0,0.4775216927748005,0.46153846153846156,False
Oc1ccc(cc1)c1oc2cc(O)cc(c2c(=O)c1O[C@@H]1O[C@@H](C)[C@@H]([C@H]([C@H]1O)O)O)O,kaempferol,0,0.47739488231590227,0.40350877192982454,False
COc1cc(O)c2c(c1)c1cc(O)c(cc1COC2=O)O,alterlactone,0,0.4769430887477475,0.3333333333333333,False
C/C(=C\CC1COC(=O)C1=C)/CC1CC(C(=O)O1)C,antheindurolide,0,0.47680230433932924,0.1917808219178082,False
C=C1CC[C@]2([C@@H](C1)[C@]1(C)CC[C@@]3(C(=CC=C4C3=CC(=O)C(=C4C)O)[C@]1(CC2)C)C)C,isoiguesterin,0,0.4764802218131883,0.20987654320987653,False
CC1=CC2C(CC1)[C@](C)(O)CC[C@H]2C(C)C,terreyol,0,0.47598403267762107,0.2807017543859649,False
CC1=C[C@@H]2[C@@H](CC1)[C@@](C)(O)CC[C@H]2C(C)C,T-cadinol,0,0.47598403267762107,0.2807017543859649,False
CC1=CC2C(CC1)[C@@](C)(O)CC[C@H]2C(C)C,delta-cadinol,0,0.47598403267762107,0.2807017543859649,False
OC[C@]12CC[C@H]([C@@H]1[C@@H]1[C@](CC2)(C)[C@]2(C)CC[C@@H]3[C@]([C@H]2CC1)(C)CC[C@@H](C3(C)C)O)C(=C)C,betulin,0,0.47592007431763506,0.3026315789473684,False
O[C@@H]1c2ccc3c(c2O[C@H]2[C@@]1(O)c1cc4OCOc4cc1OC2)OCO3,(+)-12-dihydrousararotenoid-A,0,0.47557453416149076,0.2542372881355932,False
COc1cc2OC(C)(C)C=Cc2c2c1C(=O)CC(O2)c1ccccc1,obovatin,0,0.47526031589369966,0.5254237288135594,True
O=Cc1cc(OC)cc2c1c(O)ccc2,eucleanal,0,0.47523028884174073,0.3829787234042553,False
Oc1cc(cc2c1C(=O)c1c(C2=O)cccc1O)C(=O)O,rhein,0,0.4749571768409041,0.2692307692307692,False
OC[C@H]1OC(Oc2c(oc3c(c2=O)c(O)cc(c3)O)c2ccc(c(c2)O)O)[C@@H]([C@H]([C@@H]1O)O)OC(=O)c1cc(O)c(c(c1)O)O,quercetin-3-(2''-galloyglucoside),0,0.4748735122497331,0.391304347826087,False
OC[C@H]1O[C@@H](Oc2c(oc3c(c2=O)c(O)cc(c3)O)c2ccc(c(c2)O)O)C(C([C@@H]1O)O)OC(=O)c1cc(O)c(c(c1)O)O,quercetin-3-(2''-galloylglucoside),0,0.4748735122497331,0.391304347826087,False
O=C1OC23C4C1(CC[C@@]2(C)[C@]1(C(CC3)[C@@]2(C)CC[C@](C(C2CC1)(C)C)(C)O)C)[C@@](C)(O)CC(C4)(C)C,leucolactone,0,0.47469230413979646,0.21951219512195122,False
OC[C@H]1O[C@@H](Oc2cc(C)c(cc2C(C)C)O)[C@@H]([C@H]([C@@H]1O)O)O,zataroside,0,0.4741128061315711,0.31645569620253167,False
COc1ccc(c(c1CC=C(C)C)OC)[C@H]1COc2c(C1=O)c(O)cc(c2)O,"(S)-5,7-dihydroxy-2',4'-dimethoxy-3'-(3''-methylbut-2''-enyl)-isoflavanone",0,0.47394618958464163,0.4142857142857143,False
COc1c(O)cc(cc1CC=C(C)C)C1COc2c(C1=O)c(O)cc(c2)O,"5,7,3'-trihydroxy-4'-methoxy-5'-(3-methylbut-2-enyl)isoflavone",0,0.47394618958464163,0.5,True
COc1cc(/C=C/c2cc(O)c(c(c2)O)C/C=C(/CCC=C(C)C)\C)cc2c1O[C@]1(C)C[C@@H](O)[C@H](C([C@H]1C2)(C)C)O,schweinfurthin,0,0.47345983319170154,0.39285714285714285,False
C/C/1=C/CCC2(C)OC2CC2(OC(C(CC1)O)(C)CC2)C(C)C,incensole,0,0.47316963862831296,0.2463768115942029,False
C/C(=C\C[C@@]1(CC(C(=C)C)CCC(=C)C)C(=C(C(=O)c2cccc(c2)O)C(=O)C(C1=O)(CC=C(C)C)CC=C(C)C)O)/CCC=C(C)C,"4,4-di(3-methylbut-2-enyl)-6-geranyl-1-hydroxy-2-(10-hydroxybenzoyl)-6-[2-(1-methylethenyl)-5-methylhex-5-enyl]-cyclohex-1-en-3,5-dione",0,0.47295716639209223,0.2727272727272727,False
O[C@@H]1COC([C@@H]([C@H]1O)O)Oc1c(cc2c(c1O)[C@@]1(C)CCCC([C@@H]1CC2)(C)C)C(C)C,"11-hydroxy-8,11,13-abietatriene-12-O-beta-xylopyranoside",0,0.47295716639209223,0.49206349206349204,False
OC[C@H]1O[C@H]([C@@H]([C@@H]([C@@H]1O)O)O)c1c(O)c([C@@H]2O[C@H](CO)[C@H]([C@@H]([C@H]2O)O)O)c(c2c1oc(cc2=O)c1ccc(c(c1)O)O)O,lucenin-2,0,0.472830309366534,0.35,False
Cc1cc(O)c2c(c1)C(=O)c1c(C2=O)c(O)c(cc1)[C@]1(O)c2cccc(c2C(=O)c2c1cc(C)cc2O)O,"10-hydroxy-10,7'-(chrysophanol",0,0.47225524585042017,0.21212121212121213,False
Cc1cc(O)c2c(c1)C(=O)c1c(C2=O)c(O)c(cc1)C1(O)c2cccc(c2C(=O)c2c1cc(C)cc2O)O,bianthracene,0,0.47225524585042017,0.21212121212121213,False
Cc1cc(O)c2c(c1)C(=O)c1c(C2=O)c(O)c(cc1)[C@@]1(O)c2cccc(c2C(=O)c2c1cc(C)cc2O)O,"10-hydroxy-10,7'-(chrysophanol",0,0.47225524585042017,0.21212121212121213,False
COc1cc2c(cc1C)C(=O)CC1[C@]2(C)C=CC(=O)C1(C)C,"12-methoxy-13-methylpodocarpa-1,8,11,13-tetraen-3,7-dione",0,0.47218702406335666,0.27419354838709675,False
O[C@H]1C=C(C(=O)O)[C@@]2([C@@H](C1)[C@](C)(CCc1ccoc1)[C@H](C[C@H]2O)C)C,dodonic,0,0.4712277701778386,0.21621621621621623,False
OC[C@]12CCC(C[C@H]1C1=CC[C@H]3[C@@]([C@@]1(C[C@H]2O)C)(C)CC[C@@H]1[C@]3(C)CC[C@@H](C1(C)C)O)(C)C,primulagenin,0,0.4709007593683293,0.47058823529411764,False
COC1=Cc2ccnc3c(c4c5ccccc5c5c(c(cc6CCN(c4c56)C)OC)OC)c4ccccc4c(C1=O)c23,trivalvone,0,0.4708254771211773,0.27586206896551724,False
OC[C@@H]1O[C@@H]([C@H]([C@@H]([C@H]1O)O)OC(=O)/C=C/c1ccc(cc1)O)c1c(OC2O[C@H](CO)[C@H]([C@@H]([C@H]2O)O)O)cc(c2c1oc(CC(=O)C)cc2=O)C,aloeresin,0,0.47065403534341405,0.3333333333333333,False
CC(=CCc1c(O)c(CC(C(=C)C)O)c(c2c1occ(c2=O)c1ccc(cc1)O)O)C,"5,7,4'-trihydroxy-8-(3""'-methylbut-2""'-enyl)-6-(2""-hydroxy-3""-methylbut-3""enyl)",0,0.47059467235079316,0.3582089552238806,False
OC/C(=C/Cc1c(O)cc2c(c1O)c(=O)c(co2)c1ccc(cc1)O)/C,"5,7,4'-trihydroxy-6-[1-hydroxy-2-methylbuten-2-yl]isoflavone",0,0.47003433835657726,0.47540983606557374,False
CC(=C)[C@@H]1CC[C@]2([C@H]1[C@H]1CC[C@H]3[C@@]([C@]1(C)CC2)(C)CC[C@@H]1[C@]3(C)CCC(=O)C1(C)C)C,lupenone,0,0.47,0.33783783783783783,False
O=C1OCC2=CCN3[C@H]2[C@@H](CC3)OC(=O)[C@@]2(C[C@H]([C@@]1(C)O)C)O[C@H]2C,jacobine,0,0.47,0.24,False
C/C=C(/C(=O)O[C@H]1C[C@@H](OC(=O)C)[C@@](C2[C@@]1(C)C1[C@@H](OC(=O)C)[C@H](OC(=O)C(C)C)[C@@]3([C@]4([C@]1(C)[C@@H](C2)OC(=O)C)O[C@@H]4C[C@H]3c1ccoc1)C)(C)OC(=O)C)\C,"11beta-acetoxy-3,7-diacetyl-4alpha-carbomethoxy-12alpha-isobutyryloxy-28-nor-1-tigloyl-havanensin",0,0.47,0.19791666666666666,False
CC(=O)O[C@H]1[C@@H](C=C[C@H]2[C@]1(COC(=O)c1ccccc1)O2)OC(=O)C,alpha-senepoxide,0,0.47,0.22972972972972974,False
O=C(c1ccccc1)OC[C@@]12O[C@@H]1[C@H]([C@@H]([C@@H]([C@H]2O)OC(=O)c1ccccc1)O)Cl,epimonanthadiepoxide,0,0.47,0.21621621621621623,False
OC[C@H]1OC(Oc2cc(OC)cc(c2C(=O)c2ccc(cc2)O)O)[C@@H]([C@H]([C@@H]1O)O)O,"2,4',6-trihydroxy-4-methoxybenzophenone-2-O-glucoside",0,0.47,0.3875,False
CC(=O)O[C@H]1[C@@H](C=C[C@@H]2[C@@]1(COC(=O)c1ccccc1)O2)OC(=O)C,beta-senepoxide,0,0.47,0.22972972972972974,False
O=C1CC[C@]2(C(C1(C)C)CC[C@@]1(C2CCC23[C@@]1(C)CCC1(C2CC(C)(C)CC1=O)C(=O)O3)C)C,diketo,0,0.47,0.35135135135135137,False
CC(=O)O[C@@H]1C[C@@H]2[C@]([C@@H]3[C@]1(C)C1=CC[C@H]([C@@]1(CC3)C)c1ccoc1)(C)C=CC(=O)C2(C)C,azadirone,0,0.47,0.2619047619047619,False
OC/C=C(/CCC[C@@H](CCC[C@@H](CCCC(C)C)C)C)\C,trans-phytol,0,0.47,0.16326530612244897,False
COc1c(O)cc(cc1CC=C(C)C)c1coc2c(c1=O)c(OC)cc(c2)O,3'-prenylbiochanin,0,0.4693771038836103,0.4666666666666667,False
OC[C@H]1O[C@@H](Oc2cc(O)cc(c2c2cc(OC)cc(=O)o2)C)[C@@H]([C@H]([C@@H]1O)O)O,aloenin,0,0.4693541589737755,0.35294117647058826,False
OC[C@H]1OC(Oc2c(oc3c(c2=O)c(O)cc(c3)OC2O[C@H](CO)[C@H]([C@@H]([C@H]2O)O)O)c2ccc(cc2)OC2O[C@H](CO)[C@H]([C@@H]([C@H]2O)O)O)[C@@H]([C@H]([C@@H]1O)O)O,kaempferol,0,0.46875814011868755,0.38095238095238093,False
OC[C@H]1O[C@@H](Oc2c(oc3c(c2=O)c(O)cc(c3)O)c2ccc(cc2)O)[C@@H]([C@H]([C@H]1O)O)O,kaempferol,0,0.46815248052443986,0.391304347826087,False
OC[C@H]1O[C@@H](Oc2c(oc3c(c2=O)c(O)cc(c3)O)c2ccc(cc2)O)[C@@H]([C@H]([C@@H]1O)O)O,kaempferol,0,0.46815248052443986,0.391304347826087,False
OCc1cc(O)c2c(c1)C(C1OC(COC(=O)C)C(C(C1O)O)OC(=O)C)c1c(C2=O)c(O)c(cc1)O,"7-hydroxyaloin-4',6'-O-diacetate",0,0.46746140142517817,0.27586206896551724,False
OCc1cc(O)c2c(c1c1c(O)cc(c(c1OC)C(=O)C)O)C(=O)c1c(C2=O)c(O)ccc1,gaboroquinone,0,0.46746140142517817,0.26153846153846155,False
Oc1ccc(cc1)C(=O)O[C@@H]1CC[C@]2([C@H](C1(C)C)C[C@@H]([C@@]1([C@@H]2CC=C2[C@@]1(C)CC[C@@]1([C@H]2[C@@H](C(=O)O)[C@H](C)CC1)C)C)O)C,1beta-hydroxymaprounic,0,0.4661202892492456,0.41379310344827586,False
O=CC1=CC[C@H]2[C@@]([C@@H]3[C@@H]1[C@]1(O)[C@H](O3)OC[C@H](C1=O)O)(C)CC[C@@]1(C2=C(CC1)C(C)C)C,striatal,0,0.46592007431763505,0.20930232558139536,False
CC1=CC[C@@H](CC1)[C@@]1(C)O[C@@H]1[C@@H]1OC(=O)[C@@H](C1)C,elgonene,0,0.46535209634539443,0.2698412698412698,False
OC[C@H]1OC(O[C@@H]2C(O[C@@H]([C@H]([C@@H]2O)O)COC2O[C@H](C)[C@H]([C@@H]([C@@H]2O)O)O)Oc2c(oc3c(c2=O)c(O)cc(c3)OC2O[C@H](C)[C@H]([C@@H]([C@@H]2O)O)O)c2ccc(cc2)O)[C@@H]([C@H]([C@@H]1O)O)O,kaempferol,0,0.4653014736025007,0.5340909090909091,True
CO[C@]1(C)CCC2[C@]([C@H]1C)(C)CC(=C)C1[C@@]2(C)CC[C@@]2([C@]1(C)CC[C@@]1(C2CC(C)(C)CC1)C)C,friedelanol,0,0.4645645263827082,0.1724137931034483,False
COc1ccc(cc1O)CC1N(C)CCc2c1cc(OC)c(c2)OC,laudanine,0,0.4645645263827082,0.3508771929824561,False
OC[C@H]1OC(OC[C@H]2OC(O[C@H]3CC[C@]4(C(C3(C)C)CC[C@@]3(C4CC[C@@]45[C@@]3(C)CC([C@@]3(C4CC(C)(C)[C@H]([C@@H]3OC(=O)C)O)C(=O)O5)O)C)C)[C@@H]([C@H]([C@@H]2O)O)OC2O[C@H](COC(=O)/C=C/c3ccc(cc3)O)[C@H]([C@@H]([C@H]2O)O)O)[C@@H]([C@H]([C@@H]1O)O)O,"22alpha-acetyl-16alpha,21beta-dihydroxyoleanane-13beta:28-olide",0,0.4645645263827082,0.3025210084033613,False
OCC1OC(OC2CC[C@]3([C@H](C2(C)C)CC(=O)C2=C[C@@](CC[C@H]32)(C)C=C)C)C(C(C1O)O)OC1OC(C)C(C(C1O)O)O,linifolioside,0,0.4645645263827082,0.3854166666666667,False
Oc1cc(O)c2c(c1)OCC(C2=O)c1ccc(c2c1OC(C)(C)C=C2)O,glyasperin,0,0.46439650809993865,0.3548387096774194,False
O[C@H]1CC[C@@H]2C(=CC[C@H]3[C@@]2(C)CC[C@@]2([C@]3(C)CC[C@@]3([C@H]2CC(C)(C)CC3)C)C)C1(C)C,D:B-friedoolean-5-en-3beta-ol,0,0.46400559383258566,0.29577464788732394,False
O[C@H]1CC[C@@H]2C(=CCC3[C@@]2(C)CC[C@@]2([C@]3(C)CC[C@@]3(C2CC(C)(C)CC3)C)C)C1(C)C,glutenol,0,0.46400559383258566,0.29577464788732394,False
OC[C@@H]1OC([C@H]([C@@H]([C@H]1O)O)OC(=O)/C=C\c1ccc(cc1)O)c1c(O)cc(c2c1oc(CC(=O)C)cc2=O)O,iso-aloeresin,0,0.4636112017355063,0.3465346534653465,False
O=C(c1cc(O)c(c(c1)O)O)OC[C@]1(C)[C@@H](O)[C@H](O)C[C@]2([C@H]1CC[C@@]1([C@@H]2CC=C2[C@@]1(C)CC[C@@]1([C@H]2CC(CC1)(C)C)C(=O)O)C)C,23-galloylarjunic,0,0.4634417670924355,0.39285714285714285,False
C/C(=C\Cc1c[nH]c2c1cccc2)/CCC=C(C)C,3-geranylindole,0,0.4632952396569948,0.35294117647058826,False
C/C(=C\CC/C=C(/CC[C@@H]1C(=C)CC[C@@H](C1(C)C)O)\C)/CC/C=C(/CCC=C(C)C)\C,achilleol,0,0.4629629079255428,0.2222222222222222,False
O=C1OC(C[C@@]21[C@@]1(C)O[C@H]1C[C@]1([C@]32CC[C@]1(C(=O)O3)C)C)c1cocc1,"7,8-epoxyisocholiolide",0,0.4626138332432741,0.203125,False
COc1ccc(cc1)c1oc2cc(OC3O[C@H](C)[C@H]([C@@H]([C@@H]3O)O)O)cc(c2c(=O)c1OC1O[C@H](C)[C@H]([C@@H]([C@@]1(O)C(=O)c1cc(O)c(c(c1)O)O)O)O)O,kaempferide,0,0.46247296777011293,0.32098765432098764,False
OC[C@H]1OC(OC[C@H]2OC(O[C@H]3CC[C@]4(C(C3(C)C)CC[C@@]3(C4CC=C4[C@@]3(C)CC(=O)[C@@]3(C4CC(C)(C)CC3)CO)C)C)[C@@H]([C@H]([C@@H]2O)O)O)[C@@H]([C@H]([C@@H]1O)O)O,16-oxo-28-hydroxyolean-12-ene,0,0.46221399691459686,0.3333333333333333,False
OC(=O)[C@]1(C)CCC[C@]2([C@H]1CC(=O)c1c2ccc(c1)C(C)C)C,7-oxo-15-hydroxydehydroabietic,0,0.46193504918474604,0.3387096774193548,False
CC(=O)O[C@@H]1CC[C@]2([C@H]([C@@]1(C)C(=O)O)CC[C@@]1([C@@H]2CC=C2[C@@]1(C)CC[C@@]1([C@H]2[C@@H](C)[C@H](C)CC1)C)C)C,actyl-beta-boswellic,0,0.46182866556836905,0.696969696969697,True
COc1ccc(c(c1CC=C(C)C)O)[C@H]1COc2c(C1=O)c(O)cc(c2)O,"(±)-5,7,2'-trihydroxy-4'-methoxy-3'-(3''-methylbut-2''-enyl)-isoflavanone",0,0.461759165521285,0.4142857142857143,False
COc1c(OC)ccc2c1cnc1c2ccc2c1cc1OCOc1c2,"7,8-dimethoxy-2,3-methylenedioxybenzo[c]phenanthridine",0,0.4617351377477042,0.3333333333333333,False
COc1cc(O)c2c(c1O)c1OC(C)(CCC=C(C)C)C=Cc1cc2,"9-methoxy-2-methyl-2-(4-methyl-3-pentenyl)-2H-benzo[h]chromene-7,10-diol",0,0.46142696038027275,0.3,False
O=C[C@]12CC[C@@H](C[C@@]1(O)CC[C@@H]1[C@@H]2CC[C@]2([C@]1(O)CC[C@@H]2c1ccc(=O)oc1)C)OC(=O)C,hellebrigenin,0,0.4612277701778386,0.2682926829268293,False
COC1=C2[C@@H]3CC[C@]4([C@]([C@H]3CC[C@@]2([C@H](C1=O)c1ccc(=O)oc1)C)(C=O)CC[C@@H]1[C@H]4O1)OC(=O)C,abyssinin,0,0.4612277701778386,0.25287356321839083,False
COc1ccc(cc1)[C@H]1Oc2cc(OC(=O)C)cc(c2C(=O)[C@@H]1[C@@H]1[C@H](Oc2c(C1=O)c(OC)cc(c2)OC(=O)C)c1ccc(cc1)OC)OC,"7,7''-diacetyl-4',4''',5,5''-tetramethylchamaejasmin",0,0.4612277701778386,0.3620689655172414,False
O=C[C@]12CC[C@@H](C[C@]1(CC[C@@H]1[C@@H]2CC[C@]2([C@]1(O)CC[C@@H]2c1ccc(=O)oc1)C)OC(=O)C)OC(=O)C,hellebrigenin,0,0.4612277701778386,0.2619047619047619,False
OC[C@H]1O[C@H]([C@@H]([C@H]([C@@H]1O)O)O)c1c(O)cc(c2c1oc(cc2=O)c1ccc(c(c1)O)O)O,orientin,0,0.46109517161882985,0.35,False
COc1cc2C[C@H](C)N([C@@H](c2c(c1c1c(C)cc2c(c1O)c(OC)ccc2)OC)C)C,ancistrotectorine,0,0.4605658890290038,0.3026315789473684,False
CC(=O)O[C@@]1(C)CC[C@]2([C@]3([C@]41CC(OC4=O)c1ccoc1)CC[C@]2(C(=O)O3)C)C,8-acetoxyisochiliolide,0,0.4604788591668927,0.2073170731707317,False
OC[C@H]1OC(O[C@H]2CC[C@]3(C(C2(C)C)CC[C@@H]2[C@@H]3C[C@@H](O)[C@H]3[C@@]2(C)C[C@@H](C3[C@@](CCC=C(C)C)(O)C)O)C)[C@@H]([C@H]([C@@H]1O)O)O,"(20S)-12beta,16beta-trihydroxydammar-24-ene-3beta-O-beta-glucopyranoside",0,0.46,0.2,False
OC(=O)CC[C@@]1(C)[C@@H](CC[C@@]2([C@@H]1CC[C@H]1[C@@]2(C)CC[C@@]2([C@@H]1[C@@H](CC2)C(=C)C)C)C)C(=C)C,canaric,0,0.46,0.3132530120481928,False
COc1cc(O)c(c(c1OC)O)C(=O)[C@@H]1CC=C([C@@H]([C@H]1c1ccccc1)CC=C(C)C)C,(+/-)-isoschefflerin,0,0.46,0.3108108108108108,False
O=C1CCC[C@H]2N1C(O)[C@@H]1C[C@@H]2CN2[C@H]1CCCC2,6beta-hydroxylupanine,0,0.46,0.22950819672131148,False
C=C(C(C)C)CC[C@H]([C@H]1CC[C@@]2([C@]1(C)CC[C@]13C2CCC2[C@]1(C3)[C@@H](O)[C@@H](O)[C@@H](C2(C)C)O)C)C,neomacrotriol,0,0.46,0.16470588235294117,False
CC(=C)[C@@H]1CC[C@]2([C@H]1[C@H]1CC[C@H]3[C@@]([C@]1(C)C[C@@H]2O)(C)CC[C@@H]1[C@]3(C)CCC(=O)C1(C)C)C,resinone,0,0.46,0.32894736842105265,False
COC(=O)C(C1=CC(=O)C=C(C1=O)C/C=C(/CCC=C(C)C)\C)C(C1=CC(=O)C=C(C1=O)C/C=C(/CCC=C(C)C)\C)C(=O)OC,dimethyl,0,0.46,0.3142857142857143,False
O=C1CC[C@]2([C@H](C1(C)C)CC[C@@]1([C@@H]2CC[C@@]2(C1=CC[C@@]1([C@H]2CC(C)(C)CC1)C)C)C)C,taraxerone,0,0.46,0.36764705882352944,False
CCCCC/C=C/C=C/C12O[C@H]3[C@@](O1)(C[C@H](C1(O2)[C@H]3[C@@H]2O[C@@]2([C@H]([C@]2([C@H]1C=C(C2=O)C)O)O)CO)C)C(=C)C,excoecariatoxin,0,0.46,0.16842105263157894,False
CCCC(OC(=O)CC[C@@H]1C(=C(C)C)CC[C@H]([C@]1(C)CCc1cocc1)C)C,1-methylbutyltessmannoate,0,0.46,0.22340425531914893,False
CC(=O)O[C@@H]1C[C@H]2C(C)(C)O[C@@H]3[C@@]2([C@@H]2[C@]1(C)[C@@]14O[C@@H]1C[C@H]([C@@]4(CC2)C)c1cocc1)COC(=O)C3,uguenensene,0,0.46,0.24742268041237114,False
COc1cc(O)c2c(c1)OC[C@@](C2=O)(O)c1ccc2c(c1OC)C=CC(O2)(C)C,"(S)-3,5-dihydroxy-2',7-dimethoxy-2'',2''-dimethylpyrano[5'',6'':3',4']isoflavanone",0,0.45930619191943156,0.3424657534246575,False
COc1cc(O)c(cc1C1=Cc2c(OC1)cc(cc2)O)OC,"7,4'-dihydroxy-2',5'-dimethoxyisoflav-3-ene",0,0.4587263742315335,0.31666666666666665,False
OC[C@H]1O[C@H]([C@@H]([C@H]([C@@H]1O)O)O)[C@@]1(O)c2cc(COC(=O)[C@@H]([C@@H](O)C)C)cc(c2C(=O)c2c1cccc2O)O,deacetyllittoraloin,0,0.45862162223990377,0.2755102040816326,False
C[C@@H]1CC[C@]2([C@@H]([C@H]1C)C1=CC[C@H]3[C@@]([C@@]1(CC2)C)(C)CC[C@@H]1[C@]3(C)C[C@@H](O)[C@@H](C1(C)C)O)C(=O)O,corosolic,0,0.45709234150771044,0.7758620689655172,True
OC[C@H]1OC(Oc2ccc(cc2)c2oc3cc(OC4O[C@H](CO)[C@@H]([C@@H]([C@H]4O)O)O)cc(c3c(=O)c2OC2O[C@H](C)[C@H]([C@@H]([C@@H]2O)O)O)O)[C@@H]([C@H]([C@H]1O)O)O,kaempferol,0,0.45702300237098326,0.4523809523809524,False
OCc1cc(O)c2c(c1)[C@H]([C@@H]1O[C@H](COC/C=C/c3ccc(cc3)O)[C@H]([C@@H]([C@H]1O)O)O)c1c(C2=O)c(O)ccc1,microdontin,0,0.4568701036217531,0.32558139534883723,False
OCc1cc(O)c2c(c1)C(C1O[C@H](C)[C@H]([C@@H]([C@@H]1O)O)O)c1c(C2=O)c(O)ccc1,10C-rhamnosyl,0,0.45661444261679796,0.2857142857142857,False
OC[C@H]1O[C@H]([C@@H]([C@H]([C@@H]1O)O)O)c1c(OC)cc(c2c1oc(CC(=O)C)cc2=O)C,7-O-methylaloesin,0,0.4562996641304124,0.23076923076923078,False
COc1cc2c(cc1OC)OCCC2C(=O)c1ccc2c(c1O)C=CC(O2)(C)C,7a-O-methyldeguelol,0,0.45557453416149074,0.28378378378378377,False
Oc1cc(O)c(c(c1)c1ccc(c(c1)O)O)C(=O)O,desmethylaltenusin,0,0.4555517672919682,0.425,False
OC[C@@H]1OC([C@H]([C@@H]([C@H]1O)O)OC(=O)/C(=C/C)/C)c1c(O)cc(c2c1oc(CC(=O)C)cc2=O)O,2'-O-tigloylaloesin,0,0.45456452638270817,0.2604166666666667,False
COc1cc2nc3occc3c(c2cc1OC[C@H](C(O)(C)C)O)OC,montrifoline,0,0.45456452638270817,0.21794871794871795,False
COc1cc2nc3occc3c(c2cc1OCC(C(O)(C)C)O)OC,nkolbisine,0,0.45456452638270817,0.21794871794871795,False
Cc1cc2C(O)Oc3c(C(=O)c2c(c1)O)c(O)ccc3,arugosin,0,0.45455854737815654,0.3584905660377358,False
CC(=O)OC[C@]12CCC(C[C@H]1[C@@]1([C@](C[C@H]2O)(C)[C@]2(C)CC[C@@H]3[C@]([C@H]2CC1)(C)CC[C@@H](C3(C)C)OC(=O)C)C)(C)C,"3beta,28-di-O-acetyl-16alpha-hydroxy-12-oleanene",0,0.4534702754954084,0.38461538461538464,False
O=C1CCC2[C@@]3([C@@]1(C)C3)CCC1[C@@]2(C)CC[C@@]2([C@]1(C)CC[C@@]1(C2CC(C)(C)CC1)C)C,"5beta,24-cyclofriedelan-3-one",0,0.4530362901944159,0.25675675675675674,False
COc1cc2OC[C@@H]3[C@H](c2cc1O)Oc1c3cc2c(c1)OCO2,2-hydroxypterocarpin,0,0.45295716639209227,0.3225806451612903,False
OC1CC[C@]2(C(C1)CC=C1[C@@H]2CC[C@]2([C@H]1CC[C@@H]2[C@@H](/C=C/[C@@H](C(C)C)C)C)C)C,"ergosta-7,22-dien-3beta-ol",0,0.45295716639209227,0.2972972972972973,False
COc1cc2c(=O)c(coc2c2c1OC(C)(C)C=C2)c1ccc(c(c1)OC)OC,"3-(3,4-dimethoxyphenyl)-6-methoxy-8,8-dimethyl-4H,8H-benzo[1,2-b:3,4-b']dipyran-4-one",0,0.4527232861793465,0.31666666666666665,False
CC(=CCc1c(O)cc2c(c1O)c(=O)c(co2)c1ccc(cc1)O)C,wighteone,0,0.4525135114443274,0.5714285714285714,True
O=C1C[C@H]2C(C)(C)CCC[C@@]2(c2c1cc(C(C)C)c(c2)O)C,sugiol,0,0.45193504918474603,0.40350877192982454,False
COC1=C(OC)C(=O)C=C(C1=O)C1COc2c(C1)ccc(c2)O,pendulone,0,0.4517792490929729,0.3492063492063492,False
C/C=C(/C(=O)O[C@H]1C[C@@H](OC(=O)C)[C@@]2(C3C41CO[C@]([C@H]4[C@@](C)([C@@H]([C@@H]3OC2)O)C12O[C@@]1(C)[C@H]1C[C@@H]2OC2[C@]1(O)C=CO2)(O)C(=O)OC)C(=O)OC)\C,azadirachtin,0,0.4517351377477042,0.18269230769230768,False
NC/C=C(/CC/C=C(/CCC=C(C)C)\C)\C,farnesylamine,0,0.4513655489374841,0.2727272727272727,False
OC1=C2C(=CC=C3[C@]2(C)CC[C@@H](C3(C)C)O)C=C(C1)C(C)C,hosloppone,0,0.4512277701778386,0.23076923076923078,False
COC1C2COC(=O)[C@@H]2[C@@H](c2c1c(O)c(c(c2)OC)OC)c1ccc2c(c1)OCO2,6-hydroxyjusticidin,0,0.4512277701778386,0.2948717948717949,False
COc1ccc(cc1)[C@H]1Oc2cc(OC)cc(c2C(=O)[C@@H]1[C@@H]1[C@H](Oc2c(C1=O)c(OC)cc(c2)OC)c1ccc(cc1)OC)OC,hexamethylchamaejasmin,0,0.4512277701778386,0.4117647058823529,False
COc1cc2c(c(c1)O)C(=O)O[C@]1(C2C[C@H](O)[C@H](C1)O)C,4'-epialtenuene,0,0.45094998676898645,0.45,False
OC[C@H]1OC(Oc2c(oc3c(c2=O)c(O)cc(c3)O)c2cc(O)c(c(c2)O)O)[C@@H]([C@H]([C@@H]1O)OC1O[C@H](C)[C@H]([C@@H]([C@@H]1O)O)O)O,myricetin,0,0.45044972440225706,0.4307692307692308,False
Oc1ccc(c(c1)O)c1coc2c(c1=O)c(O)c1c(c2)OC(C=C1)(C)C,parvisoflavone,0,0.4502474414491011,0.4426229508196721,False
OCC1(C)CCCC2(C1CCC(=C)C2CCc1cocc1)C,lambertianol,0,0.45,0.25,False
CC1=CC[C@@]23C[C@H]1C(C)(C)[C@@H]2CC[C@H]3C,cedrene,0,0.45,0.31666666666666665,False
CC1=CCC23CC1C(C)(C)[C@@H]2CC[C@H]3C,cedr-8-ene,0,0.45,0.31666666666666665,False
CC(=CCC[C@]([C@H]1[C@@H](O)C[C@@]2(C1CC[C@H]1[C@@]2(C)CCC2[C@]1(C)CC[C@@H](C2(C)C)OC(=O)C)C)(O)C)C,"3beta,16beta,20(R)-trihydroxydammar-24-ene",0,0.45,0.3493975903614458,False
CC(=O)O[C@H]1C[C@H]2[C@@](C3=CC[C@H]([C@]13C)C1=CCNC1=O)(C)[C@H](O)C[C@@H]1[C@]2(C)C=CC(=O)C1(C)C,turraparvin,0,0.45,0.23529411764705882,False
COc1cc2OC(C)(C)C=Cc2c2c1C(=O)[C@H](O)[C@H](O2)c1ccccc1,"(2R,3R)-3-hydroxy-5-methoxy-6'',6''-dimethylpyrano[2'',3'':7,8]flavanone",0,0.45,0.34328358208955223,False
O=C1O[C@@H]2CCN3[C@@H]2C(=CC3)COC(=O)[C@]([C@]([C@H]1C)(C)O)(C)O,monocrotaline,0,0.45,0.25,False
COc1cc2OC(C)(C)C=Cc2c(c1C(=O)C[C@@H](c1ccccc1)O)O,(S)-elatadihydrochalcone,0,0.45,0.3,False
OC/C(=C/CN(C(=N)N)CCCCNC(=O)C)/C,hydroxysmirnovine,0,0.45,0.17105263157894737,False
C/C/1=C/CCC(=C)/C=C\C(CC1)C(C)C,germacrene,0,0.45,0.19298245614035087,False
CC1CCC23C1CC(C2(C)C)CCC3C,patchoulane,0,0.45,0.21568627450980393,False
CC(OC(=O)CC[C@@H]1C(=C(C)C)CC[C@H]([C@]1(C)CCc1cocc1)C)C,2-methylpropyltessmannoate,0,0.45,0.265625,False
CCCCCCCC12O[C@H]3[C@@](O1)(C[C@H](C1(O2)[C@H]3[C@@H]2O[C@@]2([C@H]([C@]2([C@H]1C=C(C2=O)C)O)O)CO)C)C(=C)C,mellerin,0,0.45,0.22093023255813954,False
CCCCCCCCCCCC12O[C@H]3[C@@](O1)(C[C@H]([C@@]1(O2)[C@H]3[C@@H]2O[C@@]2([C@H]([C@]2([C@H]1C=C(C2=O)C)O)O)CO)C)C(=C)C,montanin,0,0.45,0.22093023255813954,False
CCCCCCCCC[C@@]12O[C@H]3[C@@](O1)(C[C@H]([C@@]1(O2)[C@H]3[C@@H]2O[C@@]2([C@H]([C@]2([C@H]1C=C(C2=O)C)O)O)CO)C)C(=C)C,simplexin,0,0.45,0.22093023255813954,False
CC(=O)O[C@H]1CC[C@]2([C@H](C1(C)C)CC[C@@]1([C@@H]2CC[C@H]2[C@@]1(C)CC[C@@]1([C@@H]2[C@@H](CC1)C(=C)C)C)C)C,lupeol,0,0.45,0.37662337662337664,False
OC[C@H]1O[C@H]([C@@H]([C@H]([C@@H]1O)O)O)c1c(O)cc(c2c1oc(CC(=O)C)cc2=O)C,aloesin,0,0.44946248349299694,0.24175824175824176,False
OC[C@H]1OC([C@@H]([C@H]([C@@H]1O)O)O)c1c(O)cc(c2c1oc(CC(=O)C)cc2=O)C,aloeresin,0,0.44946248349299694,0.24175824175824176,False
O=C1CC(C)(C)C2[C@@](C1)(C)[C@H]1CC=C3[C@@]([C@@]1(CC2)C)(C)CC[C@@]1([C@@H]3CC(C)(C)CC1)C(=O)O,3-oxo-12-oleanen-28-oic,0,0.44935035834316944,0.4782608695652174,False
OCc1c(O[C@H]2O[C@H](CO[C@@H]3OC[C@H]([C@@H]([C@H]3O)O)O)[C@H]([C@@H]([C@H]2O)O)O)cc2c(c1O)C(=O)c1c(C2=O)cccc1,lucidin-3-O-beta-primeveroside,0,0.44912905276541637,0.2765957446808511,False
COC(=O)C([C@@H]1C2C3CC[C@@]4(C(=C3CC(C2=O)C(=O)C1(C)C)CC(=O)O[C@H]4c1ccoc1)C)OC(=O)C,ekeberin,0,0.44890791230731836,0.20430107526881722,False
COc1cc(cc2c1OCO2)c1coc2c(c1=O)ccc1c2C=CC(O1)(C)C,isojamaicin,0,0.44881613301826784,0.36363636363636365,False
Oc1ccc(cc1)C(=O)O[C@@H]1C[C@@]2(C)C(C([C@H]1OC(=O)c1ccc(cc1)O)(C)C)CC[C@@]1(C2CC[C@@]2(C1=CC[C@@]1(C2CC(C)(C)CC1)C(=O)O)C)C,2alpha-hydroxymaprounic,0,0.448749462952639,0.29213483146067415,False
COc1cc2c(cc1OC)c(O)c1c3c2c(OC)c(OC)cc3ccn1C=O,N-formyl-7-hydroxyglaucine,0,0.44809783126446007,0.2857142857142857,False
COc1cc(O)c2c(c1O)c1OC(C)(C)C=Cc1cc2,"9-methoxy-2,2-dimethyl-2H-benzo[h]chromene-7,10-diol",0,0.44797005350737185,0.265625,False
CC(=CCCC([C@H]1CC[C@@]2([C@@]1(C)CCC1=C2CC[C@@H]2[C@]1(C)CCC(C2(C)C)OC(=O)C)C)C(=O)O)C,"3-alpha-acetoxytirucall-8,24-dien-21-oic",0,0.4477059297021734,0.29545454545454547,False
COc1ccc(cc1)c1cnc(o1)c1ccccc1,uguenenazole,0,0.4475216927748004,0.4222222222222222,False
CC(=O)OCc1cc(O)c2c(c1)C(=O)c1c(C2=O)c(O)ccc1,aloe-emodin,0,0.44746140142517815,0.25862068965517243,False
OCc1cc(O)c2c(c1)[C@@H](C1O[C@H](CO)[C@H]([C@@H]([C@H]1O)O)O)c1c(C2=O)c(O)ccc1,barbaloin,0,0.44661444261679795,0.2857142857142857,False
OCc1cc(O)c2c(c1)[C@H]([C@@H]1O[C@H](CO)[C@H]([C@@H]([C@H]1O)O)O)c1c(C2=O)c(O)ccc1,aloin,0,0.44661444261679795,0.2857142857142857,False
OCc1cc(O)c2c(c1)[C@H](C1O[C@H](CO)[C@H]([C@@H]([C@H]1O)O)O)c1c(C2=O)c(O)ccc1,barbaloin,0,0.44661444261679795,0.2857142857142857,False
OCc1cc(O)c2c(c1)C([C@@H]1O[C@H](CO)[C@H]([C@@H]([C@H]1O)O)O)c1c(C2=O)c(O)ccc1,aloin,0,0.44661444261679795,0.2857142857142857,False
OCc1cc(O)c2c(c1)[C@@H]([C@@H]1O[C@H](CO)[C@H]([C@@H]([C@H]1O)O)O)c1c(C2=O)c(O)ccc1,aloin,0,0.44661444261679795,0.2857142857142857,False
COc1c(O)cc(cc1C=O)C1COc2c(C1=O)c(O)cc(c2)O,"5,7,3'-trihydroxy-4'-methoxy-5'-formylisoflavone",0,0.4460811636610231,0.39655172413793105,False
OC[C@H]1OC(Oc2cc(C)c3c(c2)cc2c(c3O)C(=O)CC(C2)O)[C@@H]([C@H]([C@@H]1O)O)O,aloesaponol,0,0.4455745341614907,0.4268292682926829,False
COc1cc2c(cc1OC)OC[C@@H]1[C@H]2C(=O)c2c(O1)c1C[C@@H](Oc1cc2)C(=C)C,rotenone,0,0.4455745341614907,0.3150684931506849,False
O[C@H]1[C@@H](O[C@H]([C@@H]([C@H]1O)O)C)Oc1cc(O)c2c(c1)oc(c(c2=O)O)c1cc(O)c(c(c1)O)O,myricetin,0,0.4452981144223242,0.5490196078431373,True
COc1cc2c(cc1OC)OCc1c2c(=O)c2c(o1)c1C=CC(Oc1cc2)(C)C,dehydrodeguelin,0,0.44456672512229334,0.2835820895522388,False
O=C[C@]12CC[C@@H]3[C@H]([C@@]1(O)CC[C@@H]1[C@@H]2CC[C@]2(C1=CC(=O)[C@@H]2c1ccc(=O)oc1)C)O3,abyssinol,0,0.44418493656993085,0.28,False
OC[C@H]1O[C@H]([C@@H]([C@H]([C@@H]1O)O)OC(=O)/C=C/c1ccc(cc1)O)c1c(O)cc(c2c1oc(CC(=O)C)cc2=O)C,aloeresin,0,0.44361120173550633,0.33980582524271846,False
COC1=C(C(C)C)C2(C(C3(C1=O)CCc1c(O3)c(OC)c(c(c1)OC)C(C)C)Cc1c(O2)c(OC)c(c(c1)OC)C(C)C)OC,(+/-)-schefflone,0,0.44352305542109605,0.25609756097560976,False
OC[C@H]1O[C@@H](Oc2c(oc3c(c2=O)c(O)cc(c3)OC)c2ccc(cc2)O)[C@@H]([C@H]([C@@H]1O)O)O,rhamnocitrin,0,0.44344750862588606,0.38372093023255816,False
CC(=O)OC[C@@H]1CC[C@]2(C(C1)[C@]1(C)CC[C@@]3(C(=CCc4c3cc(OC(=O)C)c(c4C)OC(=O)C)[C@]1(CC2)C)C)C,dihydro-20-epi-isoiguesterinol,0,0.4434360255589849,0.21978021978021978,False
C/C=C(\C(=O)O[C@H]1C[C@@]2(C)O[C@@H]2[C@@H](O)C/C(=C/[C@@H]2[C@@H]1C(C)C(=O)O2)/CO)/C,"8alpha-angeloyloxy-1beta,10alpha-epoxy-2alpha,15-dihydroxy-11betaH-germacr-4Z-en-12,6alpha-olide",0,0.4434147942411953,0.22784810126582278,False
OC[C@H]1O[C@H]([C@@H]([C@H]([C@@H]1O)O)OC(=O)/C=C/c1ccc(cc1)O)c1c(OC)cc(c2c1oc(C[C@H](O)C)cc2=O)C,aloeresin,0,0.4433730624032519,0.32407407407407407,False
CCCCCCCCCCCCCCCC1CC(=O)NCCCN(C)CCCCN(CCCN1C)C,budmunchiamine,0,0.4432317722592532,0.265625,False
COc1c(O)cc(cc1O)c1oc2cc3OC(C)(C)C=Cc3c(c2c(=O)c1O)O,lanneaflavonol,0,0.44308058298160297,0.4107142857142857,False
COc1c(O[C@@H]2O[C@@H](C)[C@@H]([C@H]([C@H]2O)O)O)cc2c3c1oc(=O)c1c3c(oc2=O)c(c(c1)O)O,3-O-methyl-4-(alpha-L-rhamnopyranosyl)ellagic,0,0.4429629079255427,0.28735632183908044,False
CCC(C(=O)O[C@H]1[C@H](OC(=O)C)C2[C@@](C3[C@]1(C)[C@@H](CC3)c1ccoc1)(C)C(=O)CC1[C@]2(C)[C@@H](OC(=O)C)C[C@H]([C@@]1(C)OC(=O)C)O)C,"28-nor-4alpha-carbomethoxy-7-deoxy-7-oxo-11beta-acetoxy-12alpha-(2-methylbutanoyloxy)-14,15-deoxyhavanensin-1-acetate",0,0.44295716639209226,0.21875,False
CC(=O)OC(C(C(=O)O[C@@H]1CC[C@]2([C@@]([C@]1(C)OC(=O)C)(C)CC(=C(C)C)C(=O)C2)C)(O)C)C,4-O-acetylcuauthemone,0,0.44295716639209226,0.21794871794871795,False
COC(=O)C([C@@H]1[C@@]2(C)C3CC[C@@]4(C(=C3CC(C2=O)C(C1(C)C)O)CC(=O)O[C@H]4c1cocc1)C)O,swietenolide,0,0.44295716639209226,0.21348314606741572,False
O=c1c2c(COc3c2cc2OCOc2c3)oc2c1ccc1c2C=CC(O1)(C)C,"6a,12a-dehydromillettone",0,0.4428165927888933,0.26865671641791045,False
CCCCCc1cc2cc(OC)c(c(c2c(=O)o1)O)Cl,7-chloro-8-hydroxy-6-methoxy-3-pentylisocoumarin,0,0.44253601047577473,0.30303030303030304,False
C/C/1=C/CCC(=C)C2C(CC1)C(C2)(C)C,caryophyllene,0,0.44239492995330215,0.25,False
C/C/1=C\CCC(=C)[C@@H]2[C@@H](CC1)C(C2)(C)C,beta-caryophyllene,0,0.44239492995330215,0.25,False
C/C/1=C\CC/C(=C/C2C(CC1)C2(C)C)/C,bicyclogermacrene,0,0.44239492995330215,0.26,False
C/C/1=C/CCC(=C)[C@@H]2[C@@H](CC1)C(C2)(C)C,isocaryophyllene,0,0.44239492995330215,0.25,False
COC1=C(OC)C(=O)C(=CC1=O)C1COc2c(C1)ccc(c2OC)O,amorphaquinone,0,0.4419616170445758,0.2835820895522388,False
COc1cc(O)c(c(c1C(=O)C)O)C1(O)c2cccc(c2C(=O)c2c1cc(C)cc2O)O,foliosone,0,0.441935049184746,0.2857142857142857,False
CC(=CCC[C@@H]([C@@H]1[C@@H](O)C[C@]2([C@@]1(C)CC[C@H]1C2=CC[C@@H]2[C@]1(C)CCC(=O)C2(C)C)C)C(=O)C)C,kulonate,0,0.4417351377477042,0.36585365853658536,False
OC[C@]12CCC(C[C@H]1[C@@]1([C@](CC2=O)(C)[C@]2(C)CC[C@@H]3[C@]([C@H]2CC1)(C)CC[C@@H](C3(C)C)OC(=O)C)C)(C)C,3beta-acetyl-28-hydroxy-16-oxo-12-oleanene,0,0.4417351377477042,0.40789473684210525,False
CC(=O)O[C@H]1CC[C@]2([C@H](C1(C)C)CC[C@@]1([C@@H]2CC[C@@]23[C@@]1(C)CC(=O)[C@@]1([C@H]2CC(C)(C)CC1)CO3)C)C,"3beta-acetyl-16-oxo-13beta,28-epoxyoleanane",0,0.4417351377477042,0.3924050632911392,False
CC1=C[C@@H]2C(=C(C)CC[C@H]2C(C)C)CC1,delta-cadinene,0,0.4417351377477042,0.2037037037037037,False
O=Cc1c(O)c(O)c(c2c1c(O)c(c(c2)C)c1c(C)cc2c(c1O)c(C=O)c(c(c2C(C)C)O)O)C(C)C,(-)-gossypol,0,0.4413655489374841,0.21568627450980393,False
COc1cc2OCOc2cc1C1COc2c(C1=O)cc1c(c2)occ1,neotenone,0,0.44135295006453035,0.44642857142857145,False
O[C@@H]1C=C(C(=O)O)[C@]2([C@H](C1)[C@@](C)(CCc1cocc1)[C@@H](CC2)C)C,2beta-hydroxyhardwickiic,0,0.4412277701778386,0.24050632911392406,False
OC(=O)C1=CCCC2C1(C)C(O)CC(C2(C)CCc1cocc1)C,"5-(2-(furan-3-yl)ethyl)-3,4,4a,5,6,7,8,8a-octahydro-8",0,0.4412277701778386,0.2839506172839506,False
COc1cc2c(cc1OC)OC[C@@H]1[C@H]2C(=O)c2c(O1)c1C=CC(Oc1cc2)(C)C,deguelin,0,0.44114906832298134,0.3235294117647059,False
CC(=O)O[C@H]1[C@H](Oc2cc(O)c3c(c2)Cc2c(C3=O)c(O)cc(c2)C)O[C@H]([C@@H]([C@H]1OC(=O)C)O)C,prinoidin,0,0.4409499867689865,0.35294117647058826,False
O=C(N[C@@H]1O[C@@H]2[C@](C1)(O)C=CC(=O)C2)/C=C/c1ccccc1,toussaintine,0,0.4406540353434141,0.3090909090909091,False
C=C[C@H]1CN2CCc3c([C@@H]2C[C@@H]1CCOC(=O)C)[nH]c1c3cc(cc1)O,"17-O-acetyl,10-hydroxycorynantheol",0,0.4404029632955438,0.29411764705882354,False
CCCCCCCCCC(CCCCCC1CC(=O)NCCCN(C)CCCCN(CCCN1C)C)O,6-hydroxybudmunchiamine,0,0.44027460586716094,0.2361111111111111,False
CCCCCCCCCCCC1=C(O)C(=O)C(=C(C1=O)O)C(C1=C(O)C(=O)C(=C(C1=O)O)CCCCCCCCCCC)C,methylvilangin,0,0.44019016704894826,0.2553191489361702,False
COc1ccc(cc1CC=C(C)C)c1coc2c(c1=O)ccc(c2)O,7-hydroxy-4'-methoxy-3'-prenylisoflavone,0,0.440146532969821,0.47058823529411764,False
O=C([C@@H]1OC1(C)C)C[C@]1(C)[C@H](C)Oc2c1c(=O)oc1c2c(C)ccc1,"cis-2,3-dihydro-2,3,9-trimethyl-3-(2-keto-3,4-epoxy-4-methylpentyl)-4H-furo[3,2-c][1]benzopyran-4-one",0,0.44,0.2112676056338028,False
Cn1c(=O)c2C=CC(Oc2c2c1cccc2)(C)C,N-methylflindersine,0,0.44,0.36363636363636365,False
C/C=C\1/CC2(CO)OC2(C)C(=O)OCC2=CCN3[C@H]2[C@H](OC1=O)CC3,erucifoline,0,0.44,0.19540229885057472,False
CC1(C)/C=C\C[C@@]2(C)Oc3ccccc3C[C@@H]2CC[C@@]2([C@@H](C1)Cc1ccccc1O2)C,lucidene,0,0.44,0.21739130434782608,False
O=C([C@@H]1OC1(C)C)C[C@]1(C)[C@@H](C)Oc2c1c(=O)oc1c2c(C)ccc1,"trans-2,3-dihydro-2,3,9-trimethyl-3-(2-keto-3,4-epoxy-4-methylpentyl)-4H-furo[3,2-c][1]benzopyran-4-one",0,0.44,0.2112676056338028,False
COc1c(OCC=C(C)C)ccc2c1nc1occc1c2OC,"haplopine-3,3'-dimethylallyl",0,0.44,0.2676056338028169,False
O=C(c1ccccc1)N[C@H]1CCC(=O)N(C1=O)CCc1ccccc1,crotonimide,0,0.44,0.2903225806451613,False
CCCCCCCCCC(=O)OCC1=C[C@H]2[C@H]3[C@@](C3(C)C)(OC(=O)C)[C@@H]([C@H]([C@@]2([C@H]2[C@@H](C1)C(=O)C(=C2)C)O)C)OC(=O)CCCCCCCCC,alienusolin,0,0.44,0.27956989247311825,False
O[C@@H]1[C@H]2O[C@H]2[C@@H]2[C@@]([C@H]1O)(COC(=O)c1ccccc1)O2,dideacetylcrotepoxide,0,0.44,0.22857142857142856,False
CC1CC(OC1=O)CC(/C=C/C1COC(=O)C1=C)(O)C,dihydro-5-(4-(tetrahydro-3-,0,0.44,0.21212121212121213,False
OC[C@H]1OC(OC2CCC3(C(=CCC4C3CCC3(C4CC4C3C(C)C3(O4)CCC(CN3)C)C)C2)C)[C@@H]([C@H]([C@@H]1OC1O[C@H](C)[C@H]([C@@H]([C@@H]1O)O)OC1O[C@H](CO)[C@H]([C@@H]([C@H]1O)O)O)O)OC1O[C@H](C)[C@H]([C@@H]([C@@H]1O)O)O,(25R)-3beta-{O-alpha-L-Rhamnopyranosyl-(1→2)-[O-beta-D-glucopyranosyl-(1→4)-O-alpha-L-rhamnopyranosyl-(1→4)]-beta-D-glucopyranosyl}-22alpha-N-spirosol-5-ene,0,0.44,0.30434782608695654,False
OC1CC23CC(C1=C)C(C2CCC3C)(C)C,"octahydro-3,8,8-trimethyl-6-methylene-1H-3a,7-methanoazulen-5-ol",0,0.44,0.2903225806451613,False
COC(=O)C[C@]12C(=O)C(=CC(=O)[C@H]1CC=C(C2CC=C(C)C)C)C/C=C(/CCC=C(C)C)\C,methyl,0,0.44,0.25274725274725274,False
COc1ccc(cc1CC(C(O)(C)C)O)c1coc2c(c1=O)c(O)cc(c2)O,"5,7-dihydroxy-4'-methoxy-3'-(2,3-dihydroxy-3-methylbutyl)isoflavone",0,0.4397569959372919,0.5689655172413793,True
COc1cc2OC3c4c(c2c(c1C(=O)C)O)c(C)cc(c4C(=O)c1c3cccc1O)O,knipholone,0,0.43964842548853483,0.3055555555555556,False
COc1cc2O[C@@H]3c4c(c2c(c1C(=O)C)O)c(C)cc(c4C(=O)c1c3cccc1O)O,knipholone,0,0.43964842548853483,0.3055555555555556,False
COc1cc2O[C@H]3c4c(c2c(c1C(=O)C)O)c(C)cc(c4C(=O)c1c3cccc1O)O,knipholone,0,0.43964842548853483,0.3055555555555556,False
COc1cc(ccc1O)c1oc2c(OC)c(O)cc(c2c(=O)c1OC)O,"5,7,4'-trihydroxy-3,8,3'-trimethoxyflavone",0,0.43882011892134964,0.46,False
COc1c(O)ccc2c1oc(c2)Cc1ccc(cc1)O,2-(p-hydroxybenzyl)-7-methoxybenzofuran-6-ol,0,0.4368793282031531,0.32653061224489793,False
OC1CC(C)(C)C2[C@@](C1)(C)[C@H]1CC=C3[C@@]([C@@]1(CC2)C)(C)CC[C@@]1([C@@H]3CC(C)(C)CC1)C(=O)O,3alpha-hydroxy-12-oleanen-28-oic,0,0.43687205111796984,0.4925373134328358,False
COc1cc2c(=O)c(coc2c(c1O)CC=C(C)C)c1ccc(c(c1)OC)OC,"3-(3,4-dimethoxyphenyl)-8-(3-methylbut-2-enyl)-6-methoxy-7-hydroxybenzopyran-4-one",0,0.4364629313007977,0.3787878787878788,False
Oc1cc(/C=C/c2cc(O)c(cc2c2c([O-])cc(oc2=O)/C=C/c2ccc(c(c2)O)[O-])O)oc(=O)c1,"3,14′-bihispidinyl",0,0.43623143333269937,0.24074074074074073,False
COc1cc2OC(CC(=O)c2c(c1)O)c1ccc(cc1)O,"5,4'-dihydroxy-7-methoxyflavanone",0,0.43579993126768335,0.7380952380952381,True
CC(=O)OC1[C@H](O)[C@@H](OC([C@@H]1OC(=O)C)C)Oc1c(oc2c(c1=O)c(O)cc(c2)O)c1cc(O)c(c(c1)O)O,myricetin,0,0.43537681627718144,0.4745762711864407,False
CC(=O)O[C@H]1C[C@@]2([C@]([C@H]1[C@@H]([C@H](C(=O)C(=C)C(C)C)O)C)(C)CC[C@]13[C@H]2C[C@@H](O)[C@@H]2[C@]1(C3)C=CC(=O)[C@H]2C)C,22-de-O-acetyl-26-deoxyneoboutomellerone,0,0.43512125534950075,0.21505376344086022,False
C=C1CC/C=C(/C)\CCC2=C(CC[C@@H](CC1)C2(C)C)C,"verticilla-4(20),7,11-triene",0,0.4345645263827082,0.20967741935483872,False
O=C1C(=O)c2c3N1CCc1c3c(c3c2cccc3)c2c(c1)OCO2,lettowianthine,0,0.4345645263827082,0.2833333333333333,False
O=CC1=C[C@H](O)[C@@H]2[C@]([C@@]1(O)C=O)(C)CC[C@@H](C2=C)C,"6alpha,9alpha-dihydroxy-4(13),7-coloratadiene-",0,0.4345645263827082,0.23880597014925373,False
Oc1cc(O)c2c(c1)oc(c(c2=O)O[C@@H]1OC[C@H](C(C1O)O)O)c1cc(O)c(c(c1)O)O,myricetin,0,0.43431806306895704,0.5490196078431373,True
Oc1cc(O)c2c(c1)oc(c(c2=O)OC1OC[C@H]([C@H]([C@@H]1O)O)O)c1cc(O)c(c(c1)O)O,myricetin,0,0.43431806306895704,0.5490196078431373,True
CC([C@@H]1CC[C@H]([C@]23[C@H]1[C@H]2C(=C)CC3)C)C,beta-cubebene,0,0.43424958355404286,0.22033898305084745,False
COc1cc2c(=O)c(coc2c2c1OC(C)(C)C=C2)c1ccc2c(c1)OCO2,durmillone,0,0.43419158562576354,0.3235294117647059,False
COc1ccc(cc1CC=C(C)C)C1COc2c(C1=O)c(O)cc(c2)O,"5,7-dihydroxy-4'-methoxy3′-(3-methylbut-2-enyl)isoflavone",0,0.43394618958464165,0.5373134328358209,True
C=C1CCC2C(C3C1CCC3(C)O)C2(C)C,(-)-spathulenol,0,0.43358910272431894,0.2545454545454545,False
C=C1CC[C@@H]2[C@H]([C@H]3[C@H]1CC[C@]3(C)O)C2(C)C,spathulenol,0,0.43358910272431894,0.2545454545454545,False
OC[C@]1(C)CC[C@]2(C(C1)[C@]1(C)CC[C@@]3(C([C@]1(CC2)C)CC=C1C3CC[C@@H](C1(C)C)O)C)C,"3beta,29-dihydroxyglutin-5-ene",0,0.4331731509662102,0.27631578947368424,False
CCCCCCCCCCCCCCCc1cccc(c1C(=O)O)O,6-pentadecylsalicylic,0,0.43316281936258455,0.30434782608695654,False
C=C1CC23CC1CC=C2[C@]1([C@H](CC3)[C@@](C)(CCC1)C(=O)O)C,grandiflorenic,0,0.43295716639209225,0.24615384615384617,False
C[C@@H]1CC[C@@]2([C@]([C@@]1(C)CCc1cocc1)(C)CCC=C2C)C,clerodane,0,0.43295716639209225,0.19753086419753085,False
COc1cc(O)c(c(c1)c1cc(O)c(cc1C)O)C(=O)O,altenusin,0,0.4327884902878008,0.41304347826086957,False
O[C@H]1Cc2ccc(c(c2O[C@@H]1c1ccc(c(c1)O)O)O)O,(-)-mesquitol,0,0.4324555403556771,0.34615384615384615,False
OC[C@@]12CC=C3[C@@]([C@@H]1CC(CC2)(C)C)(C)CC[C@H]1[C@@]3(C)CC[C@@H]2[C@]1(C)CC[C@@H](C2(C)C)O,myricadiol,0,0.43234177467168516,0.3380281690140845,False
COc1cc(OC)c(cc1[C@@H]1COc2c(C1=O)c(O)cc(c2)O)OC,"(R)-5,7-dihydroxy-2',4',5'-trimethoxyisoflavanone",0,0.43216617663931856,0.41509433962264153,False
COC[C@@]12CC[C@H]([C@@]34[C@@H]1[C@H](OC)[C@]([C@H]3N(C2)CC)(O)[C@@]1([C@@H]2[C@H]4C[C@@H]([C@@H]2OC(=O)C)[C@H](C1)OC)O)O,delcosine,0,0.4320019760489913,0.1978021978021978,False
Cc1cc(O)c2c(c1)[C@@H](c1ccc3c(c1O)C(=O)c1c(C3=O)c(C)c(cc1O)C)c1c(C2=O)c(O)ccc1,10-(chrysophanol-7'-yl)-10-(ξ)-hydroxychrysophanol-9-anthrone,0,0.431935049184746,0.23809523809523808,False
Cc1cc(O)c2c(c1)[C@H](c1ccc3c(c1O)C(=O)c1c(C3=O)c(C)c(cc1O)C)c1c(C2=O)c(O)ccc1,10-(chrysophanol-7'-yl)-10-(ξ)-hydroxychrysophanol-9-anthrone,0,0.431935049184746,0.23809523809523808,False
CC1=C[C@H]([C@@](CC1)(C)/C=C/c1ccc2c(c1)cc[nH]2)c1ccc2c(c1)cc[nH]2,caulindole,0,0.43182502905522596,0.25,False
CC1=C[C@H]([C@](CC1)(C)/C=C/c1ccc2c(c1)cc[nH]2)c1ccc2c(c1)cc[nH]2,caulindole,0,0.43182502905522596,0.25,False
CO[C@@H]1C[C@@]2(O)[C@H]3[C@H]([C@@H]1C[C@H]3[C@@]13[C@H]4[C@]2(O)C[C@@H]1[C@@](CN4CC)(C)CC[C@@H]3O)OC(=O)C,leroyine,0,0.4317351377477042,0.2235294117647059,False
C/C(=C\CC/C=C(/CC[C@@H]([C@]1(C)CC[C@@H](C1)C(O)(C)C)O)\C)/CC/C=C(/CC[C@H](C(O)(C)C)O)\C,ekeberin,0,0.4317351377477042,0.16049382716049382,False
C/C(=C\CC/C=C(/CC[C@@H]([C@@]1(C)CC[C@@H](C1)C(O)(C)C)O)\C)/CC/C=C(/CC[C@H](C(O)(C)C)O)\C,ekeberin,0,0.4317351377477042,0.16049382716049382,False
C=C1CCC[C@@]([C@@H]1CCc1cocc1)(C)C(=O)O,elgonene,0,0.4312277701778386,0.25333333333333335,False
C=C1CC[C@@H]2[C@]([C@H]1CCc1cocc1)(C)CCC[C@]2(C)C(=O)O,lambertiamic,0,0.4312277701778386,0.25609756097560976,False
O=Cc1c(O)c(OC)c(c2c1c(O)c(c(c2)C)c1c(C)cc2c(c1O)c(C=O)c(c(c2C(C)C)O)O)C(C)C,(-)-6-methoxygossypol,0,0.43102747567258154,0.2608695652173913,False
O[C@@H]1C[C@]2(C)c3ccc(cc3CC[C@H]2C([C@H]1O)(C)C)C(O)(C)C,isolophanthin,0,0.43094998676898655,0.25396825396825395,False
OC[C@@H]1O[C@@H]([C@H]([C@@H]([C@H]1O)O)OC(=O)/C=C/c1ccccc1)c1c(OC2O[C@H](CO)[C@H]([C@@H]([C@H]2O)O)O)cc(c2c1oc(CC(=O)C)cc2=O)C,aloeresin,0,0.43065403534341407,0.2962962962962963,False
OC[C@@H]1O[C@@H]([C@H]([C@@H]([C@H]1O)O)OC(=O)/C=C/c1ccccc1)c1c(O)cc(c2c1oc(CC(=O)C)cc2=O)C,aloeresin,0,0.43065403534341407,0.3106796116504854,False
COc1cc(O)c2c(c1)c(c1c(OC)cc3c(c1O)C(=O)c1c(C3=O)cc(cc1O)C)c1c(c2O)C(=O)C=C(C1=O)C,isosengulone,0,0.43034065317038384,0.28125,False
O=C1OCc2c1c(O)c1c(c2)cccc1O,beta-sorigenin,0,0.4301751583989661,0.24074074074074073,False
CC(=O)O[C@@H]1C[C@H](OC(=O)C)[C@]2([C@@H]3[C@]1(C)[C@@H]1C[C@@H](OC(=O)C)[C@]4(C(=CC[C@H]4c4ccoc4)[C@]1([C@H]([C@H]3OC2)O)C)C)C,1-acetyltrichilinin,0,0.43,0.21875,False
COc1c(ccc2c1OCO2)C(=O)c1ccccc1,"(4-methoxy-benzo[1,3]dioxol-5-yl)-phenylmethanone",0,0.43,0.3584905660377358,False
CCC(=O)O[C@@H]1C[C@H](OC(=O)C)[C@]2([C@@H]3[C@]1(C)CO[C@H]3[C@H]([C@@]1([C@@H]2CC[C@@]2(C1=CC[C@H]2c1cocc1)C)C)O)C,1alpha-acetyl-3alpha-propionylvilasinin,0,0.43,0.23529411764705882,False
COc1cc(C(=O)O)c(c2c1c1C=CC(Oc1cc2)(C)C)O,"7-hydroxy-3,3-dimethyl-10-methoxy-3H-benzo[f]chromene-8-carboxylic",0,0.43,0.30303030303030304,False
O=C1CC[C@]2([C@H](C1(C)C)CC(=O)c1c2cc(O)c(c1)C)C,"12-methoxy-13-methylpodocarpa-8,11,13-triene-3,7-dione",0,0.43,0.3559322033898305,False
CCC(C(=O)O[C@H]1[C@H](OC(=O)C)C2[C@@]3(C)[C@@H](OC(=O)C)C[C@H]([C@@](C3C[C@H]([C@]2(C2[C@]1(C)[C@@H](CC2)c1ccoc1)C)O)(C)OC(=O)C)O)C,"18-nor-4alpha-carbomethoxy-11beta-acetoxy-12alpha-(2-methylbutanoyloxy)-14,15-deoxyhavanensin-1-acetate",0,0.43,0.22826086956521738,False
C=C1CC[C@@]23C[C@@H]1C(C)(C)[C@@H]2CC[C@H]3C,beta-cedrene,0,0.43,0.3389830508474576,False
COC(=O)[C@@]12CC[C@H]([C@@]3(C1=CC(=O)C=C2C(=O)OC)C[C@H](OC3=O)c1cocc1)C,megalocarpoidolide,0,0.43,0.21052631578947367,False
OC1C(COC2CC(C)C(C(C2O)O)O)OC(C(C1O)O)Oc1cccc2c1c(O)c(c(c2)C)C(=O)C,dianellin,0,0.43,0.2727272727272727,False
COc1cc(O)ccc1C1COc2c(C1=O)c(O)c1c(c2)OC(C1)C(=C)C,"4'',5''-dihydro-2'-methoxy-5,4'-dihydroxy-5''-isopropenylfurano-(2'',3'';7,6)-isoflavanone",0,0.43,0.36923076923076925,False
O=C1O[C@H]2CCN3C2C(=CC3)COC(=O)[C@@]([C@@](C1(C)C)(C)O)(C)O,methylmonocrotaline,0,0.43,0.22535211267605634,False
CC(=O)O[C@H]1[C@@H](C=C[C@H]2[C@]1(COC(=O)c1ccccc1)O2)OC(=O)c1ccccc1,(-)-tingtanoxide,0,0.43,0.22666666666666666,False
CCC1(O)C(=O)OCC2=CCN3[C@H]2[C@H](OC(=O)C(C1O)C(C)C)CC3,axillaridine,0,0.43,0.20253164556962025,False
OCC1(O)C(=O)O[C@@H]2CCN3C2C(=CC3)COC(=O)C([C@@H](C1C)C)(C)O,sceleratine,0,0.43,0.2236842105263158,False
O=C(c1ccccc1)OC[C@]12OC1C1C([C@@H]([C@H]2O)OC(=O)c2ccccc2)O1,epimonanthadiepoxide,0,0.43,0.2222222222222222,False
CC1(C)O[C@H]1Cc1ccc2c(c1)c(c[nH]2)C[C@H]1OC1(C)C,"3,5-hexalobine",0,0.43,0.24615384615384617,False
CC(c1cc2CC[C@@H]3[C@](c2cc1O)(C)CCCC3(C)C)C,ferruginol,0,0.43,0.5918367346938775,True
COc1cc(OC)c(cc1[C@@H]1COc2c(C1=O)c(O)c1c(c2)OC(C=C1)(C)C)OC,"(R)-5-hydroxy-2',4',5'-trimethoxy-2"",2""-dimethylpyrano[5"",6"":6,7]isoflavanone",0,0.43,0.3492063492063492,False
OCc1cc(O)c2c(c1)C(=O)c1c(C2=O)cccc1O,"1,5-dihroxy-3-hydroxymethylanthraquinone",0,0.42913491284960226,0.29411764705882354,False
OCc1cc(O)c2c(c1)C(=O)c1c(C2=O)c(O)ccc1,aloe-emodin,0,0.42913491284960226,0.30434782608695654,False
COc1cc(ccc1OC)c1coc2c(c1=O)ccc(c2OC)O,"7-hydroxy-8,3',4'-trimethoxyisoflavone",0,0.42902078694056955,0.38596491228070173,False
COc1c(O)cc(cc1O)[C@H]1Oc2cc(O)cc(c2C[C@H]1O)O,4'-O-methylepigallocatechin,0,0.42887289884703733,0.40350877192982454,False
COc1c(O)cc(cc1O)[C@H]1Oc2cc(O)cc(c2C[C@@H]1O)O,4'-O-methylgallocatechin,0,0.42887289884703733,0.40350877192982454,False
C/C=C\1/C[C@@H](C)[C@](O)(CO)C(=O)OCC2=CC[N+]3([C@]2([C@H](OC1=O)CC3)O)C,hydroxysenkirkine,0,0.4285374420870335,0.1927710843373494,False
OC/C(=C/Cc1c(O)cc(c2c1occ(c2=O)c1ccc(cc1)O)O)/C,gancaonin,0,0.4283075400127202,0.4444444444444444,False
Oc1cc(cc2c1OCO2)c1coc2c(c1=O)ccc1c2C=CC(O1)(C)C,norisojamicin,0,0.42821153448172466,0.34285714285714286,False
O=C[C@]12CC[C@@H](C[C@@]1(O)CC[C@@H]1[C@@H]2CC[C@]2([C@]1(O)CC[C@@H]2c1ccc(=O)oc1)C)O,hellebrigenin,0,0.4281638154869201,0.28169014084507044,False
COc1cc(ccc1OC)c1coc2c(c1=O)cc(c1c2C=CC(O1)(C)C)O,6-demethyldurallone,0,0.42785820951826375,0.3283582089552239,False
OCc1cc(O)c2c(c1c1c(O)cc(c(c1O)C(=O)C)OC)C(=O)c1c(C2=O)c(O)ccc1,gaboroquinone,0,0.4274614014251782,0.2753623188405797,False
COc1ccc(cc1CC=C(C)C)c1coc2c(c1=O)c(O)cc(c2)O,3'-(3-methylbut-2-enyl)biochanin,0,0.42739440602920764,0.6,True
C=C1C[C@]23C[C@H]1CC[C@H]2[C@]1([C@H](CC3)[C@@](C)(CCC1)C(=O)O)C,kaurenoic,0,0.4271421029620231,0.22666666666666666,False
CC(=C)[C@@H]1CC[C@]2([C@H]1[C@H]1CC[C@H]3[C@@]([C@]1(C)CC2)(C)CC[C@@H]1[C@]3(C)CC[C@@H](C1(C)C)O)C(=O)O,betulinic,0,0.4269120425878438,0.42857142857142855,False
C[C@@H]1CC[C@@H]2[C@@]([C@@]1(O)CCc1cocc1)(C)CC[C@H](C2(C)C)O,otostegindiol,0,0.4262680052378874,0.2631578947368421,False
O=C1c2ccc3c(c2O[C@H]2[C@@H]1c1cc4OCOc4cc1OC2)C=CC(O3)(C)C,millettone,0,0.42557453416149066,0.2647058823529412,False
C=C[C@@]1(C)CC[C@H]2C(=C1)C(=O)C[C@@H]1[C@]2(C)CC[C@@H](C1(C)C)OC(=O)C,linifoliol,0,0.4245645263827082,0.3709677419354839,False
COc1ccc2c(c1)c(=O)c(co2)C(C(=O)c1ccc(cc1O)O)C(c1ccc(cc1)O)c1ccc(cc1)O,"3-(1-(2,4-dihydroxyphenyl)-3,3-bis(4-hydroxyphenyl)-1-oxopropan-2-",0,0.4241856879026317,0.36363636363636365,False
CC(=CCC[C@H]([C@H]1C[C@@H]([C@@]2([C@]1(C)CC=C1C2=CC[C@@H]2[C@]1(C)CC[C@@H](C2(C)C)O)C)O)C)C,polycarpol,0,0.424034070091737,0.25301204819277107,False
O[C@@H]1C[C@@]2(C)[C@]3(C)CC[C@@H]4[C@]([C@H]3CC[C@@]32[C@H]2[C@]1(CO3)CCC(C2)(C)C)(C)CC[C@@H](C4(C)C)O,protoprimulagenin,0,0.4239548761957516,0.3150684931506849,False
COc1ccc(cc1OCC=C(C)C)[C@H]1OC[C@H]2[C@@H]1CO[C@@H]2c1ccc2c(c1)OCO2,"(+)-piperitol-3,3-dimethylallyl",0,0.42381060749514704,0.36619718309859156,False
O=c1ccc2c(o1)cc(c(c2)c1c(O)ccc2c1oc(=O)cc2)O,"7,7'-dihydroxy-6,8'-bicoumarin",0,0.4237938752633809,0.38095238095238093,False
O=C1[C@@H]2C3=C([C@@H](C1(C)O)[C@H]1[C@@]42CC[C@H]2[C@@](C4=CC(=O)[C@@]1(C)O)(C)CC[C@@H](C2(C)C)O)CC[C@H]1[C@@]3(C)CCC(=O)C1(C)C,di-podocarpanoid,0,0.42296290792554275,0.24691358024691357,False
O=C1[C@@H]2C3=C([C@H]([C@@]1(C)O)[C@@H]1[C@@]42CC[C@@H]2[C@](C4=CC(=O)[C@]1(C)O)(C)CC[C@H](C2(C)C)O)CC[C@@H]1[C@]3(C)CCC(=O)C1(C)C,4alpha-methoxyhimachal-10-en-5beta-ol,0,0.42296290792554275,0.24691358024691357,False
CC(=O)O[C@@H]1[C@@H](O)C2=C([C@@]3([C@@H]1C(C)(C)CCC3)C)C(=O)OC2,ugandensidial,0,0.42295716639209224,0.30303030303030304,False
C=CCC1=C[C@]2(OC)C(=O)C([C@@H]1O)[C@@H]([C@H]2C)c1cc(OC)c(c(c1)OC)OC,macrophyllin,0,0.42295716639209224,0.28378378378378377,False
COC1=C/C(=C\2/C=C(OC)c3c(C2=O)ccc2c3C=CC(O2)(C)C)/C(=O)c2c1c1C=CC(Oc1cc2)(C)C,busseihydroquinone,0,0.42295716639209224,0.265625,False
Cc1cc(O)c2c(c1)C(O)(c1cc(O)c3c(c1)C(=O)c1c(C3=O)c(O)cc(c1O)C)c1c(C2=O)c(O)ccc1,chryslandicin,0,0.4227009870970056,0.20689655172413793,False
Cc1cc(O)c2c(c1)oc(=O)c1c(c2=O)c(O)ccc1,seco-anthraquinone,0,0.4226737406444772,0.32,False
Cc1cc(O)c2c(c1)Cc1c(C2=O)c(O)c(cc1)C1(O)c2cccc(c2C(=O)c2c1cc(C)cc2O)O,bianthracene,0,0.42197746244156803,0.23076923076923078,False
CC(=O)O[C@@]1(C)CC[C@]2(C(C1(C)C)CC[C@@]1(C2CCC23[C@@]1(C)CCC1(C2CC(C)(C)C[C@]1(C)OC(=O)C)C(=O)O3)C)C,acyl,0,0.4217351377477042,0.23595505617977527,False
OC1CCC([C@@]2([C@]1(C)[C@@H]1Cc3occc3[C@H]([C@H]1CC2)C)O)(C)C,"1beta,5alpha-dihydroxyvoucapane",0,0.42122777017783863,0.28125,False
N/C(=N\CC=C(C)C)/NCCCCNC(=O)C,smirnovine,0,0.4210274756725816,0.18032786885245902,False
COc1cc(OC)c(cc1c1coc2c(c1=O)cc1c(c2)occ1)OC,isoelliptol,0,0.4206059127488792,0.3050847457627119,False
COc1c(ccc(c1OC)OC)C1COc2c(C1=O)cc1c(c2)occ1,nepseudin,0,0.4204029632955438,0.45454545454545453,False
COC1=CC(=O)c2c(C1=O)c(c1c(OC)cc3c(c1O)c(O)c1c(c3)CC(CC1=O)(C)O)c1c(c2O)c(O)cc(c1)C,presengulone,0,0.42,0.21951219512195122,False
O=C1O[C@@H](c2ccoc2)[C@]2([C@]3([C@@H]1O3)[C@]1(C)C(=O)CC3[C@](C1CC2)(C)CCC(=O)C3(C)C)C,ekeberin,0,0.42,0.2926829268292683,False
CCC(C(=O)O[C@H]1[C@H](OC(=O)C)C2[C@@](C3[C@]1(C)[C@@H](CC3)c1cocc1)(C)[C@H](OC(=O)C)CC1[C@]2(C)[C@@H](OC(=O)C)C[C@H]([C@@]1(C)OC(=O)C)O)C,"28-nor-4alpha-carbomethoxy-11beta-acetoxy-12alpha-(2-methylbutanoyloxy)-14,15-deoxyhavanensin-1,7-diacetate",0,0.42,0.23333333333333334,False
C/C=C(/C(=O)O[C@@H]1C[C@H](OC(=O)C)[C@]2([C@@H]3[C@]1(C)[C@@H]1C[C@@H](OC(=O)C)[C@]4(C(=CC[C@H]4c4ccoc4)[C@@]1(C)[C@H]([C@H]3OC2)O)C)C)\C,1-tigloyltrichilinin,0,0.42,0.20388349514563106,False
CC(=O)OC(C(C(=O)O[C@@H]1CC[C@]2([C@@]([C@]1(C)O)(C)CC(=C(C)C)C(=O)C2)C)(O)C)C,3-O-(3'-acetoxy-2'-hydroxy-2'-methylbutyryl)cuauthemone,0,0.42,0.2236842105263158,False
O=C1CC[C@]2([C@H](C1(C)C)CCC1([C@@H]2CC[C@H]2C1(C)CC=C2)C)C,mansumbinone,0,0.42,0.38461538461538464,False
C=C1CCC[C@]2([C@H]1C[C@@H](CC2)C(=C)C)C,beta-selinene,0,0.42,0.22413793103448276,False
CCC(C(C)C)/C=C/[C@H]([C@H]1CC[C@@H]2[C@]1(C)CC[C@H]1[C@H]2CCC2=CC(=O)CC[C@]12C)C,monodeacetyl,0,0.42,0.5,True
C[C@@H]1CCC2C([C@@]1(C)CCc1ccoc1)CCC[C@@]2(C)C(=O)O,crotohalimaneic,0,0.42,0.2375,False
CCCCCCCCCCCCCCCC(=O)O[C@@H]1CC[C@@]2([C@@H](C1(C)C)CC[C@]1([C@H]2CC[C@@H]2[C@]1(C)CC[C@]1([C@H]2[C@H](CC1)C(=C)C)C)C)C,lupeol,0,0.42,0.29213483146067415,False
O=c1[nH]c2ccccc2c2c1C=CC(O2)(C)C,flindersine,0,0.42,0.35714285714285715,False
O=C1CC[C@]2([C@@H]3[C@@]1(C)C(=O)O[C@@H]3C[C@H]([C@]2(O)CCc1ccoc1)C)C,peregrinone,0,0.42,0.21686746987951808,False
C/C=C(/C(O[C@@H]1[C@@H]2OC[C@]3([C@H]2[C@]([C@@H]2[C@]1(C)C1=CC[C@H]([C@@]1(CC2)C)c1ccoc1)(C)[C@H](C[C@H]3OC(=O)C)OC(=O)C)C)C)\C,"1alpha,3alpha-diacetyl-7alpha-tigloylvilasinin",0,0.42,0.22641509433962265,False
C[C@H]([C@@H]1CC[C@]2([C@@]1(C)CC[C@H]1C2=CC[C@@H]2[C@]1(C)CCC(=O)C2(C)C)C)C[C@H]([C@@H]1OC1(C)C)O,niloticin,0,0.42,0.379746835443038,False
CC([C@@]1(O)C[C@@H](C)[C@@](C)(O)C(=O)OCC2=CCN3[C@H]2[C@H](OC1=O)CC3)Cl,jaconine,0,0.42,0.21518987341772153,False
CC(=O)O[C@H]1C[C@H]2[C@@]([C@H]3[C@@]1(C)[C@H]1C(=O)C[C@@H]([C@]1(CC3)C)c1ccoc1)(C)C=CC(=O)C2(C)C,7-acetylneotrichilenone,0,0.42,0.24731182795698925,False
OC[C@H]1OC(Oc2cccc3c2c(O)c2c(c3)COC2=O)[C@@H]([C@H]([C@@H]1O)O)O,beta-sorigenin-8-O-beta-D-glucoside,0,0.42,0.32558139534883723,False
COc1c(OCC(C(O)(C)C)O)ccc2c1nc1occc1c2OC,evoxine,0,0.42,0.234375,False
OC[C@H]1OC(OC2CCC3(C(=CCC4C3CCC3(C4CC4C3C(C)C3(O4)CCC(CN3)C)C)C2)C)[C@@H]([C@H]([C@@H]1O)O)O,(25R)-3beta-{O-beta-D-glucopyranosyloxy}-22alphaN-spirosol-5-ene,0,0.42,0.32954545454545453,False
CC(=O)O[C@H]1C[C@H]2[C@@](C3=CC[C@H]([C@]13C)C1=CC(=O)OC1O)(C)[C@H](OC(=O)C)C[C@@H]1[C@]2(C)C=CC(=O)C1(C)C,turraparvin,0,0.42,0.23809523809523808,False
OC(=O)/C=C/c1cc(=O)c2c(o1)cc(cc2O)O,"2-(carboxyethenyl)-5,7-dihydroxychromone",0,0.4198630844225752,0.5,True
Oc1cc(O)c2c(c1)oc(c(c2=O)OC1OC(C)C(C(C1O)O)O)c1cc(O)c(c(c1)O)O,myricetin,0,0.41925191064983375,0.5384615384615384,True
Oc1cc(O)c2c(c1)oc(c(c2=O)O[C@@H]1O[C@@H](C)[C@@H]([C@H]([C@H]1O)O)O)c1cc(O)c(c(c1)O)O,myricetin-3-O-alpha-rhamnopyranoside,0,0.41925191064983375,0.5384615384615384,True
COc1c(OC)cc2c(c1OC)[C@H]1COc3c([C@H]1O2)ccc(c3)O,"(6aR,11aR",0,0.4189136538407689,0.4482758620689655,False
COc1c(CC=C(C)C)cc(cc1OC)c1coc2c(c1=O)c(O)cc(c2)O,5'-methoxy-3'-(3-methylbut-2-enyl)biochanin,0,0.4185097887723218,0.543859649122807,True
OC[C@]12CCC(C[C@H]1[C@@]1([C@](CC2=O)(C)[C@]2(C)CC[C@@H]3[C@]([C@H]2CC1)(C)CC[C@@H](C3(C)C)O)C)(C)C,"3beta,28-dihydroxy-16-oxo-12-oleanene",0,0.41816257963520487,0.352112676056338,False
O[C@H]1CC[C@]2([C@@]3(C1)OO[C@@]1([C@@H]2CC[C@]2([C@H]1CC[C@@H]2[C@@H](/C=C/[C@@H](C(C)C)C)C)C)C=C3)C,"5alpha,8alpha-epidioxy-ergost-6,22-dien-3beta-ol",0,0.41749577541572597,0.20238095238095238,False
COc1cccc2c1c1c3OCOc3cc3c1c1c2c(=O)c(=O)n1cc3,11-methyoxylettowianthine,0,0.41715852442671986,0.39344262295081966,False
COc1cc2C(=O)c3cc(C)cc(c3C(=O)c2c(c1C1(O)c2c(O)cc(cc2C(=O)c2c1c(O)c(c(c2)OC)C)C)O)O,10-hydroxy-10-(physcion-7'-yl)-chrysophanol,0,0.41714295750971303,0.27941176470588236,False
COc1ccc(cc1O)c1oc2cc(OC)c(c(c2c(=O)c1OC)O)O,"3',5,6-trihydroxy-3,6-dimethoxyflavone",0,0.4167664138687413,0.49230769230769234,False
O=C1OCC2=C1C=C[C@@H]1[C@]2(C)CCCC1(C)C,bemadienolide,0,0.4166081909922781,0.2542372881355932,False
OC[C@]12CCC(C[C@H]1[C@@]1([C@](C[C@H]2O)(C)[C@]2(C)CC[C@@H]3[C@](C2[C@@H](C1)O)(C)CC[C@@H](C3(C)C)O)C)(C)C,"3beta,11alpha,16alpha,28-tetrahydroxy-12-oleanene",0,0.4163813982416285,0.29333333333333333,False
OC[C@H]1O[C@H]([C@@H]([C@H]([C@@H]1O)O)O)c1c(O)cc2c(c1O)c(=O)c1c(o2)cc(c(c1)O)O,mangiferin,0,0.41631250061701863,0.32786885245901637,False
OCc1c(OC2O[C@H](COC3OC[C@H]([C@@H]([C@H]3O)O)O)[C@H]([C@@H]([C@H]2O)O)O)cc2c(c1OC)C(=O)c1c(C2=O)cccc1,damnacanthol-3-O-beta-primeveroside,0,0.41629966413041236,0.2653061224489796,False
OC[C@H]1OC(Oc2cccc3c2c(O)c2c(c3)C(=O)O[C@@H]2C)[C@@H]([C@H]([C@@H]1O)O)O,isoeleutherol-5-O-glucoside,0,0.4162680052378874,0.3372093023255814,False
CC(=O)Cc1cc(=O)c2c(o1)c1ccoc1cc2C,furoaloesone,0,0.4162380378071323,0.2807017543859649,False
COc1c(O)cc(c2c1oc(c1ccccc1)c(c2=O)O)OC,"3,7-dihydroxy-5,8-dimethoxyflavone",0,0.4154053246801544,0.43137254901960786,False
O[C@H]1CC[C@]2([C@H](C1(C)C)CC[C@@]1([C@@H]2CC[C@@]23[C@@]1(C)CC(=O)[C@@]1([C@H]2CC(C)(C)CC1)CO3)C)C,aegicerin,0,0.4147771694755706,0.32894736842105265,False
OCc1cc2Cc3cccc(c3C(=O)c2c(c1)O)O,aloe-emodinanthrone,0,0.4147568823356471,0.29411764705882354,False
O[C@H]1[C@@H](O[C@@H]([C@H]([C@@H]1O)O)CO[C@@H]1OC[C@H]([C@@H]([C@H]1O)O)O)Oc1cc2C(=O)c3ccccc3C(=O)c2c(c1C)O,rubiadin-3-O-beta-primeveroside,0,0.4145645263827082,0.2765957446808511,False
COC1(c2cc(O)c3c(c2)C(=O)c2c(C3=O)c(O)cc(c2)C)c2cccc(c2C(=O)c2c1cc(C)cc2O)O,10-methoxy-10-(chrysophanol-7'-yl)chrysophanol,0,0.41433172057038803,0.2318840579710145,False
COc1ccc(cc1CC(C(=C)C)O)c1coc2c(c1=O)c(O)cc(c2)O,3'-(2-hydroxy-3-methylbuten-3-yl)-biochanin,0,0.4140757683861155,0.5689655172413793,True
COc1cc(O[C@@H]2O[C@H](CO[C@@H]3OC[C@]([C@H]3O)(O)CO)[C@H]([C@@H]([C@H]2O)O)O)cc(c1OC)OC,kelampayoside,0,0.41390715316107873,0.30434782608695654,False
COc1cc(O)c2c(c1)C1(OC2=O)C(=CC(=O)C1O)C,talaroflavone,0,0.41382409494193406,0.3709677419354839,False
OCC(C(CC/C(=C/CC/C(=C/CC/C=C(/CC/C=C(/CCC(C(O)(C)C)O)\C)\C)/C)/C)O)(O)C,"2-hydroxymethyl-2,3,22,23-tetrahydroxyl-6,10,15,19,23-pentamethyl-6,10,14,18-tetracosatetraene",0,0.4132952396569948,0.19117647058823528,False
OCC([C@@H](CC/C(=C/CC/C(=C/CC/C=C(/CC/C=C(/CC[C@H](C(O)(C)C)O)\C)\C)/C)/C)O)(O)C,"2-hydroxymethyl-2,3,22,23-tetrahydroxy-2,6,10,15,19,23-hexamethyl-6,10,14,18-tetracosatetraene",0,0.4132952396569948,0.19117647058823528,False
C/C(=C\Cc1c[nH]c2c1cccc2)/CC/C=C(/C(C(C=C(C)C)O)O)\C,"(8',9'-dihydroxy)-3-farnesylindole",0,0.4132952396569948,0.29508196721311475,False
COc1cc2[C@@H](c3ccc4c(c3)OCO4)[C@H]3C(=O)OCC3Cc2c(c1OC)OC,phyllamyricin,0,0.41295716639209223,0.30303030303030304,False
CC[C@@H](C(C)C)/C=C/[C@H]([C@H]1CC[C@@H]2[C@]1(C)CC[C@H]1C2=CC[C@@H]2[C@]1(C)CC[C@@H](C2)O)C,"5alpha-stigmasta-7,22-dien-3beta-ol",0,0.41295716639209223,0.26582278481012656,False
O=C1OCC(=C1)CCC1C(=C)CCC2C1(C)CCCC2(C)C(=O)O,"labda-8(17),13-diene-15,19-dioic",0,0.41295716639209223,0.3333333333333333,False
C=CCc1ccc(c(c1)OC)O,eugenol,0,0.4127884902878008,0.46511627906976744,False
Cc1cc(O)c2c(c1)C(=O)c1c(C2=O)c(O)cc(c1)C1(O)c2cccc(c2C(=O)c2c1cc(C)cc2O)O,10-hydroxy-10-(chrysophanol-7'-yl)chrysophanol,0,0.41270098709700564,0.24193548387096775,False
COc1c(oc2c(c1=O)c(O)cc(c2)O)c1ccc(c(c1)O)O,3-O-methylquercetin,0,0.41267023370259337,0.532258064516129,True
C/C=C(/C(=O)O[C@H]1[C@H]2OC[C@@]3([C@@H]2[C@@]([C@H]2[C@@]1(C)C1=CC[C@@H]([C@]1(CC2)C)c1ccoc1)(C)[C@@H](CC3OC(=O)C)OC(=O)C)C)\C,"1alpha,3alpha-diacetyl-7alpha-tigloylvilasinin",0,0.4123949299533022,0.23529411764705882,False
COc1cc2OC[C@@H]3[C@H](c2cc1OC)C(=O)c1c(O3)c2C[C@@H](Oc2cc1O)C(=C)C,sumatrol,0,0.41226684875009895,0.3287671232876712,False
COc1cc(C(=O)O)c(c2c1c1C=CC(Oc1cc2)(C)CCC=C(C)C)O,busseihydroquinone,0,0.41203757674084235,0.2823529411764706,False
COc1c(O)cc(cc1/C=C/C(=C)C)c1coc2c(c1=O)c(O)cc(c2)O,"5,7-dihydroxy-3-[3-hydroxy-4-methoxy-5[(E)-3-methylbuta-1,3-dienyl]phenyl-1-",0,0.4119612588817556,0.5535714285714286,True
C=C[C@@H]1C[C@@H](O)C(C[C@H]1C(=C)C)C(O)(C)C,"8alpha,11-elemodiol",0,0.4117351377477042,0.17647058823529413,False
C[C@@H]1CC[C@]23[C@H]1CC[C@@]2(C)CC(=C3C)C,silphiperfol-6-ene,0,0.4117351377477042,0.23076923076923078,False
COC1=CC(=O)c2c(C1=O)c(c1c(OC)cc3c(c1O)C(=O)c1c(C3=O)cc(cc1O)C)c1c(c2O)c(O)cc(c1)C,sengulone,0,0.41156842334822236,0.22972972972972974,False
CC(=CCN=C(N)N)C,galegine,0,0.4113655489374841,0.20512820512820512,False
OC[C@@]12CC[C@H]([C@]([C@H]1CCC=C2C(=O)O)(C)CCc1ccoc1)C,hautriwaic,0,0.4112277701778386,0.26506024096385544,False
OC(=O)C1=CCC[C@@H]2[C@]1(C)CC[C@@H]([C@@]2(C)CCc1ccoc1)C,hardwickiic,0,0.4112277701778386,0.27848101265822783,False
O[C@H]1CC[C@]2([C@H](C1(C)C)CCc1c2ccc(c1)C(O)(C)C)C,isolophanthin,0,0.41094998676898653,0.2786885245901639,False
O[C@@H]1CC[C@]2([C@H](C1(C)C)CC[C@@]1([C@@H]2CC=C2[C@@]1(C)CC[C@@]1([C@H]2CC(C)(C)CC1)C(=O)O)C)C,3-epioleanolic,0,0.4107626912630822,0.6949152542372882,True
O[C@H]1CC[C@]2([C@H](C1(C)C)CC[C@@]1([C@@H]2CC=C2[C@@]1(C)CC[C@@]1([C@H]2CC(C)(C)CC1)C(=O)O)C)C,oleanolic,0,0.4107626912630822,0.6949152542372882,True
O=C(O[C@H]1C[C@@H](OC(=O)C)[C@@]2([C@H]3[C@@]1(C)[C@H]1C[C@H](OC(=O)C)[C@@]4(C(=CC[C@H]4c4ccoc4)[C@@]1([C@@H]([C@@H]3OC2)O)C)C)C)/C=C/c1ccccc1,1-cinnamoyltrichilinin,0,0.41065403534341405,0.21348314606741572,False
C=C[C@](CC/C=C(\CCC=C(C)C)/C)(O)C,"(3S,6Z)-3,7,11-trimethyl-1,6,10-dodecatrien-3-ol",0,0.41033807326490257,0.24193548387096775,False
C=CC(CC/C=C(/CCC=C(C)C)\C)(O)C,nerolidol,0,0.41033807326490257,0.24193548387096775,False
CCCCCCCCCCCC1=C(O)C(=O)C(=C2C(=O)C(=C(C(=O)C2=O)CCCCCCCCCCC)O)C(=C1O)O,"6,6''-bis-(2,5-dihydroxy-3-undecyl-1,4-benzoquinone)",0,0.41,0.2553191489361702,False
C/C=C\1/CC(C)C(O)(CO)C(=O)OCC2=CCN3C2C(OC1=O)CC3,retrosine,0,0.41,0.20987654320987653,False
OC/C=C/1\C[C@H](C)[C@](C)(O)C(=O)OCC2=CCN3[C@@H]2C(OC1=O)CC3,eruciflorine,0,0.41,0.225,False
OC[C@H]1O[C@@H](Oc2c(C)cc3c(c2O)c(ccc3)O[C@@H]2O[C@H](CO)[C@H]([C@@H]([C@H]2O)O)O)[C@@H]([C@H]([C@@H]1O)O)O,plicataloside,0,0.41,0.2976190476190476,False
O=C1CC(C)(O)Cc2c1cc1c(c2)ccc(c1O)[C@H]1c2cccc(c2C(=O)c2c1c(O)c(C)cc2O)O,"(10R)-3',4'-dihydro-1,4,8,3',8',9'-hexahydroxy-3,3'-dimethyl-[10,7'-bianthracene]-9,1'(10H,2'H)-dione",0,0.41,0.2608695652173913,False
C/C=C/1\C[C@@H](C)[C@](O)(CO)C(=O)OCC2=CCN3[C@H]2[C@H](OC1=O)CC3,usaramine,0,0.41,0.20987654320987653,False
COC(=O)CC[C@@H]1C(=C(C)C)CC[C@H]([C@]1(C)CCc1cocc1)C,methyltessmannoate,0,0.41,0.21686746987951808,False
CC(=CC[C@@]12C[C@H](C/C=C(/CCC=C(C)C)\C)C([C@@](C1=O)(C(=C(C2=O)C(=O)c1ccc(c(c1)O)O)O)C/C=C(/CCCC(=C)C)\C)(C)C)C,"5,5-dimethyl-6-geranyl-3-hydroxy-2-(13,14-dihydroxybenzoyl)-4-(3,7-dimethyloct-2,7-dienyl)-8-(3-methylbut-2-enyl)-bicyclo[3.3.1]nonan-2-en-1,9-dione",0,0.41,0.25742574257425743,False
C/C=C\1/C[C@@H](C)[C@@](C)(O)C(=O)OCC2=CCN(CC[C@@H](OC1=O)C2=O)C,senkirkine,0,0.41,0.21518987341772153,False
C/C=C/1\C[C@@H](C)[C@@](C)(O)C(=O)OCC2=CCN3C[C@@H](OC1=O)[C@@H](O)C23,madurensine,0,0.41,0.21794871794871795,False
C[C@H]([C@@]1(O)C[C@@H](C)[C@@](C)(O)C(=O)OCC2=CCN3[C@H]2[C@H](OC1=O)CC3)O,jacoline,0,0.41,0.21794871794871795,False
O=C1CCC=C2N1C[C@@H]1C[C@H]2CN2[C@H]1CCCC2,"5,6-dehydrolupanine",0,0.41,0.1935483870967742,False
CC(=O)OC1C[C@H]2C(C)(C)OC(=O)C=C[C@@]2([C@@H]2[C@]1(C)C1=CC[C@H]([C@]1(C)CC2)[C@@H]1COC(=O)C1)C,tricoccin,0,0.41,0.26744186046511625,False
CC(=O)O[C@H]1C[C@H]2[C@@](C3=CC[C@H]([C@]13C)C1=CC(=O)OC1O)(C)[C@H](O)C[C@@H]1[C@]2(C)C=CC(=O)C1(C)C,turraparvin,0,0.41,0.23255813953488372,False
CO[C@H]1[C@@H](C=CC2[C@@]1(COC(=O)c1ccccc1)O2)OC(=O)c1ccccc1,(+)-pipoxide-2-methyl,0,0.41,0.24242424242424243,False
OC/C=C(/CC[C@@H]1C(=C)CCC[C@@]1(C)CO)\CO,elgonene,0,0.41,0.21212121212121213,False
OC[C@]12CCC(C[C@@]1(C)C1=CC[C@]3([C@@]([C@@]1(CC2=O)C)(C)CC[C@@H]1[C@]3(C)CC[C@@H](C1(C)C)C)C)(C)C,schimperinone,0,0.41,0.26506024096385544,False
CC(=O)O[C@H]1CC[C@]2(C(C1(C)C)CC[C@@H]1[C@@H]2CCC2[C@@]1(C)C[C@@H](C2[C@@](C/C=C/C(O)(C)C)(O)C)O)C,"3beta-acetoxy-16beta,20(S),25-trihydroxydammar-23-ene",0,0.41,0.30952380952380953,False
O=C(OC[C@H]1OC(OC2CC(C)c3c(C2)cc(cc3O)O)[C@@H]([C@H]([C@@H]1OC(=O)/C=C/c1ccc(cc1)O)O)O)/C=C/c1ccc(cc1)O,feroxin,0,0.40985760235523044,0.38823529411764707,False
COc1ccc(c(c1)O)C1=Cc2c(OC1)cc(cc2)O,"7,2'-dihydroxy-4'-methoxyisoflav-3-ene",0,0.4090718584467314,0.4,False
COc1cc2CC3COC(=O)[C@@H]3[C@@H](c2cc1OC)c1ccc2c(c1)OCO2,tetrahydrojusticidin,0,0.40875425643376856,0.31746031746031744,False
COc1cc(O)c(c(c1C(=O)CCc1ccccc1)O)Cc1cc(ccc1O)Cc1ccccc1O,angoluvarin,0,0.40788579509997214,0.4406779661016949,False
C=C[C@@]1(C)CC[C@]2([C@H](C1)CC[C@H]1C2=C[C@@H](O)[C@H]([C@]1(C)O)O)C,"1(10),15-rosadiene-2beta,3beta-diol",0,0.40770592970217334,0.234375,False
COC1CC(O)c2c(C1=O)c(O)c1c(c2)cc(cc1O)C,aloesaponol,0,0.40708498117364544,0.2878787878787879,False
CC(C(=C)CC[C@H]([C@H]1CC[C@@]2([C@]1(C)CC=C1C2=CCC2[C@]1(C)CC[C@@H](C2(C)C)O)C)C)C,"24-methylenelanosta-7,9(11)-dien-",0,0.40699123648382923,0.2682926829268293,False
COc1c(O)cc2c(c1O)c(=O)c(c(o2)c1ccc(cc1)O)O,"3,4',5,7-tetrahydroxy-6-methoxyflavone",0,0.4064929816689128,0.46808510638297873,False
OC[C@H]1OC(Oc2cc3cc4CC(O)CC(=O)c4c(c3c(c2C(=O)OC)C)O)[C@@H]([C@H]([C@@H]1O)O)O,aloesaponol,0,0.40557453416149064,0.34782608695652173,False
OC[C@H]1O[C@@H](Oc2cc3occ(c(=O)c3cc2OC)c2ccc(cc2)OC)[C@@H]([C@H]([C@@H]1O)O)O,wistin,0,0.4052592437640009,0.421875,False
Oc1cc(O)c2c(c1)oc(c(c2=O)O[C@@H]1O[C@H](C(=O)O)[C@H]([C@@H]([C@H]1O)O)O)c1cc(O)c(c(c1)O)O,myricetin,0,0.40516479541157596,0.5185185185185185,True
OC[C@H]1O[C@@H](Oc2cc(C)ccc2C(C)C)[C@@H]([C@H]([C@@H]1O)O)O,thymol,0,0.40514419045544897,0.3037974683544304,False
Oc1cc(O)c2c(c1)oc(c(c2=O)O)c1ccc(c(c1)O)O,quercetin,0,0.4050123223966089,0.7567567567567568,True
O[C@H]1C[C@@]2(C(C1[C@@](C/C=C/C(O)(C)C)(O)C)CC[C@H]1[C@H]2CCC2[C@]1(C)CC[C@@H](C2(C)C)O)C,"3beta,16beta,20(S),25-tetrahydroxydammar-23-ene",0,0.40469230413979645,0.24358974358974358,False
COC(=O)[C@]1(C)CCCC2=C1CC[C@H]([C@@]12C[C@H](OC1=O)c1cocc1)C,penduliflaworosin,0,0.4045645263827082,0.24096385542168675,False
O=C1c2ccccc2c2c3c1nccc3cc1c2OCO1,liriodenine,0,0.4045645263827082,0.2711864406779661,False
OC[C@H]1O[C@@H](OC(=O)[C@]23CCC([C@H]([C@H]2C2=CC[C@H]4[C@@]([C@@]2(CC3)C)(C)CC[C@@H]2[C@]4(C)C[C@H]([C@@H]([C@@]2(C)CO)O)O)O)(C)C)[C@@H]([C@H]([C@@H]1O)O)O,arjunglucoside,0,0.40452411269375704,0.3793103448275862,False
OC[C@H]1O[C@@H](OC(=O)[C@]23CCC([C@H]([C@H]2C2=CC[C@H]4[C@@]([C@@]2(CC3)C)(C)CC[C@@H]2[C@]4(C)C[C@H]([C@@H]([C@]2(C)CO)O)O)O)(C)C)[C@@H]([C@H]([C@@H]1O)O)O,sericoside,0,0.40452411269375704,0.3793103448275862,False
COc1cc(O)c2c(c1OC)oc(c(c2=O)OC)c1ccc(c(c1)O)O,"5,3',4'-trihydroxy-3,7,8-trimethoxyflavone",0,0.40439465308284034,0.5208333333333334,True
O[C@H]1CC[C@]2([C@H](C1(C)C)CC[C@@]1([C@@H]2CC[C@H]2[C@@]1(C)CC=C2)C)C,mansumbinol,0,0.4034417670924354,0.359375,False
C/C(=C\Cc1c[nH]c2c1cccc2)/CCCC(C(C(C=C(C)C)O)O)C,"(6',7'-dihydro-8',9'-dihydroxy)-3-farnesindole",0,0.4032952396569948,0.2857142857142857,False
COC1OC(=O)C=C1CCC1C(=C)CCC2C1(C)CCCC2(C)C(=O)O,"16-methoxylabda-8(17),13-diene15,19-dioic",0,0.4029571663920922,0.2413793103448276,False
O=C1CCC[C@H]2N1C[C@@H]1C[C@H]2CN2[C@H]1CCCC2,lupanine,0,0.4029571663920922,0.1791044776119403,False
CC[C@@H](C(C)C)/C=C/[C@H]([C@H]1CC[C@@H]2[C@]1(C)CC[C@H]1C2=CC[C@@H]2[C@]1(C)CC[C@@H](C2)O[C@@H]1O[C@H](CO)[C@H]([C@@H]([C@H]1O)O)O)C,alpha-spinasterol,0,0.4029571663920922,0.2336448598130841,False
Cc1ccc(cc1)C(O)(C)C,p-cymen-8-ol,0,0.40218702406335666,0.4642857142857143,False
COc1ccc(cc1)c1oc2cc(O)cc(c2c(=O)c1OC1O[C@H](C)[C@H]([C@@H]([C@@]1(O)C(=O)c1cc(O)c(c(c1)O)O)O)O)O,kaempferide,0,0.4020894181206927,0.4027777777777778,False
COc1c(C)c(OC2O[C@H](COC3OC[C@H]([C@@H]([C@H]3O)O)O)[C@H]([C@@H]([C@H]2O)O)O)cc2c1C(=O)c1ccccc1C2=O,rubiadin-1-methyl,0,0.4017351377477042,0.25510204081632654,False
Oc1cc(C[C@H]2OC(=O)c3c(C2)cc(cc3O)O)c(c(c1)O)C(=O)C,feralolide,0,0.40137429611970743,0.47540983606557374,False
CC#CC#Cc1ccc(s1)C#CCCOC(=O)C,"5-(penta-1,3-diynyl)-2-(4-acetoxy-but-1-ynyl)-thiophene",0,0.40102747567258157,0.203125,False
COc1c(OC2O[C@H](C)[C@H]([C@@H]([C@@H]2O)O)O)cc2c(c1O)c(=O)c(c(o2)c1ccc(cc1)O)OC1O[C@H](COC2O[C@H](C)[C@H]([C@@H]([C@@H]2O)O)OC(=O)/C=C/c2ccc(c(c2)OC)O)[C@@H]([C@@H]([C@H]1OC1O[C@H](C)[C@H]([C@@H]([C@@H]1O)O)O)O)O,3-O-alpha-rhamnopyranosyl(1→2)[(3-O-E-feruloyl)-alpha-rhamnopyranosyl(1→6)]-beta-galactopyranoside,0,0.4009919682702089,0.3448275862068966,False
COc1cc(OC)c(c(c1/C=C/C(=O)c1ccccc1)O)OC,"2-hydroxy-3,4,6-trimethoxychalcone",0,0.40085344110305476,0.4,False
O=C1C[C@](C)(O)Cc2c1c(O)c1c(c2)cccc1O,prechrysophanol,0,0.40083253162059557,0.26666666666666666,False
O=C(OCC1=CCN2C1[C@H](O)CC2)CC=C(C)C,9-hydroxyisohexenoylretronecine,0,0.4005658890290038,0.21739130434782608,False
CCCCCCCCCCCC1=C(O)C(=O)C(=C(C1=O)O)C,"2,5-dihydroxy-3-methyl-6-undecyl-1,4-benzoquinone",0,0.40019016704894833,0.3023255813953488,False
OCC1(CO)CC(O)C[C@@]2([C@@H]1CC[C@]13[C@H]2CC[C@H](C1)C(=C)C3)C,"(ent)-kaur-16-en-2alpha,18,19-triol",0,0.4,0.22058823529411764,False
CCC(C(=O)O[C@H]1[C@H](O)C2[C@@](C3[C@]1(C)[C@@H](CC3)c1ccoc1)(C)[C@H](O)CC1[C@]2(C)[C@@H](OC(=O)C)C[C@H]([C@@]1(C)OC(=O)C)O)C,"28-nor-4alpha-carbomethoxy-11beta-hydroxy-12alpha-(2-methylbutanoyloxy)-14,15-deoxyhavanensin-1,7-diacetate",0,0.4,0.22826086956521738,False
C=C1C2CCC(C1(C)C)C2,camphene,0,0.4,0.2,False
C=C/C(=C\CC1C(=C)CCC2[C@]1(C)CCCC2(C)C)/C,naphthalene,0,0.4,0.4,False
OC[C@H]1O[C@@H](OC2O[C@H](C)[C@H]([C@@H]([C@@H]2Oc2ccc(cc2)C(=O)O)O)O)[C@@H]([C@H]([C@@H]1O)O)O,benzoic,0,0.4,0.44155844155844154,False
COC(=O)/C=C(/CC/C=C(/CC[C@H]1OC1(C)C)\C)\C,methyl,0,0.4,0.21333333333333335,False
CC(=O)O[C@@H]1C[C@@H]2[C@]([C@@H]3[C@]1(C)C1=CC[C@H]([C@@]1(CC3)C)C1=CC(OC1=O)O)(C)C=CC(=O)C2(C)C,azadironolide,0,0.4,0.2558139534883721,False
COc1c(c2c3c(c1)ccnc3C(=O)c1ccccc21)OC,lysicamine,0,0.4,0.3103448275862069,False
CC(=O)O[C@H]1C[C@@H](OC(=O)C)[C@@]2([C@H]3[C@@]1(C)[C@H]1CC[C@@]4(C(=CC[C@H]4c4ccoc4)[C@]1(C)[C@@H]([C@@H]3OC2)O)C)C,"1alpha,3alpha-diacetylvilasinin",0,0.4,0.25263157894736843,False
CC(=O)O[C@H]1C[C@H]2[C@@]([C@H]3[C@@]1(C)C1=CC[C@@H]([C@@]1(C)CC3)C1COC(=O)C1)(C)CCC(=O)C2(C)C,turranolide,0,0.4,0.30952380952380953,False
COC1=C(C(=O)C=C2C1=C(C)N[C@H](C2)C)c1c(C)cc(c2c1cccc2OC)OC,"1,2-didehydroancistrobertsonine",0,0.4,0.3333333333333333,False
CC(=O)O[C@H]1CC[C@]2([C@H](C1(C)C)CC=C1[C@@H]2COC1=O)C,cinnamolide-3beta-acetate,0,0.4,0.4084507042253521,False
CO[C@H]1[C@H](OC(=O)c2ccccc2)C2OC2C2[C@@]1(COC(=O)c1ccccc1)O2,monathadiepoxide,0,0.4,0.23880597014925373,False
O=C1CCOc2c1cc(C)c(c2)C,"6,7-dimethyl-4-chromanone",0,0.4,0.28888888888888886,False
O[C@@H]1C[C@H]2[C@H]([C@@]3(C1[C@@H]([C@H](C/C=C/C(O)(C)C)C)[C@H](C3)O)C)CCC1[C@]2(C)CCC(C1(C)C)(O)O,"(20S)-3beta,12beta,16beta,25-pentahydroxydammar-23-ene",0,0.4,0.18292682926829268,False
O[C@@H]1C[C@@H]2[C@@]3(C)CCC(=O)C([C@@H]3CC[C@]2([C@]2([C@@]31OC(=O)[C@]1([C@@]3(C)CC(C)(C)CC1)CC2)C)C)(C)C,"3-oxo-12beta-hydroxy-oleanan-28,13beta-olide",0,0.4,0.32051282051282054,False
CC(=O)OC1CC2C(C)(C)OC(=O)CC([C@@]2(C2[C@]1(C)C1=CCC(C1(CC2)C)c1ccoc1)C)OC(=O)C,kihadalactone,0,0.4,0.25,False
O[C@H]1CC[C@]2([C@H](C1(C)C)CC[C@@]1([C@@H]2CC=C2[C@@]1(C)CC[C@@]1([C@H]2CC(C)(C)CC1)C)C)C,beta-amyrin,0,0.39985569056613096,0.5573770491803278,True
COc1cc2OC3(CC(=O)C)c4c(c2c(c1C(=O)C)O)c(C)cc(c4C(=O)c1c3cccc1O)O,10-acetonylknipholone,0,0.3993964506099241,0.2564102564102564,False
OC[C@H]1OC(OC2CC(C)c3c(C2)cc(cc3O)O)[C@@H]([C@H]([C@@H]1O)O)O,feroxin,0,0.3990116512137163,0.375,False
COc1c(O)cc(cc1/C=C/C(O)(C)C)c1coc2c(c1=O)c(O)cc(c2)O,"5,7,3'-trihydroxy-4'-methoxy-5'-(3-hydroxy-3-methylbuten-1-yl]isoflavanone",0,0.3987448825089176,0.543859649122807,True
COC1(CC(=O)c2c(O1)cc(cc2O)OC)c1ccc(cc1)O,"5,4'-dihydroxy-7-dimethoxyflavanone",0,0.3986458502419967,0.4166666666666667,False
COc1cc(O)c2c(c1)C(=O)c1c(C2=O)c(O)cc(c1)C(=O)O,parietinic,0,0.39831484252823285,0.3469387755102041,False
Oc1cc(O)c2c(c1)OC[C@@H](C2=O)c1ccc2c(c1O)CC(C(O2)(C)C)O,"5,7,2',3''-tetrahydroxy-2'',2''-dimethyldihydropyrano-[5'',6'':3',4']-isoflavanone",0,0.3979454808801092,0.3770491803278688,False
COc1c(C(=O)CCc2ccccc2)c(O)c(c(c1Cc1ccccc1O)O)Cc1ccccc1O,diuvaretin,0,0.39788579509997213,0.3684210526315789,False
COc1cc2c(c(c1OC)O)c(=O)c1c(n2C)cccc1,arborinine,0,0.39752169277480043,0.3695652173913043,False
COc1cc(O)c(c(c1C(=O)C)O)c1c(C)cc(c2c1C(=O)c1ccc(c(c1C2=O)O)[C@H]1c2cccc(c2C(=O)c2c1c(c(cc2O)C)c1c(O)cc(c(c1O)C(=O)C)OC)O)O,joziknipholone,0,0.39746140142517816,0.2692307692307692,False
COc1cc2c(=O)c(coc2c2c1OC(C)(C)C=C2)c1ccc(cc1)OC,"3-(4-methoxyphenyl)-6-methoxy-8,8-dimethyl-4H,8H-benzo[1,2-b:3,4-b']dipyran-4-one",0,0.39657958561325607,0.3870967741935484,False
COc1cc2OCOc2cc1c1coc2c(c1=O)cc1c(c2)occ1,dehydroneotenone,0,0.3965446903936195,0.32786885245901637,False
CO[C@@H]1O[C@H]2c3c(ccc4c3c(OC)cc(c4O)C(=O)O)O[C@@]3([C@H]2[C@H]([C@H]1C)CC3)C,parvinaphthol,0,0.39626800523788736,0.23529411764705882,False
COc1c2OCOc2c(cc1c1coc2c(c1=O)ccc1c2C=CC(O1)(C)C)OC,ferrugone,0,0.39578497630430454,0.3484848484848485,False
Oc1c(C)cc(c2c1COc1c(C2=O)c(O)ccc1)O,leptosphaerin,0,0.39563448841705645,0.2692307692307692,False
CC(=O)Cc1cc(=O)c2c(o1)cc(cc2C)O,aloesone,0,0.39536707188908793,0.3469387755102041,False
CCCCCCCCOC=O,octyl,0,0.3951441904554489,0.25,False
C/C=C(/C(=O)O[C@H]1C(C(C)C)[C@H](OC(=O)C)C=C(C1=O)CO)\C,3-acetoxy-7-hydroxy-5-tigloyloxycarvotacetone,0,0.3951441904554489,0.22058823529411764,False
CC1=C[C@@H]2[C@@H](CC1)C(=CC[C@H]2C(C)C)C,cadinene,0,0.3949047763760171,0.22641509433962265,False
CC1=C[C@@H]2[C@H](CC1)C(=CC[C@H]2C(C)C)C,(-)-alpha-muurolene,0,0.3949047763760171,0.22641509433962265,False
Oc1ccc2c(c1)occ(c2=O)c1ccc2c(c1)C=CC(O2)(C)C,corylin,0,0.3947136744755872,0.375,False
COc1cc2nc3occc3c(c2cc1OC[C@H](C(O)(C)C)OC(=O)C)OC,acetylmontrifoline,0,0.39456452638270817,0.2318840579710145,False
CC(=CCc1c(O)cc(c2c1occ(c2=O)c1ccc(cc1)O)O)C,lupiwighteone,0,0.39412346930533987,0.5344827586206896,True
OC[C@]1(C)[C@@H](O)CC[C@]2([C@H]1CC[C@@]1([C@@H]2CC=C2[C@@]1(C)CC[C@@]1([C@H]2CC(CC1)(C)C)C(=O)O)C)C,hederagenin,0,0.3940723747828067,0.5522388059701493,True
CC1=CC[C@@]2([C@H]1C2)C(C)C,alpha-thujene,0,0.39392216181106093,0.2127659574468085,False
COc1c2C(=O)OCc2cc2c1c(O)ccc2,sorigenin-1-O-methyl,0,0.3939071531610787,0.3333333333333333,False
COc1cc(O)c2c(c1)oc(c(c2=O)O)c1ccc(c(c1)OC)O,rhamnazin,0,0.3932336420598974,0.5087719298245614,True
O[C@H]1CC[C@@H]2[C@]([C@H]1C)(C)CC[C@H]1[C@@]2(C)CC[C@@]2([C@]1(C)CC[C@@]1([C@H]2CC(C)(C)CC1)C)C,epifriedelanol,0,0.39317899233356557,0.2571428571428571,False
COc1cc(=O)oc(c1)[C@@H]1[C@@H](c2ccccc2)[C@@H]2C1(/C=C/c1ccccc1)OC(=O)C=C2OC,(+/-)-5-methoxy-7-phenyl-[4-methoxy-2-pyronyl]-,0,0.39295716639209227,0.29850746268656714,False
COC(=O)C1=CC=C[C@H]2[C@]31CC[C@H]([C@]2(C(=O)OC3)CCc1cocc1)C,megalocarpoidolide,0,0.39295716639209227,0.20833333333333334,False
OC[C@@H]1O[C@H]([C@@H]([C@H]1O)O)Oc1c(oc2c(c1=O)c(O)cc(c2)O)c1cc(O)c(c(c1)O)O,myricetin-3-O-alpha-arabinofuranoside,0,0.3928388974933753,0.5283018867924528,True
OC[C@H]1O[C@@H](Oc2c(oc3c(c2=O)c(O)cc(c3)O)c2cc(O)c(c(c2)O)O)[C@@H]([C@H]([C@H]1O)O)O,myricetin,0,0.3928388974933753,0.5185185185185185,True
COC/C=C/c1cc(O)c2c(c1)[C@H](COC(=O)C)[C@H](O2)c1ccc(c(c1)OC)OC,"(-)-trans-9-acetyl-4,9'-di-O-methyl-3'-de-O-methyldehydrodiconiferyl",0,0.3925781365470521,0.27848101265822783,False
O=C1C[C@H](O)[C@@H]2c3c1c(O)ccc3c1c3[C@@]2(O)CCC(=O)c3c(cc1)O,altertoxin,0,0.39174310127751677,0.26229508196721313,False
C=C[C@@]1(C)CC[C@@H](O1)C(O)(C)C,linalool,0,0.3917351377477042,0.22033898305084745,False
COc1ccc2c(c1OC)nc1c(c2OC)cco1,skimmianine,0,0.3917351377477042,0.3125,False
COc1cc(C=O)c2c(c1OC)oc(=O)c(c2OC)C,coumarleucasin,0,0.3917351377477042,0.32653061224489793,False
COc1cc2C[C@@H](C)N=C(c2c(c1c1c(C)cc(c2c1cccc2OC)OC)OC)C,ancistrocladisine,0,0.3917351377477042,0.3050847457627119,False
CC(=CCC[C@]([C@H]1[C@@H](O)C[C@]2(C1CC[C@H]1[C@H]2CCC2[C@]1(C)CC[C@@H](C2(C)C)O)C)(O)C)C,"3beta,16beta,20(R)-trihydroxydammar-24-ene",0,0.3917351377477042,0.24358974358974358,False
O=CC1=C[C@H](O)[C@H]2[C@@]([C@@H]3[C@@H]1[C@]1(O)[C@H](O3)OC[C@H](C1=O)OC(=O)C)(C)CC[C@@]1(C2=C(CC1)C(C)C)C,striatoid,0,0.3912277701778386,0.25,False
Cc1cc(O)c2c(c1)C(=O)c1c(C2=O)c(O)c(cc1)c1c(C)cc(c2c1C(=O)c1cccc(c1C2=O)O)O,asphodelin,0,0.3912277701778386,0.2692307692307692,False
C/C/1=C\CC(C)(C)/C=C/C/C(=C/CC1)/C,alpha-humulene,0,0.39102747567258156,0.21428571428571427,False
COc1cc2OCOc2cc1c1cc2cc3ccoc3cc2oc1=O,pachyrrhizine,0,0.39094998676898657,0.3392857142857143,False
COc1c(O)cc(c2c1OC(c1ccccc1)C(C2=O)O)OC,"3,7-dihydroxy-5,8-dimethoxyflavanone",0,0.39094998676898646,0.4642857142857143,False
CC(Cc1cc(=O)c2c(o1)cc(cc2C)O)O,aloesol,0,0.39092999729844297,0.34,False
CC(=CC(=O)c1ccc2c(c1)c(c[nH]2)C[C@H]1OC1(C)C)C,"3,5-hexalobine",0,0.39085344110305476,0.22972972972972974,False
O[C@H]1CC[C@]2([C@H](C1(C)C)CC[C@@]1([C@@H]2CC[C@@]2(C1=CC[C@@]1([C@H]2CC(C)(C)CC1)C)C)C)C,taraxerol,0,0.3906123784574315,0.3582089552238806,False
O=C(c1ccccc1)OCC1=CC=C[C@H]([C@@H]1OC(=O)C)OC(=O)C,"(+)-(2S,3R)-diacetoxy-1-benzoyloxymethylenecyclohex-4,6-diene",0,0.3905658890290038,0.2537313432835821,False
COc1cc(O)c2c(c1)oc(c(c2=O)O)c1ccc(c(c1)OC)OC,"3,5-dihydroxy-3',4',7-trimethoxyflavone",0,0.390492560075828,0.5,True
OC(C(O)(C)C)CC/C(=C/CC/C(=C/CC/C=C(/CC/C=C(/CCC(C(O)(C)C)O)\C)\C)/C)/C,"2,3,22,23-tetrahydroxy-2,6,10,15,19,23-hexamethyl-6,10,14,18-tetracosatetraene",0,0.39033807326490255,0.19047619047619047,False
O[C@@H](C(O)(C)C)CC/C(=C/CC/C(=C/CC/C=C(/CC/C=C(/CC[C@H](C(O)(C)C)O)\C)\C)/C)/C,"2,3,22,23-tetrahydroxy-2,6,10,15,19,23-hexamethyl-6,10,14,18-tetracosatetraene",0,0.39033807326490255,0.19047619047619047,False
COc1cc(O)c2c(c1)c1c(C)cc(cc1oc2=O)OS(=O)=O,alternariol,0,0.3900890872151303,0.3333333333333333,False
OC/C=C(/CC[C@@H]1C(=C)CCCC1(C)C)\CO,elgonene,0,0.39,0.21666666666666667,False
CC(=O)O[C@]1(C)C(=O)OCC2=CCN3C2[C@@H](OC(=O)C(=C)[C@H]([C@H]1C)C)CC3,acetylsenecivernine,0,0.39,0.2222222222222222,False
OCC1=CC[C@@H](CC1)[C@]([C@H](C/C=C(/C(=O)O)\C)O)(O)C,elgonene,0,0.39,0.19402985074626866,False
OCC1(CO)CC(=O)C[C@@]2([C@@H]1CC[C@]13[C@H]2CC[C@H](C1)C(=C)C3)C,"(ent)-2-oxokaur-16-en-18,19-diol",0,0.39,0.22857142857142856,False
C/C=C/1\C[C@@H](C)[C@@](C)(O)C(=O)OCC2=CCN3[C@H]2[C@H](OC1=O)CC3,integerrimine,0,0.39,0.23376623376623376,False
OC/C=C(/CC[C@H]1[C@](C)(O)CC[C@@H]2[C@]1(C)CCCC2(C)C)\C,"labda-13E-ene-8a,15-diol",0,0.39,0.32142857142857145,False
CC(=CCC[C@]([C@H]1[C@@H](O)C[C@]2(C1CC[C@H]1[C@H]2CCC2[C@]1(C)CC[C@@H](C2(C)C)OC(=O)C)C)(O)C)C,"3beta-acetoxy-16beta,20(R)-dihydroxydammar-24-ene",0,0.39,0.3132530120481928,False
C=CC(OC(=O)C)C#CC#CC(OC(=O)C)CCCCCCCCCCOC(=O)C,"11,16-diacetoxyoctadeca-17-ene-12,14-diynyl",0,0.39,0.16666666666666666,False
COc1cc(O)c(c(c1OC)O)C(=O)[C@H]1[C@H](CC=C(C)C)C(=CC[C@@H]1c1ccccc1)C,(+/-)-schefflerin,0,0.39,0.30666666666666664,False
COC(=O)/C=C/CC/C=C(/CC([C@@H](C(O)(C)C)O)C)\C,(S)-MTPA-ester,0,0.39,0.1625,False
COC(=O)/C=C/CC/C=C(/CC([C@H](C(O)(C)C)O)C)\C,(R)-MTPA-ester,0,0.39,0.1625,False
CC(=O)O[C@H]1C[C@H]2[C@@](C3=CC[C@H]([C@]13C)C1=CC(OC1=O)O)(C)[C@H](OC(=O)C)C[C@@H]1[C@]2(C)C=CC(=O)C1(C)C,12alpha-acetoxyazadironolide,0,0.39,0.2235294117647059,False
OC(=O)CC[C@@H]1C(=C(C)C)CC[C@H]([C@]1(C)CCc1cocc1)C,tessmannic,0,0.39,0.21951219512195122,False
C/C(=C\CC1CNc2c1cccc2)/CC/C=C(/CCC=C(C)C)\C,3-farnesylindole,0,0.39,0.2571428571428571,False
COC(=O)C1=CC=C[C@H]2[C@@H]1CC(=C1[C@]2(C)C[C@@H](OC1=O)c1cocc1)O,crotomacrine,0,0.39,0.225,False
C/C=C\1/C[C@@H](C)[C@@](C)(O)C(=O)OCC2=CCN3[C@H]2[C@H](OC1=O)CC3,senecionine,0,0.39,0.23376623376623376,False
CC(=O)O[C@H]1C[C@H]2[C@@](C3=CC[C@H]([C@]13C)C1=CC(OC1=O)O)(C)[C@H](O)C[C@@H]1[C@]2(C)C=CC(=O)C1(C)C,turraparvin,0,0.39,0.21839080459770116,False
CC([C@@]12CC[C@@]3(CO1)[C@@H](O2)[C@H]1CC[C@H]2[C@@]([C@@]1(CC3)C)(C)CC[C@@H]1[C@]2(C)CCC(=O)C1(C)C)C,ekeberin,0,0.39,0.3037974683544304,False
O=CC1=C(C)CCCC1(C)C,beta-cyclocitral,0,0.3899880846415986,0.22641509433962265,False
CCCC/C=C/CCCCCCCCCCCCCC1=C(O)C(=O)C(=C(C1=O)O)C,maesaquinone,0,0.3892388438127321,0.2826086956521739,False
CCCC/C=C\CCCCCCCCCC1=C(O)C(=O)C(=C(C1=O)O)C,maesanol,0,0.3892388438127321,0.2826086956521739,False
CCCC/C=C\CCCCCCCCCC1=C(O)C(=O)C=C(C1=O)OC,maesanin,0,0.3887931025661466,0.27450980392156865,False
COc1cc(O)c(c2c1[C@H](C)N[C@H](C2)C)c1c(C)cc(c2c1cccc2OC)OC,ancistrocladine,0,0.3886891716030167,0.30434782608695654,False
Oc1ccc(cc1)/C=C/C(=O)c1cc(Oc2ccc(cc2)/C=C/C(=O)c2ccc(cc2O)O)c(cc1O)O,"2',4'-dihydroxychalcone-(4-O-5''')-4'',2''',4'''-trihydroxychalcone",0,0.38819693729694493,0.5869565217391305,True
COC(=O)[C@@]12CC=C([C@@]3([C@H]1CCC(=O)[C@H]2C(=O)OC)C[C@@H](OC3=O)c1cocc1)C,megalocarpoidolide,0,0.3881536291070271,0.21176470588235294,False
COC(=O)[C@@]12CC=C([C@@]3([C@H]1CCC(=O)[C@H]2C(=O)OC)C[C@H](OC3=O)c1cocc1)C,megalocarpoidolide,0,0.3881536291070271,0.21176470588235294,False
COc1c(Cc2cc(ccc2O)Cc2ccccc2O)c(O)c(c(c1C(=O)CCc1ccccc1)O)Cc1ccccc1O,triuvaretin,0,0.3878857950999721,0.3709677419354839,False
COc1c(Cc2ccccc2O)c(O)c(c(c1C(=O)CCc1ccccc1)O)Cc1cc(ccc1O)Cc1ccccc1O,isotriuvaretin,0,0.3878857950999721,0.3709677419354839,False
COc1c(OC)c(OC)ccc1c1coc2c(c1=O)c(O)c(c(c2)O)CC=C(C)C,"5,7-dihydroxy-2',3',4'-trimethoxy-6-(3-methylbut-2-enyl)isoflavanone",0,0.38770799199102685,0.576271186440678,True
OCc1cc(O)c2c(c1)[C@@H]([C@@H]1O[C@H](COC(=O)/C=C/c3ccc(cc3)O)[C@H]([C@@H]([C@H]1O)O)O)c1c(C2=O)c(O)ccc1,microdontin,0,0.38766272695415466,0.46153846153846156,False
COc1c(c(O)cc(c1C(=O)C)O)c1c(C)cc(c2c1C(=O)c1cccc(c1C2=O)O)O,isoknipholone,0,0.38746140142517815,0.2647058823529412,False
CCCCCCCCCC(CCCCCC1NCCCN(C)CCCCN(CCCNC(=O)C1)C)O,6-hydroxy-5-normethylbudmunchiamine,0,0.3873174394750687,0.23943661971830985,False
COc1cc2C(=O)CCOc2cc1OC,"6,7-dimethoxy-4-chromanone",0,0.3862996641304124,0.3469387755102041,False
CC(=O)O[C@H]1CC[C@]2(C(=CC=C3C2=C(O)C(=O)C(=C3)C(O)(C)C)C1(C)C)C,3beta-acetoxyfuerstione,0,0.3862680052378874,0.25675675675675674,False
OCC(=O)O[C@@H]1C[C@@]2(O[C@@]1(C)[C@@H]1CC[C@H]([C@H]1[C@@H]2OC(=O)/C=C/c1ccccc1)C)C(C)C,englerin,0,0.3861303173583024,0.2558139534883721,False
CC#CC1=CC=C(SS1)C#CC#CC=C,Thiarubrine,0,0.38603774330187535,0.11764705882352941,False
C=CC1(C)CCC(C(=O)C1C(=C)C)C(C)C,3-vinyl-3-methyl-2-isopropenyl-6-isopropyl-cyclohexanone,0,0.3859143327841845,0.27586206896551724,False
C=C[C@]1(C)CC[C@@]2([C@@H](C1)CC[C@@H]1C2=CC(=O)[C@@H](C1(C)C)O)C,hugorosenone,0,0.3857922965605468,0.2903225806451613,False
CC(=CCC[C@]([C@@H]1CC[C@@]2(C1CC[C@@H]1[C@]2(C)CCC2[C@@]1(C)CCC(=O)C2(C)C)O)(O)C)C,"(16S,20R)-dihydroxydammar-24-en-3-one",0,0.3853520963453944,0.325,False
CC(=O)Oc1oc2c(c1C)C/C=C(\C)/CC/C=C(/C2)\C,2-acetoxyfuranodienone,0,0.38427483034256177,0.18571428571428572,False
COc1ccc2c3c1oc(=O)c1c3c(cc2)ccc1O,puguenolide,0,0.38392216181106087,0.3333333333333333,False
C=C[C@H](OC(=O)C)CCC1=C(CC[C@H]2[C@@]1(C)CCCC2(C)C)[C@H](C[C@H]1OC[C@H]([C@@H]([C@H]1O)O)O)O,"13-acetoxy-17-hydroxy-labda-8,14-diene-17-O-(xylopyranoside",0,0.3838643702906351,0.2875,False
C=C[C@@H](OC(=O)C)CCC1=C(CC[C@H]2[C@@]1(C)CCCC2(C)C)[C@@H](C[C@H]1OC[C@H]([C@@H]([C@H]1O)O)O)O,"13-acetoxy-17-hydroxy-labda-8,14-diene-17-O-(xylopyranoside",0,0.3838643702906351,0.2875,False
C=C[C@@H](OC(=O)C)CCC1=C(CC[C@@H]2[C@@]1(C)CCCC2(C)C)[C@@H](C[C@H]1OC[C@H]([C@@H]([C@H]1O)O)O)O,"13-acetoxy-17-hydroxy-labda-8,14-diene-17-O-(xylopyranoside",0,0.3838643702906351,0.2875,False
C=C[C@H](OC(=O)C)CCC1=C(CC[C@@H]2[C@@]1(C)CCCC2(C)C)[C@@H](C[C@H]1OC[C@H]([C@@H]([C@H]1O)O)O)O,"13-acetoxy-17-hydroxy-labda-8,14-diene-17-O-(xylopyranoside",0,0.3838643702906351,0.2875,False
C=C[C@H](OC(=O)C)CCC1=C(CC[C@@H]2[C@@]1(C)CCCC2(C)C)[C@H](C[C@H]1OC[C@H]([C@@H]([C@H]1O)O)O)O,"13-acetoxy-17-hydroxy-labda-8,14-diene-17-O-(xylopyranoside",0,0.3838643702906351,0.2875,False
C=C[C@@H](OC(=O)C)CCC1=C(CC[C@@H]2[C@@]1(C)CCCC2(C)C)[C@H](C[C@H]1OC[C@H]([C@@H]([C@H]1O)O)O)O,"13-acetoxy-17-hydroxy-labda-8,14-diene-17-O-(xylopyranoside",0,0.3838643702906351,0.2875,False
C=C[C@@H](CCC1=C(CC[C@@H]2[C@@]1(C)CCCC2(C)C)[C@H](C[C@H]1OC[C@H]([C@@H]([C@H]1O)O)O)O)O,"13,17-dihydroxy-labda-8,14-diene-17-O-xylopyranoside",0,0.3838643702906351,0.3013698630136986,False
C=C[C@@H](CCC1=C(CC[C@H]2[C@@]1(C)CCCC2(C)C)[C@H](C[C@H]1OC[C@H]([C@@H]([C@H]1O)O)O)O)O,"13,17-dihydroxy-labda-8,14-diene-17-O-xylopyranoside",0,0.3838643702906351,0.3013698630136986,False
C=C[C@H](CCC1=C(CC[C@H]2[C@@]1(C)CCCC2(C)C)[C@H](C[C@H]1OC[C@H]([C@@H]([C@H]1O)O)O)O)O,"13,17-dihydroxy-labda-8,14-diene-17-O-xylopyranoside",0,0.3838643702906351,0.3013698630136986,False
C=C[C@@H](CCC1=C(CC[C@@H]2[C@@]1(C)CCCC2(C)C)[C@@H](C[C@H]1OC[C@H]([C@@H]([C@H]1O)O)O)O)O,"13,17-dihydroxy-labda-8,14-diene-17-O-xylopyranoside",0,0.3838643702906351,0.3013698630136986,False
C=C[C@@H](OC(=O)C)CCC1=C(CC[C@H]2[C@@]1(C)CCCC2(C)C)[C@H](C[C@H]1OC[C@H]([C@@H]([C@H]1O)O)O)O,"13-acetoxy-17-hydroxy-labda-8,14-diene-17-O-(xylopyranoside",0,0.3838643702906351,0.2875,False
C=C[C@@H](CCC1=C(CC[C@H]2[C@@]1(C)CCCC2(C)C)[C@@H](C[C@H]1OC[C@H]([C@@H]([C@H]1O)O)O)O)O,"13,17-dihydroxy-labda-8,14-diene-17-O-xylopyranoside",0,0.3838643702906351,0.3013698630136986,False
C=C[C@H](CCC1=C(CC[C@@H]2[C@@]1(C)CCCC2(C)C)[C@H](C[C@H]1OC[C@H]([C@@H]([C@H]1O)O)O)O)O,"13,17-dihydroxy-labda-8,14-diene-17-O-xylopyranoside",0,0.3838643702906351,0.3013698630136986,False
C=C[C@H](CCC1=C(CC[C@@H]2[C@@]1(C)CCCC2(C)C)[C@@H](C[C@H]1OC[C@H]([C@@H]([C@H]1O)O)O)O)O,"13,17-dihydroxy-labda-8,14-diene-17-O-xylopyranoside",0,0.3838643702906351,0.3013698630136986,False
C=C[C@H](OC(=O)C)CCC1=C(CC[C@H]2[C@@]1(C)CCCC2(C)C)[C@@H](C[C@H]1OC[C@H]([C@@H]([C@H]1O)O)O)O,"13-acetoxy-17-hydroxy-labda-8,14-diene-17-O-(xylopyranoside",0,0.3838643702906351,0.2875,False
C=C[C@H](CCC1=C(CC[C@H]2[C@@]1(C)CCCC2(C)C)[C@@H](C[C@H]1OC[C@H]([C@@H]([C@H]1O)O)O)O)O,"13,17-dihydroxy-labda-8,14-diene-17-O-xylopyranoside",0,0.3838643702906351,0.3013698630136986,False
O=C/C=C(/C=C/C=C(\C=C\C1=C(C)CCCC1(C)C)/C)\C,9-cis-retinal,0,0.3834224056258837,0.19402985074626866,False
OC[C@H]1O[C@@H](Oc2cc(C(C)C)c(cc2C)O)[C@@H]([C@H]([C@@H]1O)O)O,zataroside,0,0.38316281936258456,0.31645569620253167,False
CC(=O)O[C@H]1C2=C(C(=O)OC2)[C@@]2([C@@H]([C@@H]1OC(=O)C)C(C)(C)CCC2)C,7alpha-acetoxyugandensolide,0,0.38295716639209226,0.30303030303030304,False
OC/C(=C\CCC1(C)C2CC3C1(C)C3C2)/C,santalol,0,0.38295716639209226,0.19672131147540983,False
CC(C/C=C/C[C@H]1CC[C@@H]2[C@]1(C)CCC1[C@]32OO[C@]2([C@]1(C)CCC(C2)O)C=C3)C,"ergosterol-5,8-endoperoxide",0,0.3812277701778386,0.18840579710144928,False
CC(=CCOc1ccc2c(c1)OC[C@H]1[C@@H]2Oc2c1cc1c(c2)OCO1)C,3-O-prenylmaackiain,0,0.3812277701778386,0.37681159420289856,False
C/C=C/1\C[C@@H](C)[C@@](C)(O)C(=O)OC[C@@H]2[C@@H]3[C@H](OC1=O)CCN3CC2,neoplatyphylline,0,0.3805658890290038,0.1891891891891892,False
O=c1cccc2n1C[C@@H]1CNC[C@H]2C1,cytisine,0,0.38044574124658553,0.1864406779661017,False
COc1cc(OC)c2c(c1OC)OC(C=C2)c1ccccc1,"5,7,8-trimethoxyflav-3-ene",0,0.38036767718148295,0.3275862068965517,False
OC[C@]1(C)[C@@H](O)[C@H](O)C[C@]2([C@H]1CC[C@@]1([C@@H]2CC=C2[C@@]1(C)CC[C@@]1([C@H]2[C@@H](O)C(CC1)(C)C)C(=O)O)C)C,tomentosic,0,0.3801729798412683,0.5217391304347826,True
OC[C@@]1(C)[C@@H](O)[C@H](O)C[C@]2([C@H]1CC[C@@]1([C@@H]2CC=C2[C@@]1(C)CC[C@@]1([C@H]2[C@H](O)C(CC1)(C)C)C(=O)O)C)C,sericic,0,0.3801729798412683,0.5217391304347826,True
OC[C@]1(C)[C@@H](O)[C@H](O)C[C@]2([C@H]1CC[C@@]1([C@@H]2CC=C2[C@@]1(C)CC[C@@]1([C@H]2[C@H](O)C(CC1)(C)C)C(=O)O)C)C,arjungenin,0,0.3801729798412683,0.5217391304347826,True
OC1CC(=O)c2c(C1)cc1c(c2O)c(C)cc(c1)O,aloesaponol,0,0.38016998665322915,0.2962962962962963,False
C1CC[C@@H]2N(C1)C[C@@H]1C[C@H]2CN2[C@@H]1CCCC2,sparteine,0,0.38,0.16666666666666666,False
CC(=O)O[C@]12CC[C@@H]3[C@](C1=CC[C@@H]2c1cocc1)(C)[C@@H](O)C[C@H]1[C@@]3(C)C=CC(=O)C1(C)C,12alpha-acetoxy-7-deacetylazadirone,0,0.38,0.21839080459770116,False
CC1=CCC[C@]2([C@@H]1C[C@@H](CC2)C(=C)C)C,alpha-selinene,0,0.38,0.2413793103448276,False
O=C(c1ccccc1)OC[C@@]12O[C@@H]1C=C[C@H]([C@@H]2O)OC(=O)c1ccccc1,(+)-pipoxide,0,0.38,0.22535211267605634,False
C[C@H]1CC[C@H]2[C@@H](C3=C(CC[C@@H]13)C)C2(C)C,gurjunene,0,0.38,0.21428571428571427,False
O=C1C[C@@]2(C)[C@]3(C)CC[C@@H]4[C@]([C@H]3CC[C@@]32[C@H]2[C@]1(CO3)CCC(C2)(C)C)(C)CCC(=O)C4(C)C,embelinone,0,0.38,0.3333333333333333,False
O=C(c1ccccc1)O[C@@H]1CC=C2[C@@](C1(C)C)(C)C=CC1=C2C(=O)C(=O)C(=C1)C(C)C,3-O-benzoylhosloquinone,0,0.38,0.2625,False
Cc1cc(O)c2c(c1)C(=O)c1c(C2=O)c(O)c(cc1)[C@H]1c2cccc(c2C(=O)c2c1c(O)c(C)cc2O)O,"(10R)-1,4,8,1',8'-pentahydroxy-3,3'-dimethyl-[10,7'-bianthracene]-9,9',10'(10H)-trione",0,0.38,0.23529411764705882,False
O=C(c1ccccc1)OC[C@]12OC1C=C[C@@H](C2O)OC(=O)c1ccccc1,(-)-pipoxide,0,0.38,0.22535211267605634,False
C/C=C/1\C(=O)C[C@@H]2[C@]1(C)CC[C@H]1[C@H]2CC=C2[C@]1(C)CC[C@@H]([C@@H]2O)O,(Z)-volkendousin,0,0.38,0.45454545454545453,False
O=C1O[C@@H]2CCN3[C@@H]2C(=CC3)COC(=O)[C@]2(O[C@](C1)(C)C[C@H]2C)C,retroisosenine,0,0.38,0.2236842105263158,False
N#CCc1ccccc1,phenylacetonitrile,0,0.38,0.3235294117647059,False
O=C(c1ccccc1)OC[C@@]12OC1C=C[C@H]([C@@H]2O)OC(=O)c1ccccc1,(+)-pipoxide,0,0.38,0.22535211267605634,False
C=C1CC[C@]2([C@H](C1(C)C)CCc1c2cc(O)c(c1)C)C,"12-hydroxy-13-methylpodocarpa-8,11,13-triene-3-one",0,0.38,0.3684210526315789,False
OC[C@@H]1O[C@@H]([C@H]([C@@H]([C@H]1O)O)OC(=O)/C=C/c1ccc(c(c1)O)O)c1c(OC)cc(c2c1oc(C[C@@H](O)C)cc2=O)C,rabaichromone,0,0.38,0.375,False
C[C@@H]1CC[C@]2([C@@H]([C@H]1C)C1=CC[C@H]3[C@@]([C@@]1(CC2)C)(C)CC[C@@H]1[C@]3(C)CC[C@@H](C1(C)C)O)C(=O)O,ursolic,0,0.37997235137517266,1.0,True
OCC(=C)C1CCC(=C)CC1,"p-mentha-1(7),8(10)-dien-9-ol",0,0.3797382807332958,0.17543859649122806,False
COc1cc(cc(c1OC)O)c1oc2c(OC)c(O)cc(c2c(=O)c1OC)O,"5,7,3'-trihydroxy-3,8,4',5'-tetramethoxyflavone",0,0.3795902612500852,0.39215686274509803,False
COc1cc2OC[C@@H]3[C@H](c2cc1OC)C(=O)c1c(O3)c2C=CC(Oc2cc1O)(C)C,alpha-toxicarol,0,0.37948742885601994,0.2857142857142857,False
OC[C@H]1O[C@@H](Oc2cc(O[C@@H]3O[C@H](CO)[C@H]([C@@H]([C@H]3O)O)O)cc(c2c2cc(OC)cc(=O)o2)C)[C@@H]([C@H]([C@@H]1O)O)OC(=O)/C=C/c1ccc(cc1)O,aloenin,0,0.37845502930124403,0.3917525773195876,False
COc1cc(O)ccc1c1coc2c(c1=O)c(O)c(c(c2)OC)C,"5,4'-dihydroxy-7,2'-dimethoxy-6-methylisoflavanone",0,0.3781066103715745,0.43636363636363634,False
COc1cc(O)c(c(c1C(=O)CCc1ccccc1)O)Cc1ccccc1O,uvaretin,0,0.3778857950999721,0.46296296296296297,False
COc1c(C)c(O)c(c(c1C(=O)C(C)C)O)CC1(C)C(=C(C)C(=C(C1=O)C(=O)C(C)C)O)O,kosotoxin,0,0.37729548091046894,0.2054794520547945,False
Oc1c(O)c2oc(=O)c3c4c2c(c1c1c(O)c(O)c2c5c1c(=O)oc1c5c(c(=O)o2)cc(c1O)O)c(=O)oc4c(c(c3)O)O,diellagic,0,0.3771478444954736,0.3404255319148936,False
Oc1ccc(cc1)c1coc2c(c1=O)c(O)cc1c2C=CC(O1)(C)C,derrone,0,0.37713863604369086,0.4262295081967213,False
OCC1OC(Oc2ccc(cc2)C=O)C(C(C1O)O)O,benzaldehyde,0,0.3770461108421921,0.33783783783783783,False
COc1cc(O)c2c(c1)cccc2C=O,eucleanal,0,0.37696542658944504,0.41304347826086957,False
CC1OC[C@]2(C(O1)[C@H](O)C[C@]1(C2CC[C@@]2([C@@H]1CC=C1[C@@]2(C)CC[C@@]2([C@H]1C(C)C(CC2)(C)C)C(=O)O)C)C)C,"3beta,24-O-ethylidenyl-2alpha,19alpha-dihydroxyolean-12-en-28-oic",0,0.3766419907437908,0.49333333333333335,False
OC1=C2C(=CC=C3[C@]2(C)CC[C@@H](C3(C)C)OC(=O)c2ccccc2)C=C(C1=O)C(C)C,3-O-benzoylhosloppone,0,0.3762680052378874,0.2716049382716049,False
C=CC(=C)CC/C=C(\CCC=C(C)C)/C,(Z)-beta-farnesene,0,0.37593007532019235,0.25862068965517243,False
C=CC(=C)CC/C=C(/CCC=C(C)C)\C,(E)-beta-farnesene,0,0.37593007532019235,0.25862068965517243,False
O[C@@H]([C@@H](C(O)(C)C)O)C[C@@H]([C@@H]1CC[C@]2([C@@]1(C)CC[C@H]1C2=CC[C@@H]2[C@]1(C)CC[C@@H](C2(C)C)O)C)C,hispidol,0,0.3759143327841845,0.35443037974683544,False
OCc1cc(O)c2c(c1)C(=O)c1c(C2=O)c(O)cc(c1)OC,fallacinol,0,0.3754927740632739,0.3148148148148148,False
C=C[C@@]1(C)CC[C@H]2C(=C1)C(=O)C[C@@H]1[C@]2(C)CCC(=O)C1(C)C,diketolinifoliol,0,0.375130415411712,0.4444444444444444,False
CC1=C[C@H]2[C@H](CC1)C(=C)CC[C@@H]2C(C)C,gamma-cadinene,0,0.37490477637601716,0.2222222222222222,False
OCC(c1cc2C(=O)C(=C3[C@@](c2c(c1O)O)(C)CCCC3(C)C)O)C,"6,11,12,16-tetrahydroxy-5,8,11,13-abietatetra-en-7-one",0,0.3747230345391314,0.22388059701492538,False
C[C@@H]1CC[C@H]2[C@@H]1[C@H]1[C@H](C1(C)C)CC[C@]12CCc2c(O1)cccc2,tanzanene,0,0.37469230413979643,0.23529411764705882,False
O=C1C=C(C(O1)O)CCC1C(=C)CCC2C1(C)CCCC2(C)C(=O)O,16-hydroxybutenolide,0,0.3741849365699308,0.25,False
Cc1cc2Cc3cc(c(cc3C(=O)c2c(c1)O)O)c1c(C)cc(c2c1C(=O)c1cccc(c1C2=O)O)O,bianthracene,0,0.3738643702906351,0.2698412698412698,False
COc1cc2OC3(CCOc2cc1OC)Oc1c(C3=O)ccc2c1cco2,spiro-13-homo-13-oxaelliptone,0,0.3737438470827232,0.2923076923076923,False
COC(=O)c1cc(O)c2c(c1)C(=O)c1c(C2=O)c(O)ccc1,rhein,0,0.3737294066630655,0.34545454545454546,False
O=c1c(coc2c1ccc1c2C=CC(O1)(C)C)c1ccc2c(c1)OCO2,calopogonium,0,0.37368528304225485,0.29411764705882354,False
COC(=O)[C@@]12CC=C([C@@]3([C@H]1CCC=C2C(=O)OC)C[C@H](OC3=O)c1cocc1)C,"7,8-dehydrocrotocorylifuran",0,0.37358910272431894,0.1958762886597938,False
COc1ccc(cc1)C1CC(=O)c2c(O1)cc(c(c2OC)OC)OC,6-methoxyhamiltone,0,0.3734601897579932,0.5957446808510638,True
O[C@H]1CC[C@]2([C@H](C1(C)C)CC[C@@]1([C@@H]2CC[C@@]2(C1=CC[C@@]1([C@H]2CC(C)(C)CC1)C(=O)O)C)C)C,maprounic,0,0.3734387538294598,0.47692307692307695,False
C=C/C(=C/C[C@H]1C(=C)CC[C@@H]2[C@]1(C)CCC[C@]2(C)C(=O)O)/C,trans-communic,0,0.37295716639209225,0.28125,False
COc1c2cc3OCOc3cc2nc2c1cco2,maculine,0,0.37268512451669067,0.2857142857142857,False
C/C=C(\C(=O)O[C@@H]1CC[C@]2([C@@]([C@]1(C)OC(=O)C)(C)CC(=C(C)C)C(=O)C2)C)/C,4-O-acetylcuauthemone-3-O-angelate,0,0.37266588323024935,0.24285714285714285,False
CC(=O)O[C@@H]1CC[C@]2(C([C@@]1(C)C(=O)O)CC[C@@]1([C@@H]2C(=O)C=C2[C@@]1(C)CC[C@@]1([C@H]2[C@@H](C)[C@H](C)CC1)C)C)C,actyl-11-keto-beta-boswellic,0,0.3718286655683691,0.5131578947368421,True
CC(=O)O[C@@H]1CC[C@]2([C@H]([C@@]1(C)C(=O)O)CC[C@@]1([C@@H]2C(=O)C=C2[C@@]1(C)CC[C@@]1([C@H]2[C@@H](C)[C@H](C)CC1)C)C)C,11-keto-beta-boswellic,0,0.3718286655683691,0.5131578947368421,True
C[C@H]1CC[C@@H]2[C@H]1[C@@H]1[C@@H](C1(C)C)CC[C@]2(C)O,ledol,0,0.3717351377477042,0.2641509433962264,False
C[C@@H]1CC[C@@H]2[C@@H]1[C@H]1[C@H](C1(C)C)CC[C@@]2(C)O,(-)-globulol,0,0.3717351377477042,0.2641509433962264,False
COc1cc2nc3occc3c(c2c(c1OC)OC)OC,"4,5,6,7-tetramethoxyfuro[2,3-b]quinoline",0,0.3717351377477042,0.30434782608695654,False
CC#CC#Cc1ccc(s1)C#CC=C,"5-(penta-1,3-diynyl)-2-(but-3-en-1-ynyl)-thiophene",0,0.37147321691916707,0.1323529411764706,False
COC1=C2[C@@H]3CC[C@]4([C@]([C@H]3CC[C@@]2([C@H](C1=O)c1ccc(=O)oc1)C)(C=O)[C@H](OC(=O)C)C[C@@H](C4)OC(=O)C)O,abyssinol,0,0.3712277701778386,0.27586206896551724,False
CC(=CCc1cc(cc(c1O)CC=C(C)C)C1CC(=O)c2c(O1)cc(cc2)O)C,abyssinone,0,0.37110656647993834,0.82,True
O=C/C=C/c1cc(CC2OC2(C)C)c(c(c1)OC)O,glomeral,0,0.37108758997185587,0.26666666666666666,False
COC1=CC(=C)C(=O)C(=C1C(C)C)OC,"3-isopropyl-2,4-dimethoxy-6-methylene-cyclohexa-2,4-dienone",0,0.37102747567258154,0.24074074074074073,False
COc1cc(OC)c2c(c1c1c(C)cc(c3c1cccc3OC)OC)C[C@@H](N=C2C)C,6-O-methylancistrocladinine,0,0.3709499867689865,0.32142857142857145,False
OC(=O)/C=C(/[C@H]1O[C@@H]1[C@@H]1C(=C)CCCC1(C)C)\C,phellidine,0,0.37047072707008455,0.21875,False
O[C@H]1CCN2[C@H](C1)[C@@H]1C[C@@H](C2)c2n(C1)c(=O)ccc2,baptifoline,0,0.3704457412465855,0.189873417721519,False
COc1c2[C@@H](C)N[C@H](Cc2cc(c1c1c(C)cc(c2c1cccc2OC)OC)O)C,ancistrobertsonine,0,0.3704243093507209,0.2857142857142857,False
COc1c2[C@H](C)N[C@@H](Cc2cc(c1c1c(C)cc(c2c1cccc2OC)OC)O)C,methylancistrobertsonine,0,0.3704243093507209,0.2857142857142857,False
COc1cc(cc(c1OC)OC)C1COc2c(C1=O)cc1c(c2)occ1,neorautanone,0,0.3704029632955438,0.46296296296296297,False
C=C/C(=C/C/C=C(/CCC=C(C)C)\C)/C,alpha-farnesene,0,0.37033807326490253,0.27586206896551724,False
CCCCCCCCCCCCCCCC1NCCCN(C)CCCCN(CCCNC(=O)C1)C,5-normethylbudmunchiamine,0,0.3702746058671609,0.2698412698412698,False
CC1=C(O)c2cccc(c2C(=O)C1=O)O,droserone,0,0.37020521197800704,0.2978723404255319,False
CCCCCCCCCCCC1=C(O)C(=O)C=C(C1=O)OC,5-O-methylembelin,0,0.37019016704894825,0.2653061224489796,False
C=CC(OC(=O)C)C#CC#CC(CCCCCCCCCCOC(=O)C)O,"16-acetoxy-11-hydroxyoctadeca-17-ene-12,14-diynyl",0,0.37,0.16666666666666666,False
O[C@@H]([C@@H](C(O)(C)C)O)C[C@@H]([C@@H]1CC[C@]2([C@@]1(C)CC[C@H]1C2=CC[C@@H]2[C@]1(C)CCC(=O)C2(C)C)C)C,piscidinol,0,0.37,0.375,False
O[C@@H]1[C@@H](COC2O[C@H](C)[C@H]([C@@H]([C@@H]2O)O)O)OC([C@@H]([C@H]1O)O)Oc1cccc2c1c(O)c(c(c2)C)C(=O)C,dianellin,0,0.37,0.3010752688172043,False
CC1=C[C@@H]2[C@](CC1)(O)[C@H](C)CC[C@H]2C(C)C,cubenol,0,0.37,0.23333333333333334,False
OC1=C2C(C)(C)CCC[C@@]2(c2c(C1)cc(C(C)C)c(c2O)O)C,6-hydroxysalvinolone,0,0.37,0.3103448275862069,False
CC[C@@H]([C@@H]1NC(=O)C(=C1O)C(=O)C)C,tenuazonic,0,0.37,0.18333333333333332,False
COC(=O)[C@@]12CC[C@]([C@@]3([C@H]1CCC=C2C(=O)OC)C[C@H](OC3=O)c1cocc1)(C)O,8beta-hydroxycrotocorylifuran,0,0.37,0.19540229885057472,False
CC(=O)O[C@@H](C(O)(C)C)CC/C(=C/CC/C(=C/CC/C=C(/CC/C=C(/CC[C@H](C(O)(C)C)O)\C)\C)/C)/C,ekeberin,0,0.37,0.1780821917808219,False
COc1cc(ccc1O)C(=O)O,vanillic,0,0.37,0.36363636363636365,False
OC[C@H]1O[C@@H](Oc2ccc(cc2)C(=O)O)[C@@H]([C@H]([C@@H]1O)O)O,benzoic,0,0.37,0.33783783783783783,False
COc1ccc2c(c1OCC=C(C)C)nc1c(c2OC)cco1,"isohaplopine-3,3'-dimethylallyl",0,0.37,0.2638888888888889,False
COc1cc(OC)c(cc1c1coc2c(c1=O)ccc1c2C=CC(O1)(C)C)OC,barbigerone,0,0.3698912110193783,0.265625,False
O=C1C(=C(C(C)C)C(=O)C2=C1[C@@]1(C)CCC(=O)C([C@@H]1CC2)(C)C)O,"12-hydroxy-8,12-abietadiene-3,11,14-trione",0,0.3694886861320315,0.3103448275862069,False
COc1ccc2c(c1)occ(c2=O)c1cc(OC)c2c(c1)OCO2,"7,3'-dimethoxy-4',5'-methylenedioxyisoflavone",0,0.3684707021710101,0.40625,False
OC[C@H]1O[C@@H](Oc2cc(O)cc(c2c2cc(OC)cc(=O)o2)C)[C@@H]([C@H]([C@@H]1O)O)OC(=O)/C=C/c1ccc(cc1)O,aloenin-2''-p-coumaroyl,0,0.368455029301244,0.38,False
CC(=C)C1Oc2c(C1)c(O)c1c(c2)OCC(C1=O)c1ccc(cc1O)O,"4'',5''-dihydro-5,2',4'-trihydroxy-5''-isopropenylfurano-(2'',3'';7,6)-isoflavanone",0,0.3675216927748005,0.3492063492063492,False
COc1cc(O)c2c(c1)oc(c(c2=O)OC)c1ccc(c(c1)OC)O,"5,4'-dihydroxy-3,7,3'-trimethoxyflavone",0,0.3673135677422624,0.4411764705882353,False
OCc1cc(O)c2c(c1)C(=O)c1c(C2=O)c(O)c(c(c1)OC)c1c(OC)cc(c2c1C(=O)c1cc(C)cc(c1C2=O)O)O,"5,7'-physcion-fallacinol",0,0.36700389696551416,0.2647058823529412,False
O=Cc1c(O)c(OC)c(c2c1c(O)c(c(c2)C)c1c(C)cc2c(c1O)c(C=O)c(c(c2C(C)C)OC)O)C(C)C,"(+)-6,6'-dimethoxygossypol",0,0.3666020098340722,0.2727272727272727,False
CCO[C@@H]1O[C@H]2c3c(ccc4c3c(OC)cc(c4O)C(=O)O)O[C@@]3([C@H]2[C@H]([C@H]1C)CC3)C,busseihydroquinone,0,0.3662680052378874,0.2413793103448276,False
OC(=O)[C@@]12CC[C@@]3(C(=C1CC(CC2)(C)C)C=C[C@H]1[C@@]3(C)CCC2[C@]1(C)CCC(=O)C2(C)C)C,"3-oxo-11,13(18)-oleandien-28-oic",0,0.3659143327841845,0.40540540540540543,False
COc1cc2c(c3ccc4c(c3)OCO4)c3C(=O)OCc3c(c2cc1OC)O,diphyllin,0,0.36509870578914055,0.38181818181818183,False
COc1cc2cc3CC(O)CC(=O)c3c(c2c(c1)C)O,aloesaponol,0,0.3645954524917386,0.29850746268656714,False
OC(=O)c1ccc(c(c1)O)O,"3,4-dihydroxybenzoic",0,0.3643905895404231,0.3333333333333333,False
CC(=CCc1ccc2c(c1)[nH]cc2)C,6-(3-methyl-2-butenyl)-1H-indole,0,0.36304046516641153,0.32653061224489793,False
O=C1[C@@H]2C3=C([C@H]([C@@]1(C)O)[C@@H]1[C@@]42CC[C@@H]2[C@](C4=CC(=O)[C@]1(C)O)(C)CC[C@H](C2(C)C)O)CC[C@@H]1[C@]3(C)CC[C@@H](C1(C)C)O,hugonone,0,0.36296290792554275,0.25,False
O=C1[C@@H]2C3=C([C@@H](C1(C)O)[C@H]1[C@@]42CC[C@H]2[C@@](C4=CC(=O)[C@@]1(C)O)(C)CC[C@@H](C2(C)C)O)CC[C@H]1[C@@]3(C)CC[C@@H](C1(C)C)O,di-podocarpanoid,0,0.36296290792554275,0.25,False
O[C@H]1CC[C@]2(C(=CC=C3[C@@H]2CC[C@]2([C@H]3CC[C@@H]2[C@@H](/C=C/[C@@H](C(C)C)C)C)C)C1)C,ergosterol,0,0.36295716639209225,0.2777777777777778,False
CC(=O)O[C@H]1[C@@H](OC(=O)C)CC([C@]2([C@@]1(C)[C@H]1C=C3OC(=O)C=C3[C@H]([C@@H]1CC2)C)O)(C)C,norcaesalpin,0,0.36295716639209225,0.30666666666666664,False
COc1cc(OC)cc2c1c(=O)c1c(O)cc(cc1oc2=O)C,wentiquinone,0,0.3627994025207882,0.35294117647058826,False
COC(=O)[C@]12CC[C@H]([C@@H]([C@H]1C1=CC[C@H]3[C@@]([C@@]1(CC2)C)(C)CC[C@@H]1[C@]3(C)CC[C@@H](C1(C)C)O)C)C,ursolic,0,0.36260995802340906,0.8103448275862069,True
C[C@H]1CC[C@H](CC2=C1CC[C@@H]2C)C(O)(C)C,guaiol,0,0.362301026776708,0.22413793103448276,False
C=CC1(C)C=CC(=CC1C(=C)C)C(C)C,6-isopropenyl-2-isopropyl-5-methyl-,0,0.3621870240633567,0.18181818181818182,False
COc1ccc(cc1)c1oc2cc(O)c(c(c2c(=O)c1OC)O)OC,santin,0,0.36204743661947025,0.484375,False
COc1c(OC)cc2c3c1ccc1c3c(cc2)cc(c1OC)O,"2-hydroxy-1,7,8-trimethoxypyrene",0,0.3617351377477042,0.30434782608695654,False
C=C1CCC2(C1C2)C(C)C,sabinene,0,0.3617351377477042,0.2,False
COC(=O)[C@@]12CC[C@H]([C@@]3([C@H]1CC(=O)C=C2C(=O)OC)C[C@H](OC3=O)c1cocc1)C,crotocorylifuran-2-one,0,0.36151587579799027,0.2,False
CC(=CCc1cc2c(cc1OC(=O)C)OCC1C2Oc2c1ccc(c2)OC(=O)C)C,calopocarpin,0,0.3612277701778386,0.37333333333333335,False
COc1cc(C=O)c2c(c1O)cccc2OC,eucleanal,0,0.3611915143679573,0.37777777777777777,False
COc1cc(O)c2c(c1)oc1c(c2=O)cc2c(c1O)OC(C=C2)(C)C,forbexanthone,0,0.3610524588390891,0.3230769230769231,False
Cc1ccc(cc1)C(C)C,p-cymene,0,0.36102747567258153,0.3793103448275862,False
CC#CC#Cc1ccc(s1)C#CC(OC(=O)C)COC(=O)C,"5-(penta-1,3-diynyl)-2-(3,4-diacetoxy-but-1-ynyl)-thiophene",0,0.36102747567258153,0.208955223880597,False
Oc1ccc(cc1)C(c1c(C)cc(cc1O)O)C,CA-12,0,0.36062517250990145,0.2777777777777778,False
C=C1C[C@H](C([C@H]1C)(C)C)C,(-)-beta-necrodol,0,0.36056588902900377,0.20754716981132076,False
O=C1/C=C(/C)\C[C@H](C)[C@@](C)(O)C(=O)OC[C@H]2C3[C@@H](O1)CCN3CC2,bulgarsenine,0,0.36056588902900377,0.22857142857142856,False
Cc1ccc(cc1)S(=O)(=O)OCC1(CCC[C@]2([C@H]1CC[C@@H]1[C@@H]2Cc2c([C@@H]1C)cco2)C)COS(=O)(=O)c1ccc(cc1)C,"voucapane-18,19-di-(4-methyl)-benzenesulphonate",0,0.36056588902900377,0.22727272727272727,False
CC(=CCOc1ccc(cc1)c1coc2c(c1=O)ccc1c2C=CC(O1)(C)C)C,isoerythrinin,0,0.3605495721131676,0.35135135135135137,False
CC(=C)[C@@H]1CC[C@]2([C@H]1CC[C@@]1([C@@H]2CC[C@H]2[C@@]1(C)CC[C@@H]1[C@]2(C)CC[C@H](C1(C)C)O)C)C,3-epimoretenol,0,0.3604846007003432,0.3333333333333333,False
O[C@@H]1C[C@@H](C)c2c(C1)cc(cc2O)O,feroxidin,0,0.36024868850808645,0.27586206896551724,False
CC(=CCC[C@@]([C@H]1CC[C@]2(C1CC[C@H]1[C@H]2CCC2[C@]1(C)CC[C@H](C2(C)C)OC(=O)C)C)(O)C)C,"(3R,20S)-3-acetoxy-20-hydroxydammar-24-ene",0,0.36,0.325,False
COC(=O)[C@]1(C)CC[C@]2(C(C1)[C@]1(C)CC[C@@]3(C([C@]1(CC2)C)CC[C@]1(C3CC(=O)C(=C1C)O)C=O)C)C,cangoronine,0,0.36,0.24390243902439024,False
CC(=O)O[C@@H]1C=C[C@@H]([C@@]([C@H]1O)(O)COC(=O)c1ccccc1)OC(=O)c1ccccc1,cleistenediol,0,0.36,0.24615384615384617,False
CC(=O)O[C@@H]1C=C[C@@H]([C@@]([C@H]1OC(=O)C)(O)COC(=O)c1ccccc1)OC(=O)c1ccccc1,cleistenediol,0,0.36,0.24242424242424243,False
CC(=O)OC(C(C(=O)OC1CCC2(C(C1(C)O)CC(=C(C)C)C(=O)C2)C)(O)C)C,3-(3'-acetoxy-2'-hydroxy-2'-methyl,0,0.36,0.24,False
COC(=O)C1=CCC[C@H]2[C@]31CC[C@H]([C@]2(C(=O)OC3)CCc1cocc1)C,megalocarpoidolide,0,0.36,0.27586206896551724,False
CC(=O)O[C@@H]1C=C[C@H]([C@@]([C@H]1O)(O)COC(=O)c1ccccc1)Cl,cleistenechlorohydrin,0,0.36,0.2328767123287671,False
CC(=O)O[C@@H]1C=C[C@H]([C@]([C@H]1O)(O)COC(=O)c1ccccc1)Cl,cleistenechlorohydrin,0,0.36,0.2328767123287671,False
COC(=O)C1=CCC[C@H]2[C@@]1(C)CC[C@H]([C@]2(CCc1cocc1)C(=O)O)C,megalocarpoidolide,0,0.36,0.22988505747126436,False
C/C=C(\C(=O)OCC1=CCN2(=O)[C@H]1[C@H](O)CC2)/C,9-angeloylretronecine,0,0.36,0.18421052631578946,False
CC1=CC[C@@H](CC1)[C@]([C@H](C/C=C(/C(=O)O)\C)O)(O)C,elgonene,0,0.36,0.2,False
O=CN1CC2CC(C1)c1n(C2)c(=O)ccc1,N-methylcytisine,0,0.36,0.2,False
COc1cc(C=O)ccc1O,vanillin,0,0.3591795508131041,0.40540540540540543,False
COc1cc(O)c2c(c1)C(=O)c1c(C2=O)c(O)cc(c1)C,physcion,0,0.3588848137411505,0.32142857142857145,False
CC(=CCC[C@@]([C@H]1CC[C@@]2([C@@H]1[C@H](O)C[C@H]1[C@@]2(C)CC[C@@H]2[C@]1(C)CC[C@@H](C2(C)C)O)C)(O)C)C,20(S)-protopanxadiol,0,0.3580348018781166,0.3157894736842105,False
Cc1cc2cc3[C@@H](O)CCC(=O)c3c(c2c(c1)O)O,aloesaponol,0,0.357855123502381,0.25806451612903225,False
OCc1cc(O)c2c(c1)[C@@H]([C@@H]1O[C@H](CO)[C@H]([C@@H]([C@H]1O)O)O)c1c(C2=O)c(O)ccc1O,5-hydroxyaloin,0,0.35784221279463657,0.2894736842105263,False
COc1cc(OC)c2c(c1c1ccc(c3c1cc(C)cc3OC)OC)C[C@@H](N[C@H]2C)C,ancistrotectoriline,0,0.3577615582248474,0.27586206896551724,False
OCC1OC(OC(=O)C23CCC4(C(=CCC5C4(C)CCC4C5(C)CC(C(C4(C)C(=O)OC4OC(CO)C(C(C4O)O)O)O)O)C2CC(CC3)(C)C)CO)C(C(C1O)O)O,prosapgenin,0,0.35764947053188867,0.2967032967032967,False
COC(=O)C1C=C(C=O)[C@](C2(C1C(C)(C)CCC2)C)(O)C=O,ugandensidial,0,0.35752169277480045,0.20967741935483872,False
Oc1cc(C)c2c(c1)oc(=O)c1c2cc(O)cc1O,alternariol,0,0.35743872892097955,0.4090909090909091,False
COc1cc(cc(c1O)CC=C(C)C)[C@@H]1CC(=O)c2c(O1)cc(cc2)O,5-deoxyabyssinin,0,0.3570316006532331,0.8070175438596491,True
O=C(c1ccccc1)O[C@H]1CC[C@]2([C@H](C1(C)C)CCc1c2cc(O)c(c1)C(C)C)C,3-O-benzoylhinokiol,0,0.3562680052378874,0.3333333333333333,False
O=C(c1c(O)c(Cc2ccccc2O)c2c(c1O)Cc1c(O2)cccc1)CCc1ccccc1,chamuvaritin,0,0.3559507459152262,0.3220338983050847,False
COc1c(O)cc2c3c1oc(=O)c1c3c(oc2=O)c(c(c1)O)O,3-O-methylellagic,0,0.35592007431763506,0.34545454545454546,False
COc1c(O)cc2c3c1oc(=O)c1c3c(oc2=O)c(c(c1)O)OC,"3,3'-di-O-methylellagic",0,0.35592007431763506,0.34615384615384615,False
COC(=O)Cc1cc(O)cc2c1OC(C)(CCC=C(C)C)C=C2,methyl,0,0.35559417371396973,0.273972602739726,False
COc1cc(OC)c2c(c1c1ccc(c3c1cc(C)cc3OC)OC)C[C@@H](N=C2C)C,ancistrotanzanine,0,0.3555745341614907,0.2631578947368421,False
Oc1ccc(c(c1)COC(=O)c1ccccc1)O,"2,5-dihydroxybenzyl",0,0.3545197779298215,0.3137254901960784,False
OCc1cc(O)c2c(c1)C(C1OC(COC(=O)C)C(C(C1O)O)O)c1c(C2=O)c(O)c(cc1)O,7-hydroxyaloin-6'-O-monoacetate,0,0.35372940666306546,0.3375,False
Oc1ccc(cc1)c1coc2c(c1=O)c(O)c1c(c2)OC(C=C1)(C)C,alpinumisoflavone,0,0.35371980818046006,0.43103448275862066,False
CC(=CCc1c(O)c(CC=C(C)C)c2c(c1O)c(=O)c(co2)c1ccc(cc1O)O)C,8-prenylluteone,0,0.3531853457229083,0.45614035087719296,False
COc1cc(O)c(c2c1[C@H](C)N[C@H](C2)C)c1ccc(c2c1cc(C)cc2OC)OC,ancistrobrevine,0,0.35314432015600866,0.2857142857142857,False
CC1=CCC2CC1C2(C)C,alpha-pinene,0,0.3531370108323432,0.24,False
Cc1cc2Cc3cc(O)cc(c3C(=O)c2c(c1)O)O,emodin,0,0.3531101460108648,0.2916666666666667,False
O[C@H]([C@@H]([C@@]([C@@H]1CCC(=CC1)C)(O)C)O)/C=C(/C(=O)O)\C,elgonene,0,0.35296081898230597,0.18461538461538463,False
OC1CCC2(C(C1)CC=C1C2CCC2(C1CCC2C(CCC(C(C)C)C)C)C)C,ergosta-7-en-3beta-ol,0,0.35295716639209224,0.2631578947368421,False
O[C@H]1CC[C@]2(C(C1)CC=C1[C@@H]2CC[C@]2([C@H]1CC[C@@H]2[C@@H](CC[C@@H](C(C)C)C)C)C)C,ergosta-7-en-3beta-ol,0,0.35295716639209224,0.2631578947368421,False
O=Cc1cc(ccc1OC)c1coc2c(c1=O)c(O)cc(c2)O,5'-formylpratensein,0,0.35287989700164635,0.66,True
COc1cc2c(cc1OC)nc1c(c2OC)cco1,kokusaginine,0,0.3528241850608896,0.2826086956521739,False
CC1=C[C@@H](O)[C@@H]2C[C@H]1C2(C)C,cis-verbenol,0,0.35218702406335667,0.22,False
CC1=C[C@H](O)[C@@H]2C[C@H]1C2(C)C,trans-verbenol,0,0.35218702406335667,0.22,False
CC(=CCOc1ccc(cc1)c1coc2c(c1=O)c(O)cc1c2C=CC(O1)(C)C)C,4'-prenyloxyderrone,0,0.351945884639259,0.37681159420289856,False
COc1ccc(cc1O)c1coc2c(c1=O)ccc(c2)O,"7,3'-dihydroxy-4'-methoxyisoflavone",0,0.35178588391182103,0.5,True
CC1CCCC(=C)CC1,1-methyl-4-methylene-cycloheptane,0,0.3517351377477042,0.19148936170212766,False
COc1cc2oc(=O)cc(c2cc1O)c1ccccc1,dalbergin,0,0.3517351377477042,0.4,False
Cc1cc(O)c2c(c1)C(=O)c1c(C2=O)c(O)ccc1,chrysophanol,0,0.35167351142442416,0.28,False
COc1cc(OC)c2c(c1)c(OC)c1c(n2)occ1,maculosidine,0,0.35094998676898653,0.3076923076923077,False
CC(=CC(=O)c1ccc2c(c1)c(c[nH]2)CC(C(O)(C)C)O)C,"3-(2',3'-dihydroxy-3'-methylbutyl)-5-(3''-methylcrotonoyl)",0,0.3508534411030548,0.22972972972972974,False
O[C@@H]1[C@H](O)[C@H]2C(C)(C)CCC[C@@]2([C@@H]2[C@@H]1[C@@H](C)c1ccoc1C2)C,"voucapane-6alpha,7alpha-diol",0,0.35077470867501076,0.23880597014925373,False
CC(=CCC[C@@H]([C@H]1[C@@H](O)C[C@]2([C@@H]1[C@H](O)C[C@H]1[C@H]2CCC2[C@]1(C)CC[C@](C2(C)C)(O)OC(=O)C)C)C)C,"(20S)-3beta-acetoxy-12beta,16beta-trihydroxydammar-24-ene",0,0.35,0.20454545454545456,False
CC([C@@H]1CC[C@@]2([C@@H]3[C@H]1[C@H]2C(=CC3)C)C)C,copeane,0,0.35,0.3090909090909091,False
CN(CC1CCC2(C1(C)C(=O)C1OC(=O)C2C1C(C)C)O)C,nobiline,0,0.35,0.21739130434782608,False
CC(=O)O[C@@]1(O)CC[C@]2(C(C1(C)C)CC[C@@H]1[C@@H]2C[C@@H](O)C2[C@]1(C)C[C@@H]([C@@H]2[C@H](C/C=C/C(O)(C)C)C)O)C,"(20S)-3beta-acetoxy-12beta,16beta,25-tetrahydroxydammar-23-ene",0,0.35,0.1827956989247312,False
CC#CC#Cc1ccc(s1)C#CC1CO1,"5-(penta-1,3-diynyl)-2-(3,4-epoxy-but-1-ynyl)-thiophene",0,0.35,0.14545454545454545,False
CC(=O)O[C@H]1C=C[C@H]([C@@H](/C/1=C/OC(=O)c1ccccc1)O)O,cleistodiendiol,0,0.35,0.22641509433962265,False
CCC(C(=O)NC1CCC(=O)N(C1=O)CCc1ccccc1)C,julocrotine,0,0.35,0.3076923076923077,False
CC(=CCC[C@H]([C@H]1[C@@H](O)C[C@]2(C1CC[C@H]1[C@H]2CCC2[C@]1(C)CC[C@@H](C2(C)C)OC(=O)C)C)C)C,3beta-acetoxy-16beta-hydroxydammar-24-ene,0,0.35,0.3170731707317073,False
CC(=O)OC[C@@]12[C@@H](OC(=O)C)C[C@H]([C@]([C@H]1CCC[C@@]12CO1)(C)CCC1=CC(=O)OC1)C,ajugarin-1,0,0.35,0.37349397590361444,False
CC(=O)OC[C@@]([C@@H](CC/C(=C/CC/C(=C/CC/C=C(/CC/C=C(/CC[C@H](C(O)(C)C)O)\C)\C)/C)/C)O)(O)C,ekeberin,0,0.35,0.17567567567567569,False
CC(=CCC[C@H]([C@H]1[C@@H](O)C[C@]2(C1CC[C@H]1[C@H]2CCC2[C@]1(C)CCC(C2(C)C)(O)O)C)C)C,"(20R)-3beta,16beta-trihydroxydammar-24-ene",0,0.35,0.2054794520547945,False
CSC(=O)/C=C/OCC(=O)c1ccccc1,pluridone,0,0.35,0.2777777777777778,False
COc1cc2OCOc2cc1c1coc2c(c1=O)ccc1c2C=CC(O1)(C)C,jamaicin,0,0.34975215047517927,0.34375,False
CC(=C)[C@@H]1CC[C@@]2(C(=C(C)C(=O)CC2)C1)C,alpha-cyperone,0,0.3489258540745912,0.2830188679245283,False
CC(=C)[C@@H]1CC[C@]2([C@H](C1)[C@@](C)(O)CCC2)C,intermedeol,0,0.3483439860546194,0.19642857142857142,False
COc1cc2ccc(=O)oc2cc1O,scopoletin,0,0.34820305442263333,0.5555555555555556,True
OC1=CC=CC2C1C(=O)c1c(C2)coc1C,5-OH-3-methylnaphtho[2-3-c]furan-4(9H)-one,0,0.3480952117784743,0.21875,False
COc1cc(O)c(c(c1C(=O)C)O)c1c(C)cc(c2c1C(=O)c1cccc(c1C2=O)O)O,knipholone,0,0.3474614014251782,0.30303030303030304,False
Oc1ccc(c(c1)C(=O)O)O,gentisic,0,0.34707803083182,0.37142857142857144,False
COc1ccc(c(c1)O)C=O,2-hydroxy-4-methoxybenzaldehyde,0,0.3468657192239315,0.45,False
CC1CCC2(C(C1C)C1=CCC3C(C1(CC2)C)(C)CCC1C3(C)CCC(C1(C)C)O)C,epi-alpha-amyrin,0,0.34673033272799936,0.7321428571428571,True
C[C@@H]1CC[C@]2([C@@H]([C@H]1C)C1=CC[C@H]3[C@@]([C@@]1(CC2)C)(C)CC[C@@H]1[C@]3(C)CC[C@@H](C1(C)C)O)C,alpha-amyrin,0,0.34673033272799936,0.7321428571428571,True
CCCCCCCCCCCC1=C(O)C(=O)C2=C(C1=O)OC1=C(C2C)C(=O)C(=C(C1=O)CCCCCCCCCCC)O,methylanhydrovilangin,0,0.34599875653564,0.2857142857142857,False
OC[C@H]1OC(Oc2c(oc3c(c2=O)c(O)cc(c3)O)c2ccc(cc2)OC)[C@@]([C@]([C@@H]1O)(O)C(=O)C)(O)C(=O)C,kaempferide,0,0.3459772301614252,0.43478260869565216,False
O=C[C@@]1(C)[C@H](O)CC[C@@]2([C@@H]1CC[C@]13[C@H]2C[C@@H]2[C@@H](C1)[C@]2(C3)C)C,ent-3alpha-hydroxytrachyloban-18-al,0,0.34592007431763505,0.2631578947368421,False
C=C[C@@]1(C)CC[C@H]2C(=C1)C(=O)C[C@@H]1[C@]2(C)CC[C@@H](C1(C)C)O,linifoliol,0,0.3457922965605468,0.4107142857142857,False
Oc1cc(C)c2c(c1)oc(cc2=O)C,"7-hydroxy-2,5-dimethylchromone",0,0.3457239553511778,0.40476190476190477,False
O=c1cccc2n1C[C@H]1C[C@@H]2CN2[C@@H]1CCCC2,anagyrine,0,0.34557453416149064,0.20967741935483872,False
C[C@@H]1[C@@H]2CC[C@@]3([C@]([C@H]2Cc2c1cco2)(C)CCCC3(C)C)O,voucapan-5-ol,0,0.3451304154117121,0.26153846153846155,False
OC1=CC=CC2C1C(=O)C1=C(C)OCC1C2,5-OH-3-methylnaphtho[2-3-c]furan-4(1H)-one,0,0.34469230413979646,0.20689655172413793,False
COc1cc2occ(c(=O)c2c(c1CC=C(C)C)O)c1ccc(cc1O)O,"5,2',4'-trihydroxy-7-methoxy-6-(3-methylbut-2-enyl)isoflavone",0,0.34457805307764844,0.4838709677419355,False
CCC[C@H]1CCCCN1,coniine,0,0.3445645263827082,0.18867924528301888,False
CC(c1ccc(c(c1)O)C)C,3-isopropyl-6-methylphenol,0,0.3441902950351661,0.30303030303030304,False
C/C=C/C(c1c[nH]c2c1cc(CC=C(C)C)cc2)(C)C,"3-(1,1-dimethyl-but-2-enyl)-5-(3-methyl-but-2-enyl)-1H-indole",0,0.3430404651664115,0.2459016393442623,False
CCCCCCCCCCCCCCCOC(=O)CC(/C=C/C=C/C=C/C=C/C=C/C(CC)O)O,urticifolene,0,0.3429571663920922,0.2222222222222222,False
CC(=O)OCC(C(O)(C)C)c1c[nH]c2c1cc(cc2)CC1OC1(C)C,"5-(2'',3''-epoxy-3''-methylbutyl)-3-(3'-hydroxy-3'-methyl-1'-acetyloxy-but-2'-yl)indole",0,0.3429571663920922,0.22666666666666666,False
CC[C@]1(C)CC[C@H]2[C@H](C1)CC[C@@H]1[C@]2(C)CCCC1(C)C,pimarane,0,0.34249017163260226,0.3269230769230769,False
Cc1cc2Cc3cccc(c3C(=O)c2c(c1)O)O,chrysophanolanthrone,0,0.34242320368815354,0.29411764705882354,False
COc1cc(O)c2c(c1)oc(c(c2=O)OC)c1ccc(c(c1)OC)OC,retusin,0,0.34238546169483636,0.42857142857142855,False
COc1ccccc1O,2-methoxyphenol,0,0.34238079043133157,0.35294117647058826,False
OCc1cc(O)c2c(c1)C(=O)c1c(C2=O)c(O)c(cc1)O,7-hydroxyaloe-emodin,0,0.3422950784026031,0.2978723404255319,False
CCCCCc1cc(NCCCC)cc(c1)OC,5-pentyl-3-methoxy-N-butylaniline,0,0.34218702406335666,0.35714285714285715,False
OC[C@]12C[C@]34C[C@H]1[C@@H]2C[C@H]3[C@]1([C@H]([C@@H](C4)O)[C@](C)(CO)CCC1)C,"6alpha,17,19-ent-trachylobantriol",0,0.34218702406335666,0.23529411764705882,False
O[C@@H]1CCN2[C@H]1C(=C)CC2,7beta-hydroxy-1-methylene-8alpha-pyrrolizidine,0,0.34218087899428973,0.16129032258064516,False
O[C@@H]1CCN2[C@@H]1C(=C)CC2,7beta-hydroxy-1-methylene-8alpha-pyrrolizidine,0,0.34218087899428973,0.16129032258064516,False
COC(=O)C1(C)CCC([C@@]2([C@@H]1C(O)C[C@H]1[C@H]2Cc2c([C@H]1C)cco2)C)O,"1beta,6beta-dihydroxyvoucapane",0,0.3417351377477042,0.25333333333333335,False
CC#CC#Cc1ccc(s1)C#CC(COC(=O)C)O,"5-(penta-1,3-diynyl)-2-(3-hydroxy-4-acetoxy-but-1-ynyl)-thiophene",0,0.34102747567258157,0.22807017543859648,False
CCCC1=NCCCC1,gamma-coniceine,0,0.34102747567258157,0.21739130434782608,False
OC/C=C(/CCC=C(C)C)\C,trans-geraniol,0,0.34102747567258157,0.2830188679245283,False
O=COCCC(CCC=C(C)C)C,citronellyl,0,0.34102747567258157,0.1836734693877551,False
OC/C=C(\CCC=C(C)C)/C,nerol,0,0.34102747567258157,0.2830188679245283,False
O=C/C=C(\C=C\C=C(C)C)/C,"(2Z,4E)-3,7-dimethylocta-2,4,6-trienal",0,0.34102747567258157,0.13725490196078433,False
O=C/C=C(/C=C/C=C(C)C)\C,"(2E,4E)-3,7-dimethylocta-2,4,6-trienal",0,0.34102747567258157,0.13725490196078433,False
Oc1cc(/C=C/c2ccc(c(c2)O)O)oc(=O)c1,hispidin,0,0.34076722993408465,0.3611111111111111,False
O=C1C=C[C@]2([C@H](C1)N(C(=O)/C=C/c1ccccc1)C(=O)C2)O,toussaintine,0,0.34065403534341404,0.3076923076923077,False
CC(=C)CC(=O)OCC1=CCN2C1[C@H](O)CC2,9-isosenecioylretronecine,0,0.3405658890290038,0.20270270270270271,False
O=C/C=C/c1ccc(c(c1)OC)O,coniferaldehyde,0,0.3402507129792983,0.425,False
CCCC1CCCC(=O)O1,delta-octalactone,0,0.34,0.2777777777777778,False
CC(=CCC[C@H]([C@H]1[C@@H](O)C[C@]2(C1CC[C@H]1[C@H]2CCC2[C@]1(C)CC[C@](C2(C)C)(O)OC(=O)C)C)C)C,(20R)-3beta-acetoxy-16beta-dihydroxydammar-24-ene,0,0.34,0.21686746987951808,False
C=C[C@]1(C)CCC2C(C1)CCC1[C@]2(C)CCCC1(C)C,"phenanthrene-7-ethenyl-1,2,3,4,4a,5,6,7,8,9,10,10a-dodecahydro-1,1,4a,7-tetramethyl",0,0.34,0.4,False
CC(=O)O[C@H]1C=C[C@@H]([C@H]([C@]1(O)COC(=O)c1ccccc1)O)OC(=O)C,"(1S,4S,5S,6R)-5-[(benzyloxy)-",0,0.34,0.2361111111111111,False
CCCc1cccc(c1)O,3-n-propylphenol,0,0.34,0.36666666666666664,False
O=C1C[C@]2(C)[C@@H](C)C(=O)CCC2[C@]2(C1[C@@]1(C)CC[C@@]3(C([C@@]1(CC2)C)CC(CC3)(C)C)C)C,"friedelane-3,7-dione",0,0.34,0.23076923076923078,False
CCCCCCCCCC(C#CC#CC(OC(=O)C)CC)O,"8-hydroxyheptadeca-4,6-diyn-3-yl",0,0.34,0.19047619047619047,False
CC(=O)O[C@H]1C=C[C@@H]([C@H]([C@@]1(O)COC(=O)c1ccccc1)O)OC(=O)C,cleistenediol,0,0.34,0.2361111111111111,False
C=CCCN1C[C@@H]2C[C@@H](C1)c1n(C2)c(=O)ccc1,rhombifoline,0,0.34,0.20634920634920634,False
O=CC1=C[C@H](O)[C@@H]2[C@]([C@@]1(O)C=O)(C)CCCC2(C)C,mukaadial,0,0.3397087168381572,0.22727272727272727,False
CC1=C2C[C@@H]3C([C@@]2(CC1)[C@H](C)CC3)(C)C,cyperene,0,0.33827181873117707,0.23076923076923078,False
COc1cc2c(c(c1c1c(OC)cc(c3c1cc1C[C@](C)(O)CC(=O)c1c3O)O)O)C(=O)c1c(C2=O)cc(cc1O)C,"torosanin-9',10'-quinone",0,0.3381710567409778,0.2597402597402597,False
COc1ccc(cc1)c1coc2c(c1=O)ccc1c2C=CC(O1)(C)C,calopogonium,0,0.3377762302878107,0.3898305084745763,False
O=C1CC[C@]2([C@H](C(O1)(C)C)CC[C@@]1(C2CC=C2[C@@]1(C)CC[C@@]1([C@H]2CC(C)(C)CC1)C(=O)O)C)C,A-homo-3a-oxa-5beta-olean-12-en-3-,0,0.3376209621289158,0.5217391304347826,True
CC(=C)/C=C/c1ccc2c(c1)[nH]cc2,"6-(3-methylbuta-1,3-dienyl)-1H-indole",0,0.33761134737478604,0.32,False
COc1cc(O)c(c(c1C(=O)C)O)c1c(C)cc(c2c1Cc1cccc(c1C2=O)O)O,knipholone,0,0.33746140142517816,0.30434782608695654,False
COc1c(c(O)cc(c1C(=O)C)O)c1c(C)cc(c2c1Cc1cccc(c1C2=O)O)O,isoknipholone,0,0.33746140142517816,0.2535211267605634,False
O=Cc1ccc2c(c1)[C@]1(C=C[C@@H]2[C@@H]([C@H]1OC(=O)C)O)C(OC(=O)c1ccccc1)OC(=O)C,cleistenonal,0,0.3373213766553095,0.19318181818181818,False
COc1ccc(cc1O)c1oc2cc(O)cc(c2c(=O)c1OC)O,"quercetin-3,4'-dimethyl",0,0.3360411361381123,0.5,True
OC[C@@H]1[C@H](O)C(=O)C=C2[C@@H]1CC[C@@H]1[C@]2(C)CC[C@](C1)(C)C=C,18-hydroxy-3-deoxyhugorosenone,0,0.33600253960121407,0.27692307692307694,False
O=C/C=C/Cc1ccc2c(c1)[nH]cc2,6-(4-oxo-but-2-enyl)-1H-indole,0,0.3347756029141156,0.32,False
OC[C@H]1O[C@@H](O[C@@H]2OC=C([C@@H]3[C@H]2[C@@H](C)[C@H](C3)O)C(=O)O)[C@@H]([C@H]([C@@H]1O)O)O,loganic,0,0.33469230413979645,0.3023255813953488,False
COc1cc(C)cc2c1c(O)c1c(c2)C(O)CCC1=O,aloesaponol,0,0.33469230413979645,0.30158730158730157,False
OCCOc1ccc(cc1)/C=C/c1cc(O[C@@H]2O[C@H](COC3O[C@@H](C)[C@@H]([C@H]([C@H]3O)O)O)[C@H]([C@@H]([C@H]2O)O)O)cc(c1)O,3'5'-dihydroxy-4-(2-hydroxy-ethoxy),0,0.3344171439558183,0.35,False
OCC1(CO)[C@H](O)CC[C@]2([C@H]1CC[C@]13[C@H]2C[C@H]2[C@@H](C1)[C@]2(C3)C)C,"3alpha,18,19-trihydroxy",0,0.33418493656993076,0.25396825396825395,False
COc1cc(O)c2c(c1)c1c(C)cc(c(c1oc2=O)O)O,3-hydroxyalternariol,0,0.33418493656993076,0.32075471698113206,False
COc1cc(O)c2c(c1)oc(c(c2=O)O)c1ccc(c(c1)O)OC,"3,5,3'-trihydroxy-7,4'-dimethoxyflavone",0,0.33395236667683714,0.5319148936170213,True
CC(=CCc1c(O)cc(c2c1occ(c2=O)c1ccc(cc1O)O)O)C,"2,3-dehydrokievitone",0,0.33383938106632244,0.48333333333333334,False
COc1cc(=O)oc(c1)c1c(C)cc(cc1O)O,aloenin,0,0.33376170176591785,0.3584905660377358,False
Cc1cc(O)c2c(c1)oc1c(c2=O)c(ccc1)C(=O)O,8-hydroxy-6-methylxanthone-1-carboxylic,0,0.3334058766218476,0.3333333333333333,False
COC1=C2[C@@H]3CC[C@]4([C@]([C@H]3CC[C@@]2([C@H](C1)c1ccc(=O)oc1)C)(CO)CC[C@@H]1[C@H]4O1)O,abyssinol,0,0.3333248435735753,0.25263157894736843,False
CCCCCCC(=O)OCC1=CCN2C1[C@H](O)CC2,9-hydroxyheptanoylretronecine,0,0.3329571663920923,0.2972972972972973,False
Oc1ccc(cc1O)[C@H]1OC[C@H]2[C@@H]1CO[C@@H]2c1ccc(c(c1)O)O,(+)sesamin,0,0.33245554035567715,0.35555555555555557,False
COC(C[C@@H]1[C@H](C=C)[C@H](OC=C1C(=O)OC1C[C@H]2[C@@H]([C@H]1C)C(OC=C2C(=O)OC)O[C@@H]1O[C@H](CO)[C@H]([C@@H]([C@H]1O)O)O)O[C@@H]1O[C@H](CO)[C@H]([C@@H]([C@H]1O)O)O)OC,cocculoside,0,0.3317351377477042,0.23853211009174313,False
COc1cc2C[C@@H](C)N[C@@H](c2c(c1c1c(C)cc(c2c1cccc2OC)OC)OC)C,"trans-1,2-dihydroancistrocladisine",0,0.3317351377477042,0.3220338983050847,False
COc1cc2C[C@@H](C)N[C@H](c2c(c1c1c(C)cc(c2c1cccc2OC)OC)OC)C,"cis-1,2-dihydroancistrocladisine",0,0.3317351377477042,0.3220338983050847,False
COc1cc(C)c2c(c1OC)oc(=O)c(c2OC)C,8-methoxycoumarsabin,0,0.3317351377477042,0.4186046511627907,False
CC(=O)OC1CC[C@@H]2[C@]([C@H]1C)(C)CC[C@H]1[C@@]2(C)CC[C@@]2([C@]1(C)CC[C@@]1([C@H]2CC(C)(C)CC1)C)C,friedelin,0,0.3317351377477042,0.2987012987012987,False
CC(=CCC12OC1(C(=O)O)C(=O)c1c(C2=O)c(C)ccc1)C,"methyl-2,3-epoxy-3-prenyl-1,4-naphthoquinone-2-carboxylate",0,0.3314380132185059,0.22972972972972974,False
Oc1ccc(cc1)c1oc2cc(O)cc(c2c(=O)c1O)O,kaempferol,0,0.3312471529225302,0.75,True
COc1cc2OC(C)(C)C=Cc2c(c1C(=O)/C=C/c1ccccc1)O,obovatachalcone,0,0.3312277701778386,0.4727272727272727,False
CC(=C)[C@H](CC[C@H](c1ccc(c(c1)O)C)C)O,"2-methyl-5-(4'(S)-hydroxy-1'(R),5'-dimethylhex-5'-enyl)-phenol",0,0.33102747567258156,0.27906976744186046,False
O=C1C=C[C@]2([C@@H](C1)N(CC2)C(=O)/C=C/c1ccccc1)O,toussaintine,0,0.33065403534341414,0.3076923076923077,False
O[C@H]1CCN2[C@@H]1C(=CC2)COC(=O)[C@@]([C@H](O)C)(C(C)C)O,rinderine,0,0.3305658890290038,0.20270270270270271,False
C=C/C(=C/C(=O)C=C(C)C)/C,(E)-ocimenone,0,0.33044574124658554,0.1388888888888889,False
C=C/C(=C\C(=O)C=C(C)C)/C,(Z)-ocimenone,0,0.33044574124658554,0.1388888888888889,False
C[C@@H]1CC[C@]2([C@@H]([C@H]1C)C1=CC[C@H]3[C@@]([C@@]1(CC2)C)(C)CC[C@@H]1[C@]3(C)CC[C@H]([C@]1(C)C(=O)O)O)C,beta-boswellic,0,0.3302838320961896,0.6721311475409836,True
COC(=O)C1=C(CC=C(C)C)C(=O)c2c(C1=O)cccc2,"methyl-3-prenyl-1,4-naphthoquinone-2-carboxylate",0,0.33,0.37037037037037035,False
OCC1=CCN2[C@H]1[C@H](O)CC2,retronecine,0,0.33,0.18867924528301888,False
CC[C@@H](C(C)C)CC[C@H]([C@H]1CC[C@@H]2[C@]1(C)CC[C@H]1[C@H]2CC=C2[C@]1(C)CC[C@@H](C2)O[C@@H]1O[C@H](COC(=O)C)[C@H]([C@@H]([C@H]1OC(=O)C)OC(=O)C)OC(=O)C)C,sitosterol-3-O-beta-D-glucopyranoside,0,0.33,0.31521739130434784,False
CC[C@@H](C(C)C)CC[C@H]([C@H]1CC[C@@H]2[C@]1(C)CC[C@H]1[C@H]2CC=C2[C@]1(C)CC[C@@H](C2)O[C@@H]1O[C@H](CO)[C@H]([C@@H]([C@H]1O)O)O)C,sitosterol-3-O-beta-D-glucopyranoside,0,0.33,0.3375,False
O[C@H]1[C@@H](C=CC([C@@]1(O)COC(=O)C)OC(=O)c1ccccc1)OC(=O)C,sootepenol,0,0.33,0.24615384615384617,False
O=CC1=CCC(CC1)C(=C)C,perillaldehyde,0,0.33,0.23214285714285715,False
COC(=O)c1c2C=CC(Oc2c2c(c1O)cccc2)(C)C,mollugin,0,0.33,0.265625,False
CC[C@@H](C(C)C)CC[C@H]([C@H]1CC[C@@H]2[C@]1(C)CC[C@H]1[C@H]2CC=C2[C@]1(C)CC[C@@H](C2)O[C@H]1O[C@H](CO)[C@H]([C@@H]([C@H]1O)O)O)C,beta-sitosterol,0,0.33,0.3375,False
CO[C@H]1C=C[C@@H]([C@@H]([C@@]1(O)COC(=O)c1ccccc1)OC(=O)C)OC(=O)C,cleistenediol,0,0.33,0.24324324324324326,False
CC(=O)OC1(C)C(CCC2(C1C=C(C(=O)C2)C(C)(C)C)C)OC(=O)C1(C)OC1C,"4alpha-acetoxy-3alpha-(2',3'-epoxy-2'-methylbutyrate)-11-hydroxy-6,7-dehydro-eudesman-8-one",0,0.33,0.25675675675675674,False
CC[C@@H](C(C)C)CC[C@H]([C@H]1CC[C@@H]2[C@]1(C)CC[C@H]1[C@H]2CC=C2[C@]1(C)CC[C@@H](C2)O[C@@H]1OC(CO)[C@H](C(C1O)O)O)C,3-O-beta-D-glucopyranosyl-beta-sitosterol,0,0.33,0.3375,False
OCC1=CCN2[C@H]1[C@@H](O)CC2,heliotridine,0,0.33,0.18867924528301888,False
CO[C@@H]1C=C[C@@H]2[C@@]([C@H]1OC(=O)C)(COC(=O)c1ccccc1)C2,(+)-pandoxide,0,0.33,0.24324324324324326,False
OCC1=CCC2CC1C2(C)C,myrtenol,0,0.33,0.24074074074074073,False
CC[C@H](CC[C@H]1[C@@H](C)CC[C@@H]2[C@]1(C)CCCC2(C)C)C,labdane,0,0.33,0.2807017543859649,False
Oc1c(C)cc(c2c1C(=O)c1cccc(c1C2=O)O)O,islandicin,0,0.3291349128496022,0.2765957446808511,False
O=C1C(=CC(=O)C(=C1CCCCCCCCCCCCCCC1=C(O)C(=CC(=O)C1=O)C)O)O,lanciaquinone,0,0.32890077054782957,0.22,False
O=C(O[C@H]1CC[C@]2(C(=CC=C3C2=C(O)C(=O)C(=C3)C(C)C)C1(C)C)C)/C=C/c1ccccc1,3-O-cinnamoylhosloppone,0,0.32799320274749566,0.273972602739726,False
COc1c(C(=O)CCc2ccccc2)c(O)cc(c1Cc1ccccc1O)O,isouvaretin,0,0.3278857950999721,0.4444444444444444,False
OCC1OC(C(C(C1O)O)O)C1c2cc(CO)cc(c2C(=O)c2c1ccc(c2O)O)O,7-hydroxyaloin,0,0.3278422127946366,0.28205128205128205,False
OC[C@H]1O[C@H]([C@@H]([C@H]([C@@H]1O)O)O)[C@@H]1c2cc(CO)cc(c2C(=O)c2c1ccc(c2O)O)O,7-hydroxybarbaloin,0,0.3278422127946366,0.28205128205128205,False
COc1cc(O)c2c(c1)C(c1c(C2=O)c(O)cc(c1)C)C1c2cc(C)cc(c2C(=O)c2c1cc(OC)cc2O)O,physcion,0,0.3274496382120997,0.3333333333333333,False
COc1ccc(cc1)c1oc2cc(OC(=O)C)cc(c2c(=O)c1OC)OC(=O)C,"3,4'-dimethoxy-5,7-diacetoxyflavone",0,0.32732768893572456,0.3698630136986301,False
COc1cc(O)c2c(c1)c(c1c(OC)cc3c(c1O)C(=O)c1c(C3=O)cc(cc1O)C)c1c(c2O)C(=O)[C@@](CC1)(C)O,"anhydrophlegmacin-9,10-quinones",0,0.32675155044606485,0.25301204819277107,False
COc1cc(O)c2c(c1)c(c1c(OC)cc3c(c1O)C(=O)c1c(C3=O)cc(cc1O)C)c1c(c2O)C(=O)[C@](CC1)(C)O,"anhydrophlegmacin-9,10-quinones",0,0.32675155044606485,0.25301204819277107,False
OCc1cc(O)c2c(c1)oc(=O)c1c(c2=O)c(O)cc(c1)OC,wentiquinone,0,0.32629197600427773,0.39285714285714285,False
C/C/1=C/CC2(CC[C@](O2)(C)[C@@H](CC/C(=C/CC1)/C)O)C(C)C,incensole,0,0.3259840326776211,0.25757575757575757,False
OCC(CCCC(=C)C=C)C,"7-octen-1-ol,2-methyl-6-methylene",0,0.3259300753201923,0.13636363636363635,False
CCCCCCC=O,heptanal,0,0.3251441904554489,0.2727272727272727,False
CCCCCCCCCCCCCCC=O,pentadecanal,0,0.3251441904554489,0.2727272727272727,False
CCCCCCCCCCCCCC=O,tetradecanal,0,0.3251441904554489,0.2727272727272727,False
CCCCCCCCCCCCC=O,tridecanal,0,0.3251441904554489,0.2727272727272727,False
CCCCCCCCCCCC=O,dodecanal,0,0.3251441904554489,0.2727272727272727,False
CCCCCCCC=O,octanal,0,0.3251441904554489,0.2727272727272727,False
CCCCCCCCCCCCCCCC=O,hexadecanal,0,0.3251441904554489,0.2727272727272727,False
CCCCCCCC1CC1C,1-heptyl-2-methyl-cyclopropane,0,0.3251441904554489,0.25,False
CCCCCCCCC=O,nonanal,0,0.3251441904554489,0.2727272727272727,False
CCCCCCCCCC=O,decanal,0,0.3251441904554489,0.2727272727272727,False
COC(=O)c1cc(OC)c2c(c1O)c1C=CC(Oc1c(c2)O)(C)CCC=C(C)C,methyl,0,0.3250004846663851,0.275,False
CC(=O)c1c(C)cc2c(c1O)c(O)ccc2,musizin,0,0.3248922155768383,0.23529411764705882,False
CC(=CCC[C@@]([C@H]1CC[C@]2(C1CC[C@H]1[C@H]2CCC2[C@]1(C)CC[C@H](C2(C)C)O)C)(O)C)C,"(3R,20S)-3,20-dihydroxydammar-24-ene",0,0.32469230413979644,0.25333333333333335,False
CC(=CCC[C@@]([C@H]1CC[C@]2(C1CC[C@H]1[C@H]2CCC2[C@]1(C)CC[C@@H](C2(C)C)O)C)(O)C)C,"3beta,20(S)-dihydroxydammar-24-ene",0,0.32469230413979644,0.25333333333333335,False
C=C[C@]1(C)CC[C@@]2([C@@H](C1)CC[C@@H]1C2=CC[C@@H]([C@@]1(C)CO)O)C,hugorosediol,0,0.3243951796105982,0.31343283582089554,False
CCCCCCCCCCCCCCCCCCCCCCCCCCCCOC(=O)/C=C/c1ccc(c(c1)OC)O,erythrinasinate,0,0.3243390933351505,0.43661971830985913,False
O=C[C@H]1C(=CC[C@@H]2[C@]1(C)CCCC2(C)C)C=O,polygodial,0,0.3235251353517253,0.32075471698113206,False
O=C[C@@H]1C(=CC[C@@H]2[C@]1(C)CCCC2(C)C)C=O,epipolygodial,0,0.3235251353517253,0.32075471698113206,False
OC(=O)c1cc(O)c(c(c1)O)O,gallic,0,0.32316281936258456,0.2631578947368421,False
CC1=CCC2C1C(=O)C2(C)C,filifolone,0,0.32218702406335664,0.3333333333333333,False
CC(=O)NCC1CCN(CC1)C(=O)c1ccc(cn1)Br,alternarienonic,0,0.3217351377477042,0.25316455696202533,False
C/C=C(\C(=O)O[C@]1(C)C(=O)OCC2=CCN3C2[C@@H](OC(=O)/C(=C\C)/C[C@@H]1C)CC3)/C,9-angeloylanacrotine,0,0.3217351377477042,0.2235294117647059,False
CC[C@@]1(O)C[C@@H](C)[C@](C)(OC(=O)C)C(=O)OCC2=CCN3[C@H]2[C@H](OC1=O)CC3,isoline,0,0.3217351377477042,0.22988505747126436,False
OC[C@H]1OC(OC2C=C(O)C=C(C2C(=O)/C=C/c2ccccc2)OC)[C@@H]([C@H]([C@@H]1O)O)O,2'-glucosyl-4'hydroxy-6'methoxydihydrochalcone,0,0.3215406514746836,0.3157894736842105,False
COC1C/C(=C/Cc2c(C/C(=C/1)/C)occ2C)/C,2-methoxyfuranodienone,0,0.3215158757979903,0.16666666666666666,False
COc1cc2OCOc2cc1c1coc2c(c1=O)ccc(c2)O,maximaisoflavone-G,0,0.32106626951108624,0.3728813559322034,False
C/C(=C\CCC(=O)C)/CCC=C(C)C,"(E)-6,10-dimethyl-5,9-undecadien-2-one",0,0.32102747567258155,0.2962962962962963,False
CC#CC#Cc1ccc(s1)C#CC(COC(=O)C)Cl,"5-(penta-1,3-diynyl)-2-(3-chloro-4-acetoxy-but-1-ynyl)-thiophene",0,0.32102747567258155,0.21212121212121213,False
COc1cc(O)c2c(c1)c(=O)oc1c(c2=O)c(O)cc(c1)C,wentiquinone,0,0.3208197756678625,0.3888888888888889,False
OCc1cc(O)c2c(c1)C(C1OC(COC(=O)/C=C/c3ccc(cc3)O)C(C(C1O)O)O)c1c(C2=O)c(O)c(cc1)O,6'-O-p-coumaroyl-7-hydroxyaloin,0,0.32074805741314427,0.46835443037974683,False
O=C1CCC2(C[C@H]1CCC2)[S@](=O)c1ccccc1,"(1.alpha.(s*),5-beta.)-1",0,0.32063451548277017,0.22727272727272727,False
C1CN2C(=NC(C2)c2ccccc2)S1,"(+,-)-tetramisole",0,0.32044574124658554,0.22448979591836735,False
COc1cc(O)c2c(c1)c(c1c(OC)cc3c(c1O)C(=O)c1c(C3=O)cc(cc1O)C)c1c(c2O)C(=O)CC(C1)(C)O,"anhydrophlegmacin-9',10'-quinone",0,0.32034065317038385,0.25609756097560976,False
C/C(=C\C(c1ccccc1)(C)C)/c1ccccc1,"2,4-diphenyl-4-methyl-2-(E)",0,0.32033807326490255,0.3055555555555556,False
C/C(=C/C(c1ccccc1)(C)C)/c1ccccc1,"2,4-diphenyl-4-methyl-2-(Z)-pentene",0,0.32033807326490255,0.3055555555555556,False
COc1cc2c(c(c1c1c(OC)cc(c3c1Cc1cc(C)cc(c1C3=O)O)O)O)C(=O)c1c(C2=O)cc(cc1O)C,"5,7'-physcion-physcionanthrone",0,0.3200862383248962,0.2835820895522388,False
COC(=O)[C@@]12CC[C@H]([C@@]3([C@H]1CCC=C2C(=O)OC)C[C@H](OC3=O)c1cocc1)C,12-epi-crotocorylifuran,0,0.32,0.20224719101123595,False
CC(=CCC[C@H]([C@H]1CC[C@]2(C1CC[C@H]1[C@H]2CCC2[C@]1(C)CC[C@@H](C2(C)C)OC(=O)C)C)C)C,3beta-acetoxydammar-24-ene,0,0.32,0.3291139240506329,False
O=C1CC[C@]2([C@H](C1(C)C)CC[C@@]1([C@@H]2CC[C@H]2[C@@]1(C)[C@@H](O)C=C2)C)C,15alpha-hydroxymansumbinone,0,0.32,0.3939393939393939,False
COc1ccc2c(c1)OCC(C2=O)c1cc(OC)c2c(c1)OCO2,"7,3'-dimethoxy-4',5'-methylenedioxyisoflavone",0,0.32,0.6326530612244898,True
CCOC1CCN2C1C(CO)CC2,"5,6-dehydro-7,9-dihydroxy-7H-pyrrolizine-ethylether",0,0.32,0.18867924528301888,False
O=COC/C=C(/CC[C@@]1(C)[C@H](CO)CC[C@@]2([C@@H]1CCC=C2C)C)\C,"ent-3,13E-clerodadiene-15-formate",0,0.32,0.225,False
COC(=O)[C@@]12CC[C@H]([C@@]3([C@H]1CCC=C2C(=O)OC)C[C@@H](OC3=O)c1cocc1)C,crotocorylifuran,0,0.32,0.20224719101123595,False
CC(=O)OC(C(C(=O)OC1CCC2(C(C1(C)OC(=O)C)CC(=C(C)C)C(=O)C2)C)(O)C)C,4-O-acetylcuauthemone3-O-(2'-methyl-2'-hydroxy-3-acetoxy,0,0.32,0.23376623376623376,False
CO[C@@H]1C=C[C@H]([C@H]([C@]1(O)COC(=O)c1ccccc1)O)OC(=O)C,cleistenediol,0,0.32,0.24615384615384617,False
OC[C@@]1(C)C(=O)CC[C@]2([C@H]1CC=C1[C@@H]2CC[C@@]2([C@]1(C)CC[C@H]2[C@H](C[C@H]([C@@H](C(O)(C)C)O)O)C)C)C,toonapubesin,0,0.32,0.313953488372093,False
CC(C1CCC(C2C(C1)C(=CC2)C)(C)O)C,karatavin,0,0.32,0.39622641509433965,False
O1[C@H](CO)[C@@H](O)[C@H](O)[C@@H](O)[C@@H]1Oc1cccc(C(=O)O)c1O,2-hydroxy-3-O-beta-glucopyranosyl-benzoic,0,0.32,0.3037974683544304,False
COc1cc2oc(=O)ccc2cc1OC,scoparone,0,0.3191290527654164,0.6451612903225806,True
COc1c2ccc(=O)oc2cc2c1cco2,bergapten,0,0.31846611439365996,0.425,False
COc1cc(O)c2c(c1)C(=O)c1c(C2=O)c(O)cc(c1)C(=O)OC,parietinic,0,0.3183148425282329,0.3137254901960784,False
CC1=CCC(=CC1)C(C)C,gamma-terpinene,0,0.3178666704910417,0.1702127659574468,False
O=C1OCC2=C1[C@@]1(C)CCCC([C@@H]1C[C@H]2O)(C)C,7alpha-hydroxy-8-,0,0.31708837498401443,0.3392857142857143,False
CC1=CCC(CC1)C(O)(C)C,1-alpha-terpineol,0,0.3166399141237214,0.23214285714285715,False
CC(C1=CC2=CC(=O)[C@@H]3[C@](C2=C(C1=O)O)(C)CCCC3(C)C)C,taxodione,0,0.3162680052378874,0.3114754098360656,False
COc1c(OC)ccc2c1C(=O)C(=O)C(=C2O)C,ancistroquinone,0,0.3161747334928189,0.34782608695652173,False
OC1=CC=CC2C1C(=O)c1c(C2=O)coc1C,"5-OH-3-methylnaphtho[2-3-c]furan-4,9-dione",0,0.31579783759198,0.21666666666666667,False
C=CC(=C)CC[C@H]1C(=C)CC[C@@H]2[C@]1(C)CCCC2(C)C,sclarene,0,0.3157922965605468,0.4,False
COc1c(oc2c(c1=O)c(O)cc(c2)O)c1ccc(cc1)O,isokaempferide,0,0.3156208291864237,0.5111111111111111,True
COC(=O)c1c(O)cc2c(c1C)c(O)c1c(c2)CC(CC1=O)O,aloesaponol,0,0.31557453416149067,0.2878787878787879,False
COc1c(oc2c(c1=O)c(O)c(c(c2)OC)OC)c1ccc(cc1)O,penduletin,0,0.31504912708305144,0.4393939393939394,False
Oc1ccc2c(c1)C(=O)c1c(C2=O)c(c(cc1O)C)c1c(O)cc(c(c1O)C(=O)C)O,4'-O-demethylknipholone,0,0.3148889365218645,0.24050632911392406,False
O=C1CC[C@@H]2[C@]([C@H]1C)(C)CC[C@H]1[C@@]2(C)CC[C@@]2([C@]1(C)CC[C@@]1([C@H]2CC(C)(C)CC1)C)C,friedelin,0,0.31469230413979643,0.25,False
OCC1OC(C(C(C1O)O)O)C1c2cc(C)cc(c2C(=O)c2c1ccc(c2O)O)O,nataloin,0,0.31411280613157105,0.28735632183908044,False
OC[C@H]1O[C@H]([C@@H]([C@H]([C@@H]1O)O)O)[C@@H]1c2cc(C)cc(c2C(=O)c2c1ccc(c2O)O)O,nataloin,0,0.31411280613157105,0.28735632183908044,False
CC1=CCC(C=C1)C(C)C,alpha-phellandrene,0,0.31392216181106086,0.17307692307692307,False
CC1=CC[C@H](C=C1)C(C)C,alpha-phellandrene,0,0.31392216181106086,0.17307692307692307,False
C/C/1=C\CC/C(=C/CC(=C(C)C)CC1)/C,germacrene,0,0.3138623900102854,0.15517241379310345,False
COc1c(O)c2C(=O)C(=O)C=Cc2c(c1C)O,malvone,0,0.31366024098252376,0.32075471698113206,False
CCCCCCCCCCCC1=C(O)C(=O)C=C(C1=O)O,embelin,0,0.3131473334410405,0.28888888888888886,False
CCCCCCCCCCCCCCCC1=C(O)C(=O)C=C(C1=O)O,"2,5-dihydroxy-3-pentadecyl-1,4-benzoquinone",0,0.3131473334410405,0.28888888888888886,False
CCCCCCCCCCCCCC1=C(O)C(=O)C=C(C1=O)O,rapanone,0,0.3131473334410405,0.28888888888888886,False
C[C@@H]1C[C@@]23C[C@@H]1CC[C@@H]2[C@@]1([C@@H](CC3)C(C)(C)CCC1)C,kaurane,0,0.31295716639209226,0.3018867924528302,False
OC[C@H]1O[C@H]([C@@H]([C@H]([C@@H]1O)O)O)C1c2cc(C)cc(c2C(=O)c2c1ccc(c2OC)O)O,homonataloin,0,0.3128850359537325,0.29213483146067415,False
Oc1ccc(cc1C(c1ccccc1)(C)C)C(C)(C)C,4,0,0.3123879909925642,0.30612244897959184,False
CCCC/C=C/CCCCCCCCCCCCCC1=C(O)C(=O)C=C(C1=O)O,"2,5-dihydroxy-3-(nonadec-14-enyl)-1,4-benzoquinone",0,0.31219601020482446,0.2978723404255319,False
CCCC/C=C/CCCCCCCCCC1=C(O)C(=O)C=C(C1=O)O,"2,5-dihydroxy-3-(pentadec-10'z-enyl)-1,4-benzoquinone",0,0.31219601020482446,0.2978723404255319,False
CCCCCC=O,hexanal,0,0.31218702406335663,0.2571428571428571,False
OC[C@]1(C)[C@@H](O)[C@H](O)C[C@]2([C@H]1CC[C@@]1([C@@H]2CC=C2[C@@]1(C)CC[C@@]1([C@H]2[C@@H](C)[C@@H](CC1)C)C(=O)O)C)C,"(2alpha,3beta)",0,0.3120073869430878,0.671875,True
OC(=O)/C=C/C1CC=C(C=C1)O,dihydro-p-coumaric,0,0.3116735114244241,0.2,False
CCCCCc1cc2cc(OC)cc(c2c(=O)o1)O,8-hydroxy-6-methoxy-3-pentylisocoumarin,0,0.31116022081472566,0.3076923076923077,False
COc1cc(O)cc2c1c(=O)c1c(O)cc(cc1oc2=O)C,"1,8-dihydroxy-10-methoxy-3-methyldibenzo[b,e]oxepine-6,11-dione",0,0.31088698432459244,0.3508771929824561,False
CC(=CCOc1ccc(cc1)c1coc2c(c1=O)ccc(c2)O)C,nordurlettone,0,0.31080710330988354,0.45614035087719296,False
O=CC[C@@]1(CO)CCC[C@]2([C@H]1CC[C@@H]1[C@@H]2Cc2c([C@@H]1C)cco2)C,18-hydroxyvoucapan-19-al,0,0.3105658890290038,0.24675324675324675,False
COC(=O)[C@@]1(C)CCC[C@]2([C@@]1(O)CC[C@@H]1[C@@H]2Cc2c([C@@H]1C)cco2)C,caesaldekarin,0,0.31051527229793435,0.2465753424657534,False
OCC1OC(C(C(C1O)O)O)C1c2cc(CO)cc(c2C(=O)c2c1ccc(c2OC)O)O,8-O-methyl-7-hydroxyaloin,0,0.31034643737891066,0.28888888888888886,False
C=C/C(=C\CC=C(C)C)/C,(Z)-beta-ocimene,0,0.31033807326490254,0.23684210526315788,False
C=C/C(=C/CC=C(C)C)/C,beta-ocimene,0,0.31033807326490254,0.23684210526315788,False
COC1=C(C)C(=C(C(=O)C1(C)C)C(=O)/C=C/c1ccccc1)O,desmosdomutin,0,0.31,0.45098039215686275,False
COC(=O)/C=C(/CC/C=C(/CC[C@H](C(O)(C)C)O)\C)\C,methyl,0,0.31,0.19480519480519481,False
CC(=O)O[C@@H]1[C@H](C=C[C@@H]([C@@]1(O)COC(=O)c1ccccc1)O)OC(=O)C,ent-subglain,0,0.31,0.2361111111111111,False
COc1ccc(cc1)c1coc2c(c1=O)ccc1c2OCO1,maximaisoflavone,0,0.3098145354142004,0.4107142857142857,False
COc1ccc(cc1)c1oc2cc(OC)c(c(c2c(=O)c1OC)O)OC,"5-hydroxy-3,6,7,4'-tetramethoxyflavone",0,0.3096137070624504,0.43283582089552236,False
CC(=C)/C=C/c1ccc2c(c1)cc[nH]2,"(E)-5-(3-methylbuta-1,3-dienyl)-1H-indole",0,0.3092153694871867,0.28846153846153844,False
CC(=CCOc1ccc2c(c1)occ(c2=O)c1ccc2c(c1)OCO2)C,maximaisoflavone,0,0.3087927954884161,0.38028169014084506,False
O[C@H]1C2=C(C(=O)OC2)[C@@]2([C@@H]([C@@H]1O)C(C)(C)CCC2)C,deacetoxyugandensolide,0,0.3085317005535829,0.27586206896551724,False
OC1C2(C)CCC(C1(C)C)C2,alpha-fenchyl,0,0.30752169277480046,0.20454545454545456,False
O[C@@H]1[C@]2(C)CC[C@H](C1(C)C)C2,alpha-fenchyl,0,0.30752169277480046,0.20454545454545456,False
COc1cc2C(=O)c3cc(C)cc(c3C(=O)c2c(c1c1c(OC)cc(c2c1C(=O)c1cc(C)cc(c1C2=O)O)O)O)O,floribundone-1,0,0.3074496382120997,0.3,False
C=C[C@]1(C)CC[C@@]2([C@@H](C1)CC[C@@H]1C2=CC(=O)[C@@H](C1(C)CO)O)C,18-hydroxyhugorosenone,0,0.3072303097790527,0.2857142857142857,False
COc1cc2c(cc1OC)occ(c2=O)c1cc2OCOc2cc1OC,milldurone,0,0.30718639114673524,0.34545454545454546,False
CC([C@H]1CC[C@H](c2c1cc(C)cc2)C)C,calemenene,0,0.30642744188750065,0.2708333333333333,False
C1Oc2c(O1)cc(cc2)[C@H]1OC[C@H]2[C@@H]1CO[C@@H]2c1ccc2c(c1)OCO2,"(+)-2,6-Bis(3,4-methylenedioxyphenyl)-3,7-dioxabicyclo[",0,0.305920074317635,0.38461538461538464,False
CC1=CCC(=C(C)C)CC1,alpha-terpinolene,0,0.305395378730228,0.16666666666666666,False
COc1cc(ccc1OC)c1coc2c(c1=O)c(O)cc(c2)O,3'-O-methylpratensein,0,0.3053830116253473,0.7333333333333333,True
COc1cccc2c1c(O)c1c(c2)C(=O)O[C@H]1C,isoeleutherol,0,0.3046923041397964,0.3064516129032258,False
COC1C(=O)Cc2c3C1Cc1ccccc1c3c1c(c2)OCO1,N-methoxy-5-oxoaporphinoid,0,0.3045645263827082,0.27692307692307694,False
OCCCOC(=O)/C=C/c1ccc(c(c1)OC)O,30'-hydroxytriacontanyl-(E)-ferulate,0,0.30433909333515047,0.4492753623188406,False
OC[C@H]1O[C@@H](O[C@@H]2OC=C[C@@]3([C@H]2[C@@](C)(OC(=O)C)C[C@H]3O)O)[C@@H]([C@H]([C@@H]1O)O)O,8-O-acetylharpagide,0,0.30295716639209225,0.26373626373626374,False
CO[C@H]1OC(C(C1(O)CCC1C(=C)CCC2C1(C)CCCC2(C)C(=O)O)O)OC,conyzanol,0,0.30295716639209225,0.22666666666666666,False
CO[C@@H]1OC(C(C1(O)CCC1C(=C)CCC2C1(C)CCCC2(C)C(=O)O)O)OC,conyzanol,0,0.30295716639209225,0.22666666666666666,False
C[C@@H]1OC[C@]2(C1)CC[C@@]1(O2)[C@H](C)C[C@@H]2[C@@H]3[C@]1(C)CCC(=O)[C@]3(C)C(=O)O2,"9alpha,13alpha,15,16-bisepoxy-3-oxolabdan-6beta,19-olide",0,0.30295716639209225,0.20833333333333334,False
Cc1ccc2c(c1)c(ccc2C)C(C)C,cadalene,0,0.30276261342028576,0.20512820512820512,False
CC(=C)[C@@H]1CC[C@@H](C2=C(C1)[C@@H](C)CC2)C,alpha-Guainene,0,0.302301026776708,0.1724137931034483,False
O[C@@H]1CCn2c1nc1ccccc1c2=O,(+)-vasicinone,0,0.30218087899428975,0.24528301886792453,False
OC1=C2C(=CC[C@@H]3[C@]2(C)CCCC3(C)C)C=C(C1=O)C(C)C,"11-hydroxy-7,9(11),13-abietatrien-12-one",0,0.30141219569333627,0.3793103448275862,False
OCC/C=C\C/C=C\C/C=C\CCCCCCC1=C(OC)C(=C)OC1=O,artapetalin,0,0.3010188113316417,0.29411764705882354,False
CC(=CCc1ccc2c(c1)cc[nH]2)C,5-(3-methylbut-2-enyl)-1H-indole,0,0.3008534411030548,0.3469387755102041,False
O=C1C=C2C(=CC(=O)c3c2cc(O)c(c3)C)C1(C)C,neoboutomacroin,0,0.3006548708315064,0.2542372881355932,False
C[C@@H]1[C@@H]2CC[C@@H]3[C@]([C@H]2Cc2c1cco2)(C)CCCC3(C)C,voucapane,0,0.3005658890290038,0.3050847457627119,False
CC(=O)N1CCCC(=C1)[C@H]1CCCCN1,ammodendrine,0,0.3004457412465855,0.2037037037037037,False
C=C/C(=C/CCC(=C)C)/C,alpha-ocimene,0,0.3003380732649025,0.16666666666666666,False
C=CC(CCC=C(C)C)(O)C,linalol,0,0.3003380732649025,0.21428571428571427,False
O=C1OC[C@H]2C1=CC[C@@H]1[C@]2(C)CCCC1(C)C,cinnamolide,0,0.3,0.3333333333333333,False
CO[C@H]1C=C[C@H]([C@@H]([C@@]1(O)COC(=O)c1ccccc1)OC(=O)C)O,cleistenediol,0,0.3,0.24242424242424243,False
OC/C=C(/CC[C@@]1(C)[C@H](CO)CC[C@@]2([C@@H]1CCC=C2C)C)\C,"ent-3,13E-clerodadien-15-ol",0,0.3,0.21794871794871795,False
CCCCNc1ccccc1,N-butylaniline,0,0.3,0.2857142857142857,False
COC(=O)C[C@]1(O)C=CC(=O)CC1NC(=O)/C=C\c1ccccc1,Z-toussaintine,0,0.3,0.32786885245901637,False
CC[C@@H](C(C)C)/C=C/[C@H]([C@H]1CC[C@@H]2[C@]1(C)CC[C@H]1[C@H]2CC=C2[C@]1(C)CC[C@@H](C2)O[C@H]1O[C@H](CO)[C@H]([C@@H]([C@H]1O)O)O)C,Delta5-stigmasterol-3-O-beta-D-glucopyranoside,0,0.3,0.35,False
CC(=CCC[C@@]([C@H]1CC[C@]2(C1CC[C@H]1[C@H]2CCC2[C@]1(C)CC[C@](C2(C)C)(O)OC(=O)C)C)(O)C)C,3beta-acetoxy-20(S)-dihydroxydammar-24-ene,0,0.3,0.2345679012345679,False
COc1c2ccccc2nc2c1cco2,dictamnine,0,0.3,0.23636363636363636,False
COC(=O)C[C@@]1(O)C=CC(=O)C[C@@H]1NC(=O)/C=C/c1ccccc1,toussaintine,0,0.3,0.32786885245901637,False
OCC1(CO)C[C@@H](O)C[C@@]2([C@H]1[C@H](O)C[C@]13[C@@H]2C[C@H]2[C@H](C1)[C@@]2(C3)C)C,"2beta,6alpha,18,19-ent-trachylobantetraol",0,0.3,0.208955223880597,False
CC(=O)O[C@@H]1C[C@H]2C([C@]1(C)CC2)(C)C,bornyl,0,0.3,0.5333333333333333,True
O=C(c1ccccc1)OC[C@@]1(O)C=C[C@@H]([C@H]([C@@H]1O)OC(=O)c1ccccc1)O,"1alpha-benzoyloxymethyl-3alpha-benzoyloxycyclohex-5-en-1beta,2beta,4beta-triol",0,0.3,0.22857142857142856,False
CCCC/C=C/CCCCCCCCCCCCCC1=C(O)C(=O)C(=C(C1=O)OC(=O)C)C,acetylmaesaquinone,0,0.3,0.28846153846153844,False
CC[C@@H](C(C)C)/C=C/[C@H]([C@H]1CC[C@@H]2[C@]1(C)CC[C@H]1[C@H]2CC=C2[C@]1(C)CC[C@@H](C2)O[C@@H]1O[C@H](CO)[C@H]([C@@H]([C@H]1O)O)O)C,stigmasterol,0,0.3,0.35,False
Oc1ccc(c(c1)O)C(=O)/C=C/c1ccc(c(c1)O)O,butein,0,0.29985990710512456,0.6388888888888888,True
O=C1C(=O)C(=C(C2=C1[C@@]1(C)CCCC([C@@H]1CC2)(C)C)O)C(C)C,royleanone,0,0.29970871683815714,0.43636363636363634,False
CC(=CCc1cc(ccc1O)C1CC(=O)c2c(O1)cc(cc2)O)C,abyssinone,0,0.29833956004488477,1.0,True
C/C=C/c1ccc(c(c1)OC)O,(E)-isoeugenol,0,0.2979435411335234,0.43243243243243246,False
COc1cc2C[C@H](C)N=C(c2c(c1c1c(C)cc2c(c1O)c(OC)ccc2)OC)C,ancistrocladidine,0,0.2969933309165044,0.3108108108108108,False
COc1cc(cc(c1O)OC)c1oc2c(OC)c(O)cc(c2c(=O)c1OC)O,"5,7,4'-trihydroxy-3,8,3',5'-tetramethoxyflavone",0,0.29663309485799294,0.39215686274509803,False
Cc1cc(O)c2c(c1)C(c1c(C2=O)c(O)cc(c1)O)C1c2cc(C)cc(c2C(=O)c2c1cc(O)cc2O)O,emodin,0,0.2964289607614175,0.3125,False
COc1c(Cc2c(O)c(C)c(c(c2O)C(=O)C(C)C)O)c(O)c(c(c1C(=O)C(C)C)OC)C,beta-kosin,0,0.29559200205528974,0.2222222222222222,False
COc1cc(OC)c2c(c1c1c(C)cc3c(c1O)c(OC)ccc3)C[C@@H](N=C2C)C,ancistrotanzanine,0,0.29525819316880025,0.26229508196721313,False
COc1ccc(cc1)c1coc2c(c1=O)cc(c(c2)O)OC,afrormosin,0,0.2948743566020843,0.6041666666666666,True
O=Cc1ccc2c(c1)cc[nH]2,1H-indole-5-carbaldehyde,0,0.29483412437325385,0.36363636363636365,False
CC(C1=CC2=CC[C@@H]3[C@]([C@H]2CC1)(C)CCC[C@@]3(C)C(=O)O)C,abietic,0,0.29469230413979647,0.2698412698412698,False
CC[C@@H](C(C)C)/C=C/[C@H]([C@H]1CC[C@@H]2[C@]1(C)CC[C@H]1[C@H]2CC=C2[C@]1(C)CC[C@@H](C2)O[C@@H]1O[C@H](COC(=O)C)[C@H]([C@@H]([C@H]1OC(=O)C)OC(=O)C)OC(=O)C)C,stigmasterol-3-O-beta-D-glucopyranoside,0,0.2945645263827082,0.3118279569892473,False
CCCCCCCCCC/C=C/CCC1OC1CCC1OC1CCCCCCCCCCCCC1=CC(OC1=O)C,dieporeticenin,0,0.29418493656993083,0.2714285714285714,False
CC(=C)[C@@H]1CC=C([C@@H](C1)O)C,cis-carveol,0,0.2939160167419939,0.22,False
CCCCCCCCCCCCCCCCCCCCCCOC(=O)/C=C/c1ccc(cc1)O,E-docosyl-p-coumarate,0,0.29322090449615623,0.36923076923076925,False
CCCCCCCCCCCCCCCCCCCCCCOC(=O)/C=C\c1ccc(cc1)O,Z-docosyl-p-coumarate,0,0.29322090449615623,0.36923076923076925,False
CC12CC34CC1C2CC3C1(C(CC4)C(C)(C)CCC1)C,trachylobane,0,0.29295716639209224,0.3018867924528302,False
CC1=CC[C@@H](CC1)C(=C)[C@@H]([C@H]1C=C(C(=O)O1)C)O,elgonene,0,0.2923949299533022,0.2459016393442623,False
OCc1cc(O)c2c(c1)C(C1OC(COC(=O)/C=C/c3ccccc3)C(C(C1O)O)O)c1c(C2=O)c(OC)c(cc1)O,6'-O-cinnamoyl-8-O-methyl-7-hydroxyaloin,0,0.2912277701778386,0.43373493975903615,False
CO[C@@H]1CC(=O)CC([C@]1(O)CC(=O)OC)NC(=O)/C=C/c1ccccc1,toussaintine,0,0.2905658890290038,0.3442622950819672,False
CO[C@H]1CC(=O)CC([C@]1(O)CC(=O)OC)NC(=O)/C=C/c1ccccc1,toussaintine,0,0.2905658890290038,0.3442622950819672,False
CCCCCCCCCC(C#CC#CC(OC(=O)C)C=C)O,"8-hydroxyheptadeca-1-ene-4,6-diyn-3-yl",0,0.29,0.18181818181818182,False
C/C(=C\C(=O)O)/CC[C@@H]1C(=C)CCCC1(C)C,"1S-(2E)-5-[(1R)-2,2-dimethyl-6-methylidenecyclohexyl]-3-methylpent-2-enoic",0,0.29,0.23333333333333334,False
OC(=O)/C=C(/[C@@H](C[C@@H]1C(=C)CCCC1(C)C)O)\C,phellidine,0,0.29,0.21875,False
COC1C=C(C(=O)O1)CC[C@@]1(C)[C@H](C)CC[C@]23[C@@H]1CCC=C2C(=O)OC3,"neo-clerodan-3,13-dien-16,15:18,19-diolide",0,0.29,0.44594594594594594,False
CC(=O)O[C@@H]1C=C[C@@H]([C@H](/C/1=C/OC(=O)c1ccccc1)OC(=O)C)O,cleistodienol,0,0.29,0.23943661971830985,False
O=C1OCC=C1CC[C@@]1(C)[C@H](C)CC[C@]23[C@@H]1CCC=C2C(=O)OC3,"15-methoxy-neo-clerodan-3,13-dien-16,15:18,19-diolide",0,0.29,0.4852941176470588,False
COc1cc(OC)c(c(c1C(=O)CCc1ccccc1)OC)Cc1ccccc1OC,uvaretin,0,0.29,0.42592592592592593,False
O=C(c1ccccc1)NCCCCNCCCNC(=O)c1ccccc1,"N1,N8-dibenzoylspermidine",0,0.29,0.3076923076923077,False
C[C@@H]1CC[C@@]2(NC1)O[C@@H]1[C@H]([C@@H]2C)[C@@]2([C@@H](C1)[C@@H]1CC=C3[C@]([C@H]1CC2)(C)CC[C@@H](C3)O)C,solasodine,0,0.29,0.4925373134328358,False
COc1cc(OC)c(c(c1c1c(C)cc(c2c1C(=O)c1cccc(c1C2=O)OC)O)O)C(=O)C,"6',8-O-dimethylknipholone",0,0.2874614014251782,0.3103448275862069,False
CCCCCCCCCCCC1=C(O)C(=O)C(=C(C1=O)OC)C,2-O-methyl-muketanin,0,0.28626800523788737,0.2978723404255319,False
C=CC(=C)CCC=C(C)C,beta-myrcene,0,0.28593007532019227,0.21052631578947367,False
Oc1ccc(cc1)/C=C/C(=O)c1ccc(cc1O)O,isoliquiritigenin,0,0.28568379227945573,0.696969696969697,True
CCCCCCCCC(CCCCCCCC)CCCCCCCC,9-octylheptadecane,0,0.2851441904554489,0.225,False
C/C/1=C\C(=O)c2c(C/C(=C/CC1)/C)occ2C,furanodienone,0,0.285138045386382,0.2,False
COc1cc(/C=C/C(=O)c2ccc(cc2O)O)ccc1O,homobutein,0,0.2841761676016905,0.66,True
O=C1Cc2c(N1)cc(cc2)/C=C/C(C)C,"6-(3-methyl-but-enyl)-1,3-dihydroindol-2-one",0,0.2824279333864344,0.2711864406779661,False
CCCCCCCC(CCCCCCCCCCCCCCCCCCCCCCCC(CC)C)O,32-,0,0.2821870240633567,0.21428571428571427,False
CC1=CCC2C(=O)C1C2(C)C,"(1S,5R)-(+)-chrysanthenone",0,0.28218702406335666,0.28,False
CC(=O)O[C@@]1(C)C/C=C/[C@@](C)(O)/C=C/C=C\CCC(/C=C/1)C(C)C,"duva-3,6,8,13-tetraen-5alpha-ol-1-acetate",0,0.281935049184746,0.2054794520547945,False
COc1ccc(c2c1oc1ccc(cc1c2=O)O)O,"1,7-dihydroxy-4-methoxyxanthone",0,0.28169955140329295,0.39344262295081966,False
Oc1cc(cc(c1)/C=C/c1ccc(cc1)O)O[C@@H]1O[C@H](COC2O[C@@H](C)[C@@H]([C@H]([C@H]2O)O)O)[C@H]([C@@H]([C@H]1O)O)O,resveratrol-3-beta-rutinoside,0,0.2813122661795,0.3950617283950617,False
COc1cc(C)c2c(c1)oc(=O)c(c2OC)C,coumarsabin,0,0.28105852323963343,0.35714285714285715,False
O=C1C=C2[C@H]3CC(C)(C)CC[C@@]3(CC[C@]2([C@]2([C@H]1[C@@]1(C)CCC(=O)C(C1CC2)(C)C)C)C)C(=O)O,"3,11-dioxoolean-12-en-28-oic",0,0.2804788591668927,0.5147058823529411,True
COc1cc(O)c(c(c1)OC)C(=O)/C(=C/c1ccccc1)/O,"2'-dihydroxy-4',6'-dimethoxychalcone",0,0.2804457412465855,0.5555555555555556,True
CC(=O)N1CC2CC(C1)c1n(C2)c(=O)ccc1,N-acetylcytisine,0,0.2804457412465855,0.2,False
COc1cc(OC)c2c(c1OC)O[C@@H]1[C@H]([C@@H]2/C=C/c2ccccc2)[C@H](Oc2c1c(OC)cc(c2OC)OC)c1ccccc1,dependensin,0,0.28036767718148303,0.3235294117647059,False
CCCCCCCCCCCCCC[C@@H]1C(=O)O[C@@H]([C@H]1O)C,"(3R,4R,5S)-4-hydroxy-5-methyl-3-tetradecanyl",0,0.28,0.25,False
CCC(=O)OC(CCC=C(C)C)(C=C)C,linalyl-propanoate,0,0.28,0.1935483870967742,False
CC(=O)OC[C@]1(C)C(=O)CC[C@]2([C@H]1CC[C@@]1([C@@H]2CC[C@H]2[C@@]1(C)[C@@H](O)C=C2)C)C,28-acetoxy-15alpha-hydroxymansumbinone,0,0.28,0.32432432432432434,False
OCC1=CCN2[C@H]1[C@@H](CC2)OC(=O)C=C(C)C,7-senecioylretronecine,0,0.28,0.20270270270270271,False
COc1cc(oc(=O)c1)[C@H]1O[C@@H]1c1ccccc1,"(+)-6-styryl-7,8-epoxy-4-methoxypyran-2-one",0,0.28,0.38,False
CCCCCC[C@@H](CCC[C@@H]([C@H]1CC[C@@H](O1)[C@H]1CC[C@@H](O1)[C@@H](CCCCCCCCCCCCC1=C[C@@H](OC1=O)C)O)O)O,ophrypetalin,0,0.28,0.28378378378378377,False
COc1cc(OC(=O)C)c(c(c1C(=O)C)OC(=O)C)c1c(C)cc(c2c1C(=O)c1cccc(c1C2=O)OC(=O)C)OC(=O)C,knipholone,0,0.28,0.2786885245901639,False
OCC1=CCC(CC1)C(=C)C,perillyl,0,0.28,0.23214285714285715,False
CCCCCC(=O)/C=C/C,2-nonen-4-one,0,0.28,0.2702702702702703,False
C=CCc1cc(OC)c(c(c1)OC)OC,"5-allyl-1,2,3-trimethoxybenzene",0,0.28,0.45714285714285713,False
CCCCC(=O)/C=C/C,2-octen-4-one,0,0.28,0.24324324324324326,False
COC(=O)c1c(O)cc2c(c1C)C(=O)c1c(C2=O)cccc1O,aloesaponarin,0,0.28,0.2833333333333333,False
O=CC1=CC[C@@H]2[C@]([C@@]1(O)C=O)(C)CCCC2(C)C,warburganal,0,0.2797087168381571,0.27586206896551724,False
CCCCC[C@H]1O[C@H]1C/C=C\CCCCCCCC(=O)OC(COC(=O)CCCCCCC/C=C\C[C@@H]1O[C@@H]1CCCCC)COC(=O)CCCCCCC/C=C\C[C@@H]1O[C@@H]1CCCCC,trivernolin,0,0.2792251716299796,0.2857142857142857,False
COc1c(O)ccc2c1C(=O)c1c(C2=O)cc(cc1O)C,nataloe-emodin-8-methyl,0,0.27892285513126686,0.27586206896551724,False
COc1cc2oc(=O)ccc2cc1O,6-hydroxy-7-methoxycoumarin,0,0.2782030544226334,0.5714285714285714,True
COc1cc(O)c2c(c1O)C(=O)c1c(C2=O)c(O)cc(c1)C,xanthorin,0,0.27622186803426113,0.32142857142857145,False
COc1cc(O)c2c(c1O)C(=O)c1c(C2=O)cc(cc1O)C,isoxanthorin,0,0.27622186803426113,0.32142857142857145,False
COc1cc(O)c2c(c1)oc(c(c2=O)OC)c1ccc(c(c1)O)OC,ayanin,0,0.2758452682958454,0.4411764705882353,False
CCCCCC/C=C\C=O,(E)-2-nonenal,0,0.2751441904554489,0.3142857142857143,False
CCCCCCCC/C=C/C=O,(E)-2-undecenal,0,0.2751441904554489,0.3142857142857143,False
CCCCCC/C=C/C=O,(E)-2-nonenal,0,0.2751441904554489,0.3142857142857143,False
OC[C@H]1O[C@@H](O[C@@H]2OC=C([C@@H]3[C@H]2[C@H](C)OC(C3)O)C(=O)OC)[C@@H]([C@H]([C@@H]1O)O)O,morroniside,0,0.27469230413979645,0.3103448275862069,False
CC(=O)OC1(CCC(=CC1)C)C(C)C,4-terpinenyl,0,0.27461657839690046,0.25,False
COc1ccc2c(c1O)c1c(O)c(OC)cc3c1[C@H](C2)[N+](C)(C)CC3,magnoflorine,0,0.27398068327019903,0.29411764705882354,False
COc1cc(O)c2c(c1)oc(c(c2=O)O)c1ccc(cc1)O,rhamnocitrin,0,0.2739076644656735,0.5454545454545454,True
CC(=Cc1ccc2c(c1C)oc(cc2=O)C)C,leucason,0,0.2729629079255428,0.3,False
O[C@H]([C@H](C(=C)[C@@H]1CCC(=CC1)C)O)/C=C(/C(=O)O)\C,elgonene,0,0.272960818982306,0.19444444444444445,False
CCCCCCC=C,1-octene,0,0.2729571663920922,0.23529411764705882,False
OCC1=C[C@@H](OC(=O)C)C([C@@H](C1=O)O)C(C)C,"3-acetoxy-5,7-dihydroxycarvotacetone",0,0.2729571663920922,0.2222222222222222,False
COc1cc2c(=O)oc3c4c2c(c1OC)oc(=O)c4cc(c3O)OC,"3,3',4-tri-O-methylellagic",0,0.2717351377477042,0.3404255319148936,False
COc1ccc(cc1)c1oc2cc(O)cc(c2c(=O)c1OC)O,"5,7-",0,0.2716473407171265,0.6041666666666666,True
COc1c(C)c(O)c(c(c1C(=O)C(C)C)O)Cc1c(O)c(Cc2c(O)c(C)c(c(c2OC)C(=O)C(C)C)OC)c(c(c1O)C(=O)C(C)C)O,protokosin,0,0.27102747567258156,0.2222222222222222,False
[CH2-]C(=C)CC#[O+],isovaleryl,0,0.27102747567258156,0.11428571428571428,False
COC(=O)c1cc(OC)c2c(c1O)c1c(c(c2)O)O[C@@]2([C@@H]3[C@H]1C([C@@H]3CC2)(C)C)C,methyl,0,0.2709499867689865,0.2375,False
COc1c(O)cc2c(c1O)C(=O)C(CO2)C(c1ccccc1)O,"5,7-dihydroxy-3-(hydroxy-phenyl-methyl)-6-methoxy-chroman-4-one",0,0.2709499867689865,0.3728813559322034,False
Cc1cc(O)c2c(c1)C(=O)c1c(C2=O)c(O)c(cc1)O,nataloe-emodin,0,0.27065487083150636,0.28,False
OC[C@]1(C)CC(O)C[C@@]2([C@@H]1CC[C@@]13[C@H]2CC2C(C1)[C@]2(C3)C)C,"trachyloban-2beta,6beta,19-triol",0,0.2705658890290038,0.22727272727272727,False
OC(=O)[C@@]12CC[C@@]3(C(=CC[C@H]4[C@@]3(C)CC[C@@H]3[C@]4(C)CCC(=O)C3(C)C)[C@@H]1CC(CC2)(C)C)C,oleanolic,0,0.27047885916689274,0.7,True
C=C[C@]1(C)CC[C@@]2([C@@H](C1)CC[C@@H]1[C@@H]2CCC[C@@]1(C)CO)C,18-hydroxyrosane,0,0.27,0.25,False
OC(=O)/C=C(/C=C/[C@@H]1C(=C)CCCC1(C)C)\C,ionylideneacetic,0,0.27,0.24193548387096775,False
C=C/C(=C/C(=O)CC(C)C)/C,(E)-tagetone,0,0.27,0.2,False
C=C/C(=C\C(=O)CC(C)C)/C,(Z)-tagetone,0,0.27,0.2,False
CCCCCCCCCCCCCC(c1ccccc1)(C)C,2-methyl-2-phenyl,0,0.27,0.3181818181818182,False
CCc1coc2c(c1=O)c(O)cc(c2)O,chromon,0,0.2695464539216962,0.5111111111111111,True
OC(=O)C1(C)CCC[C@@]2([C@]1(O)CC[C@H]1[C@H]2Cc2c([C@H]1C)cco2)C,5-hydroxyvinhaticoic,0,0.268749462952639,0.2571428571428571,False
COc1cc(C=O)cc(c1O)OC,syringaldehyde,0,0.2677274903311306,0.32432432432432434,False
CCCCCCCCCCCCCCCCCCCCCCOC(=O)/C=C/c1ccc(c(c1)O)O,"(E)-docosyl-3-(3,4-dihydroxyphenyl)",0,0.2672098810313853,0.43548387096774194,False
CCCOC(=O)/C=C/c1ccc(c(c1)OC)O,triacontanyl-(E)-ferulate,0,0.2663415721879998,0.4626865671641791,False
CC(=CCC[C@H]([C@H]1CC[C@]2(C1CC[C@H]1[C@H]2CCC2[C@]1(C)CC[C@@H](C2(C)C)O)C)C)C,3beta-hydroxydammar-24-ene,0,0.26592007431763504,0.2727272727272727,False
OC[C@H]1O[C@@H](O[C@@H]2OC=C([C@@H]3[C@H]2[C@@H](C)CC3=O)C(=O)OC)[C@@H]([C@H]([C@@H]1O)O)O,vebenaline,0,0.26592007431763504,0.3218390804597701,False
COc1cc(O)c2c(c1)c(c1c(OC)cc3c(c1O)C(=O)c1c(C3)cc(cc1O)C)c1c(c2O)C(=O)CC(C1)(C)O,anhydrophlegmacin,0,0.2657761267876756,0.25301204819277107,False
C/C=C(/C(=O)O[C@H]1C(C(C)C)[C@H](O)C=C(C1=O)CO)\C,"3,7-dihydroxy-5-tigloyloxycarvotacetone",0,0.26514419045544896,0.2,False
OC[C@H]1CCCN2[C@@H]1CCC2,tashiromine,0,0.2651212553495007,0.1875,False
OC[C@@]1(O)C[C@]23C[C@H]1CC[C@H]2[C@]1([C@H](CC3)C(C)(C)CCC1)CC(=O)O,"(ent)-16beta,17-dihydroxykauran-20-oic",0,0.264682861506068,0.20512820512820512,False
C[C@@H]1CC[C@]2([C@H]([C@@]1(C)C(=O)O)CC[C@]13[C@H]2C[C@H]2[C@@H](C1)[C@]2(C3)C)C,"neoclerodan-5,10-en-19,6beta,20,12-diolide",0,0.26418493656993086,0.25,False
CN=C=S,methyl,0,0.2632083546668713,0.05263157894736842,False
Cc1cccc(c1)C(C)C,m-cymene,0,0.2627626134202858,0.3488372093023256,False
COc1cc(OC)c(cc1c1coc2c(c1=O)c(O)cc(c2)O)OC,"5,7-dihydroxy-2',4',5'-trimethoxyisoflavone",0,0.2625656722262275,0.6304347826086957,True
COc1cc2OCOc2cc1c1coc2c(c1=O)ccc(c2)OC,"7,2'-dimethoxy-4',5'-methylenedioxyisoflavone",0,0.26256184375423103,0.43333333333333335,False
O=C(/C=C/c1ccc(cc1)O)CCc1ccc(cc1)O,diphenylpentanoid,0,0.2625286695791225,0.47368421052631576,False
COc1cccc(c1C(=O)OCc1ccccc1)O,benzyl,0,0.26193504918474597,0.35294117647058826,False
COc1cc2cc3CC(C)(O)CC(=O)c3c(c2c(c1)O)O,torosachrysone,0,0.2617351377477042,0.3125,False
COc1cccc2c1c(O)c1c(c2)C[C@@](CC1=O)(C)O,aloechrysone,0,0.2617351377477042,0.28125,False
Oc1cc(C)c2c(c1)C(=O)c1c(C2=O)c(O)ccc1,aloesaponarin,0,0.26167351142442413,0.36363636363636365,False
CO[C@H]1OCC2=C([C@@H]1[C@@H]1[C@@H](OC)OCC3=C1C(=O)c1c(C3=O)cccc1)C(=O)c1c(C2=O)cccc1,"[(3alpha,3'alpha,4beta,4'beta)-3,3']-dimethoxy-cis-[4,4'-bis(3,4,5,10-tetrahydro-1H-naphtho[2,3-c]pyran)]-5,5',10,10'-tetraone",0,0.2614380132185059,0.2830188679245283,False
COc1cccc2c1c(=O)c1c(O)cc(cc1oc2=O)C,janthinone,0,0.261064264773084,0.34615384615384615,False
CC(=O)CCC=C(C)C,6-methyl-5-hepten-2-one,0,0.26102747567258155,0.25806451612903225,False
OCc1cc(O)c2c(c1)[C@@H]([C@@H]1O[C@H](COC(=O)/C=C/c3ccc(c(c3)O)O)[C@H]([C@@H]([C@H]1O)O)O)c1c(C2=O)c(O)ccc1O,microstigmin,0,0.2606608708969003,0.5616438356164384,True
OCC1(CO)CCC[C@]2([C@H]1CC[C@@H]1[C@@H]2Cc2c([C@@H]1C)cco2)C,"voucapane-18,19-diol",0,0.2605658890290038,0.2608695652173913,False
CC(=CCCC(c1ccccc1C)(O)C)C,2-(o-methylphenyl)-6-methyl-5-hepten-2-ol,0,0.26033807326490255,0.22916666666666666,False
CCCCCCCCCCOC(=O)C,decyl,0,0.26,0.26,False
OC[C@H]1OC(O[C@H]2C(CC=C(C2=O)CO)C(C)C)[C@@H]([C@H]([C@@H]1O)O)O,5-O-beta-glucopyranosylcarvotacetone,0,0.26,0.32926829268292684,False
O=C(c1ccccc1)OC1(CCC[C@]2([C@H]1CC[C@@H]1[C@@H]2Cc2c([C@@H]1C)cco2)C)OC(=O)c1ccccc1,"18,19-dibenzoyloxyvoucapane",0,0.26,0.3076923076923077,False
CC(=O)OC(C(C(=O)OC1CCC2(C(C1(C)O)CC(=C(C)C)C(=O)C2)C)(OC(=O)C)C)C,3-(3'-acetoxy-2'-hydroxy-2'-methyl,0,0.26,0.23684210526315788,False
COc1cc(C)c2c(c1)C(=O)c1c(C2=O)cccc1,"3-methoxy-1-methyl-9,10-anthraquinone",0,0.26,0.3617021276595745,False
CCC(=O)C1=C2C(c3c(C1=O)cccc3)OC(C(C2O)O)(C)C,"cis-3,4-dihydroxy-3,4-dihydromollugin",0,0.26,0.22807017543859648,False
CC(=CCc1cc(/C=C/C(=O)c2ccc(cc2O)O)cc(c1O)O)C,5-prenylbutein,0,0.26,0.7659574468085106,True
CO[C@@H]1CC(=O)O[C@@H]1[C@@H](C(OC(=O)C)COC(=O)c1ccccc1)OC(=O)C,cleistanolate,0,0.26,0.2564102564102564,False
CCCCCCCCOC(=O)C,n-octylacetate,0,0.26,0.26,False
OC(=O)c1ccccc1O,salicylic,0,0.25820305442263336,0.4375,False
Cc1cc(O)c2c(c1)C(=O)c1c(C2=O)c(O)cc(c1)O,emodin,0,0.2571948986736772,0.27906976744186046,False
CC1=CCC(CC1)(O)C(C)C,4-terpinenyl,0,0.2553242404720231,0.21739130434782608,False
COC(=O)c1c2C[C@H](O)C(Oc2c2c(c1O)cccc2)(C)C,3-hydroxymollugin,0,0.25509214046847367,0.3055555555555556,False
OC[C@]1(C)[C@H](O)CC[C@]2([C@H]1CC[C@]13[C@H]2C[C@H]2[C@@H](C1)[C@]2(C3)C)C,"3alpha,19-dihydroxy",0,0.25418493656993085,0.25,False
OC[C@@]1(C)[C@H](O)CC[C@@]2([C@@H]1CC[C@]13[C@H]2C[C@@H]2[C@@H](C1)[C@]2(C3)C)C,"3alpha,18-dihydroxytrachylobane",0,0.25418493656993085,0.25,False
OC(=O)[C@@]1(C)CCC[C@@]2([C@@H]1CC[C@]13[C@H]2C[C@@H]2[C@H](C1)[C@@]2(C3)C)C,trachyloban-19-oic,0,0.25418493656993085,0.2191780821917808,False
OC(=O)[C@]1(C)CCC[C@]2([C@H]1CC[C@@]13[C@H]2C[C@H]2[C@@H](C1)[C@]2(C3)C)C,ent-trachyloban-18-,0,0.25418493656993085,0.2191780821917808,False
C=C[C@]1(C)C=C2CC[C@@H]3[C@]([C@H]2C[C@H]1O)(C)CC[C@@H]([C@@]3(C)C=O)O,"3alpha,12alpha-dihydroxy-ent-8(14),15-isopimaradien-18-al",0,0.2536169432689569,0.39655172413793105,False
OC[C@H]1OC([C@@H]([C@H]([C@@H]1O)O)O)c1c(O)c(O)c(c(c1O)O)C(=O)c1ccc(cc1)O,"2,3,4',5,6-pentahydroxybenzophenone-4-C-glucoside",0,0.25295716639209226,0.275,False
Oc1ccc(cc1)C(=O)O,p-hydroxybenzoic,0,0.2525751550922419,0.4482758620689655,False
COc1ccc(cc1)c1oc2cc(OC)cc(c2c(=O)c1O)O,"3,5-",0,0.25153579445354174,0.5454545454545454,True
CC(=O)CC[C@H](C(C)C)/C=C/C(=C)C,(E)-solanone,0,0.25102747567258155,0.16666666666666666,False
C/C(=C\CC/C(=C/C(=O)O)/C)/CCC=C(C)C,famesylic,0,0.25102747567258155,0.2807017543859649,False
COc1ccc(cc1)c1oc2cc(O)cc(c2c(=O)c1O)O,"5,7-trihydroxy-4'-methoxyflavone",0,0.25057473780556233,0.6428571428571429,True
CCCCCCCCCCCC1=CC(=O)C(=C(C1=O)O)O,myrsinone,0,0.25019016704894825,0.3103448275862069,False
c1ccc2c(c1)C1Oc3c(C1CO2)cccc3,pterocarpan,0,0.25,0.35714285714285715,False
CCCCCCCCCC[C@@H](C1CC[C@H](O1)[C@@H]1CC[C@@H](O1)[C@@H](CCCCCCCCCCC(CC1=CC(OC1=O)C)O)O)O,rolliniastatin-1,0,0.25,0.25675675675675674,False
O=Cc1ccccc1,benzaldehyde,0,0.25,0.34615384615384615,False
CCCCCCC(Cc1ccccc1)C=O,2-benzyloctanal,0,0.25,0.3333333333333333,False
CCCC/C=C/CCCCCCCCCCCCCC1=C(OC(=O)C)C(=O)C(=C(C1=O)OC(=O)C)C,acetylmaesaquinone,0,0.25,0.3,False
COC(=O)c1c(O)c2ccccc2c2c1[C@@H](O)[C@H](C(O2)(C)C)O,"cis-3,4-dihydroxy-3,4-dihydromollugin",0,0.25,0.2647058823529412,False
COC(=O)c1c(O)c2ccccc2c2c1[C@@H](O)[C@@H](C(O2)(C)C)O,"trans-3,4-dihydroxy-3,4-dihydromollugin",0,0.25,0.2647058823529412,False
C/C=C(/C(=O)OC1CCN2C1C(=CC2)C(O)O)\C,7-tiglyl-9-dihydroxy-senecioylretronecine,0,0.25,0.2033898305084746,False
C=CC1(C)CCC(=C(C)C)CC1C(=C)C,elixene,0,0.25,0.21818181818181817,False
Cc1cccc(c1)C(=C)C,"AR,alpha-dimethylstyrene",0,0.25,0.32432432432432434,False
COc1c(O)c(=O)oc2c1c(C)ccc2,ekersenin,0,0.24922517162997962,0.3090909090909091,False
O=Cc1c(O)c(C(=O)/C=C/c2ccccc2)c(c(c1O)C=O)O,"3',5'-diformyl-2',4',6'-trihydroxychalcone",0,0.2491815371923517,0.5135135135135135,True
COc1c(O)cc2c(c1C)CCc1c2cc(O)c(c1)C,neonthrene,0,0.2483066402044119,0.2542372881355932,False
O[C@H]1C=C[C@]2([C@H](C1)N(C(=O)/C=C/c1ccccc1)C(=O)C2)O,toussaintine,0,0.24745633968274333,0.2962962962962963,False
COc1cc(C)c(c(c1C(C)C)OC)O,espintanol,0,0.24469230413979645,0.29545454545454547,False
O[C@@H](/C=C\1/C=CC(=O)O1)COC(=O)c1ccccc1,Z-melodorinol,0,0.24456452638270818,0.24193548387096775,False
O=C(c1ccccc1)OC[C@H](/C=C\1/C=CC(=O)O1)OC(=O)C,Z-acetylmelodorinol,0,0.24456452638270818,0.24615384615384617,False
O=C(O[C@@H]1C[C@@](O)(C[C@H]([C@H]1O)O)C(=O)O)/C=C/c1ccc(c(c1)O)O,chlorogenic,0,0.24348582763365328,0.37349397590361444,False
O[C@H]1CCN2C1=Nc1ccccc1C2,(+)-vasicine,0,0.2434029076386778,0.25,False
OC[C@@]1(C)CCC[C@@]2([C@@H]1CC[C@]13[C@H]2C[C@@H]2[C@@H](C1)[C@]2(C3)C)C,ent-trachyloban-18-ol,0,0.24295716639209225,0.234375,False
CC(C12CCC(C1C2)(C)O)C,cis-sabinenehydrate,0,0.24218702406335665,0.19607843137254902,False
OCC1=C[C@@H](O)C([C@@H](C1=O)O)C(C)C,"3,5,7-trihydroxy-carvotacetone",0,0.24218702406335665,0.22033898305084745,False
CC1=CC(=O)C2(C1C2)C(C)C,Umbellulone,0,0.24218702406335665,0.2608695652173913,False
CC1=CC(C)(C)[C@H]2C[C@@H]1C2=O,"(1S,5R)-(-)-2,4,4-trimethylbicyclo[3.1.1]hept-2-en-6-one",0,0.24218702406335665,0.23076923076923078,False
CC1C/C=C\C(C)CCC(CC1)C(C)C,germacrene,0,0.2417351377477042,0.2,False
Cc1cc(O)c2c(c1)C(=O)c1c(C2=O)c(O)ccc1O,helminthosporin,0,0.24110061207809197,0.34146341463414637,False
COc1c(C)c(O)c(c(c1C(=O)C(C)C)O)Cc1c(O)c(C)c(c(c1O)C(=O)C(C)C)OC,kosin,0,0.24102747567258156,0.2413793103448276,False
CC1=CC[C@@H](CC1)C(=C)[C@@H]([C@@H]1OC(=O)[C@@H](C1)C)O,elgonene,0,0.24092663050688515,0.25,False
COc1ccc(cc1)c1coc2c(c1=O)ccc(c2OC)O,8-O-methylretusin,0,0.240158394219545,0.52,True
COc1cc(C)c(c2c1C(=O)c1c(C2=O)cccc1OC)c1c(OC)cc(c(c1OC)C(=O)C)OC,knipholone,0,0.24,0.32142857142857145,False
O=C1CCCC2C1C(C)C=CC2,"trans-1(2H)-naphthalenone-3,4,4a,5,8,8a-hexahydro-8-methyl",0,0.24,0.28,False
CC(=O)[C@@]1(C)CCC2C(=C1)CC[C@@H]1[C@]2(C)CCCC1(C)C,isopimar-8(14)-en-16-hydroxy-15-one,0,0.24,0.5957446808510638,True
OCC1(CO)C[C@@H](O)C[C@@]2([C@@H]1CC[C@]13[C@H]2C[C@H]2[C@H](C1)[C@@]2(C3)C)C,"2alpha,18,19-ent-trachylobantriol",0,0.24,0.22727272727272727,False
COC(=O)C1(C)CCCC2(C1CCC1C2Cc2c(C1C)cco2)C,deoxycaesaldekarin,0,0.24,0.24719101123595505,False
O[C@H]1C=CC=C([C@@H]1OC(=O)C)C(OC(=O)C)OC(=O)c1ccccc1,cleistodienol,0,0.24,0.2361111111111111,False
OC[C@H]1CCN2[C@H]1[C@@H](CC2)OC(=O)C=C(C)C,7-O-senecioylplatynecine,0,0.24,0.1724137931034483,False
OCC1(CO)CC(=O)C[C@@]2([C@@H]1CC[C@@]13[C@H]2CC2C(C1)[C@]2(C3)C)C,"2-oxotrachyloban-18,19-diol",0,0.24,0.25,False
O=C1CC2C(C1(C)CC2)(C)C,camphor,0,0.2389980213980335,0.29545454545454547,False
C/C/1=C\CC2CCC(C(C2(C)C)CC/C(=C\CC1)/C)(C)O,verticiol,0,0.23612680502040526,0.2711864406779661,False
COc1c(oc2c(c1=O)c(O)cc(c2)OC)c1ccc(cc1)O,kumatakenin,0,0.2358005660846818,0.46153846153846156,False
COc1cc(C)c2c(c1)oc(=O)cc2OC,siderin,0,0.23514419045544893,0.46808510638297873,False
COc1cc(cc(c1OC)OC)c1coc2c(c1=O)c(O)cc(c2)O,"5,7-dihydroxy-3',4',5'-trimethoxyisoflavone",0,0.23474962520548423,0.6739130434782609,True
COc1c2c(OC)cccc2cc2c1C(C)(C)OC2=O,4-O-methyl,0,0.23469230413979644,0.31666666666666665,False
COc1cc(=O)oc2c1c(CO)ccc2,4-methoxy-5-hydroxymethylcoumarin,0,0.2340378641139332,0.3409090909090909,False
COc1cc(C(C)C)c(cc1C)OC,thymoquinol,0,0.23392216181106085,0.28205128205128205,False
COc1c(O)cc2c3c1ccc1c3c(cc2)cc(c1OC)O,"2,7-dihydroxy-1,8-dimethoxypyrene",0,0.23392216181106085,0.27906976744186046,False
COc1cc(O)cc(c1C(=O)C)O,"4,6-dihydroxy-2-methoxyacetophenone",0,0.2335125684893391,0.4634146341463415,False
CC(=O)/C=C/C1=C(C)CCCC1(C)C,beta-ionone,0,0.23342240562588376,0.22807017543859648,False
O[C@@H]1CC(=C[C@H]([C@H]1O)O)C(=O)O,shikimic,0,0.23340864917212834,0.2,False
C/C=C(/C=C/C=C(C)C)\C,alloocimene,0,0.23320835466687131,0.1276595744680851,False
COc1cc(ccc1O)C1OCC2(C1COC2c1ccc(c(c1)OC)O)O,(+)-1-hydroxypinoresinol,0,0.23245554035567714,0.3548387096774194,False
O=C(O[C@@H]1[C@H]2[C@@H](C)CC[C@@H]2[C@]2(O[C@@]1(C[C@@H]2O)C(C)C)C)/C=C/c1ccccc1,englerin,0,0.2317351377477042,0.2753623188405797,False
COc1cccc2c1C(=O)c1c(C2=O)cc(cc1O)C,1-hydroxy-8-methoxy-3-methylanthraquinone,0,0.23167351142442413,0.3333333333333333,False
CCCOC(=O)/C=C/c1ccc(c(c1)O)O,triacontanyl-(E)-caffaete,0,0.23121483873708407,0.46551724137931033,False
CO[C@H]1Cc2c(C(=O)OC)c(O)c3c(c2OC1(C)C)cccc3,3-methoxymollugin,0,0.2310064732526582,0.27941176470588236,False
O=C1OCC2=CC[C@@H]3[C@]([C@@H]12)(C)CCCC3(C)C,drimenin,0,0.23,0.3090909090909091,False
CCCCCCCCCCCCCCCCCCCCCCCCCC(CCCCC(=O)C)O,7-hydroxydotriacontan-2-one,0,0.23,0.25,False
O=CCc1ccccc1,phenylacetaldehyde,0,0.23,0.3333333333333333,False
CC12CCC(CC1)C(O2)(C)C,"1,8-cineol",0,0.23,0.19047619047619047,False
CCCCCCCCCC[C@@H]([C@H]1CC[C@@H](O1)[C@H]1CC[C@@H](O1)[C@@H](CCCCCCCCCCCCC1=C[C@@H](OC1=O)C)O)O,desacetyluvaricin,0,0.23,0.3,False
C/C=C(\C(=O)OC1CCC2(C(C1(C)OC(=O)C)CC(=C(C)C)C(=O)C2)C)/C,4-O-acetylcuauthemone,0,0.22675155044606488,0.2608695652173913,False
COc1cc2c(C)cc(cc2c2c1cc(C)c(c2)O)O,"3,6-dihyroxy-1,7-dimethyl-9-methoxyphenanthrene",0,0.22668208964713402,0.3111111111111111,False
O=Cc1ccc(c(c1)O)OC,3-hydroxy-4-methoxybenzaldehyde,0,0.22618784971788725,0.46511627906976744,False
CCC(C(=O)c1c(O)cc(c(c1OC)C)O)C,2-methylbutyryl,0,0.22562830825367203,0.2830188679245283,False
COc1ccc(cc1)c1coc2c(c1=O)ccc(c2)O,formononetin,0,0.22526950052102748,0.6666666666666666,True
CC1=CC=C(CC1)C(C)C,alpha-terpinene,0,0.2249496374836425,0.16,False
COC1[C@H](O)[C@@H](O)C([C@@H]([C@H]1O)O)O,quebrachitol,0,0.22436790305764642,0.14285714285714285,False
C/C/1=C/CC/C(=C/CCC(/C=C/C(CC1)C(C)C)(C)O)/C,thunbergol,0,0.2238236739717271,0.23880597014925373,False
CS(=O)(=O)C,dimethyl,0,0.22366024098252382,0.17647058823529413,False
C/C(=C\COc1ccc(c(c1)O)C(=O)/C=C/c1ccc(cc1)O)/CCC=C(C)C,4'-O-geranylisoliquiritigenin,0,0.22360650096525,0.6851851851851852,True
CCCCCCCCCCCCCCC1OC1CCC1OC1CCCCCCCCCCCC1=CC(OC1=O)C,diepoxyrollin,0,0.22295716639209226,0.3064516129032258,False
CCCCCCCCCCCCC1OC1CCC1OC1CCCCCCCCCCCCCC1=CC(OC1=O)C,dieporeticanin-1,0,0.22295716639209226,0.3064516129032258,False
CCCCCCCCCCC1OC1CCC1OC1CCCCCCCCCCCCCCCCC1=CC(OC1=O)C,dieporeticanin-2,0,0.22295716639209226,0.3064516129032258,False
CCCC/C=C/C=C/C=O,"(E,E)2,4-nonadienal",0,0.2221870240633567,0.24324324324324326,False
OC[C@H]1CCN2C1[C@@H](CC2)OC(=O)/C(=C/C)/C,7-O-tigloylplatynecine,0,0.2221870240633567,0.17543859649122806,False
CCCC/C=C/C=O,(E)-2-heptenal,0,0.2221870240633567,0.2571428571428571,False
CCCCC(C(CC)C)C,"3,4-dimethyl-octane",0,0.2221870240633567,0.1891891891891892,False
Cc1sc(c(n1)C)C,"2,4,5-trimethyl-thiazole",0,0.22218087899428973,0.18181818181818182,False
COC(=O)c1ccccc1O,methyl,0,0.221935049184746,0.3888888888888889,False
O[C@@H]1CCC[C@H]1C,trans-2-methyl,0,0.2217351377477042,0.17391304347826086,False
COC1=CC(O)C(C(=C1)O)C(=O)/C=C/c1ccccc1,"2',6'-dihydroxy-4'-methoxydihydrochalcone",0,0.22154065147468363,0.4117647058823529,False
O=C/C=C/c1ccc(c(c1)OC)OC,"3,4-dimethoxycinnamaldehyde",0,0.22110974759817906,0.5882352941176471,True
C/C(=C\COC(=O)C)/CCC=C(C)C,"trans-trans-octa-2,4-dienyl",0,0.22102747567258155,0.27586206896551724,False
COc1ccc(cc1)C(=O)CNC(=O)c1ccccc1,uguenenonamide,0,0.2205658890290038,0.35294117647058826,False
CC(=C)c1ccccc1,alpha-methylstyrene,0,0.22,0.3225806451612903,False
COc1ccc(cc1)CC=C,methyl,0,0.22,0.375,False
CC(=CCc1cc(/C=C/C(=O)c2ccc(cc2O)O)cc(c1O)CC=C(C)C)C,abyssinone-VI,0,0.22,0.8,True
COc1cc(cc(c1O)OC)C(=O)O,syringic,0,0.22,0.29545454545454547,False
CC(c1ccccc1)C,isopropylbenzene,0,0.22,0.36,False
CC[C@@H](C(C)C)CC[C@H]([C@H]1CC[C@@H]2[C@]1(C)CC[C@H]1[C@H]2CC=C2[C@]1(C)CC[C@@H](C2)O)C,beta-sitosterol,0,0.22,0.47692307692307695,False
CC[C@H](C(C)C)CC[C@H]([C@H]1CC[C@@H]2[C@]1(C)CC[C@H]1[C@H]2CC=C2[C@]1(C)CC[C@@H](C2)O)C,sitosterol,0,0.22,0.47692307692307695,False
O=C1C2=C(COC=C2)C(=O)c2c1cccc2,pentalongin,0,0.22,0.2619047619047619,False
CC(=O)/C=C/C1C(=CCCC1(C)C)C,alpha-ionone,0,0.22,0.22580645161290322,False
OCC([C@@]1(C)CCC2C(=C1)CC[C@@H]1[C@]2(C)CCCC1(C)C)O,"isopimar-8(14)-en-15,16-diol",0,0.22,0.56,True
CCCc1ccccc1,n-propylbenzene,0,0.22,0.4375,False
OC[C@@H]1CC[C@@]2([C@@H]([C@@]1(C)CC/C(=C/COC(=O)C)/C)CCC=C2C)C,"15-acetoxy-ent-3,13E-clerodadiene",0,0.22,0.27631578947368424,False
CCCCC(C(=C)C)CC,3-ethyl-2-methyl-1-heptene,0,0.22,0.1951219512195122,False
O=C1C2(C)CCC(C1(C)C)C2,fenchone,0,0.22,0.24489795918367346,False
Oc1ccc(cc1)c1coc2c(c1=O)c(O)cc(c2)O,isoflavone,0,0.2195165357757302,0.75,True
COC(=O)c1c(O)cc2c(c1C)C(=O)c1c(C2=O)cc(cc1O)O,laccaic,0,0.21866151065291825,0.2909090909090909,False
OC1CC2C(C1(C)CC2)(C)C,endo-borneol,0,0.21752169277480046,0.34782608695652173,False
O[C@H]1C[C@@H]2C([C@@]1(C)CC2)(C)C,borneol,0,0.21752169277480046,0.34782608695652173,False
C=Cc1ccc(cc1)C,4-methylstyrene,0,0.21708322515460704,0.25,False
COc1ccc(cc1)c1oc2cc(OC)cc(c2c(=O)c1OC)O,"5-hydroxy-3,7,4'-trimethoxyflavone",0,0.21638586246464225,0.52,True
O=C1C=CC(=O)c2c1c(O)c(c(c2O)C)O,hydroxydroserone,0,0.2160377433018753,0.3235294117647059,False
COc1cc(/C=C/C(=O)O)ccc1O,ferulic,0,0.215097715878581,0.4318181818181818,False
C[C@@H]1CC[C@]2([C@@H]1[C@H]1[C@H](C1(C)C)CC[C@@H]2C)O,palustrol,0,0.21469230413979645,0.22,False
COc1c(c(O)cc(c1C)O)C(=O)C(C)C,pseudo-aspidinol,0,0.21391251162631406,0.2916666666666667,False
COC(=O)c1c(O)cccc1OC,methyl,0,0.21238079043133154,0.32608695652173914,False
CC1C=CC2C(C1)C2(C)C,4-carene,0,0.21094998676898652,0.22448979591836735,False
Cc1ccc(cc1)O,4-methylphenol,0,0.2101588310960887,0.3333333333333333,False
O=C(c1ccccc1)OCc1ccccc1,benzyl,0,0.21,0.3541666666666667,False
OC[C@@H](C#CC#CC#CC#CCCCCCCCC(=O)O)O,"17,18-dihydroxyoctadeca-9,11,13,15-tetraynoic",0,0.21,0.26666666666666666,False
CC(=O)OCCCc1ccccc1,3-phenylpropyl,0,0.21,0.3333333333333333,False
COc1cc(cc(c1O)OC)[C@H]1OC[C@H]2[C@@H]1CO[C@@H]2c1cc(OC)c(c(c1)OC)O,syringaresinol,0,0.21,0.32727272727272727,False
C/C(=C\COc1ccc(c(c1)O)C(=O)C(Cc1ccc(cc1)O)O)/CC=C(C)C,"alpha,4,2'-trihydroxy-4'-O-geranyldihydrochalcone",0,0.2089806256021748,0.421875,False
C/C=C/C(c1c[nH]c2c1cc(/C=C/C(=O)C)cc2)(C)C,"4-[3-(1,1-dimethyl-but-2-enyl)-1H-indol-5-yl]-but-3-en-2-one",0,0.207818642474618,0.24615384615384617,False
O=Cc1cccc(c1)O,3-hydroxybenzaldehyde,0,0.2062007383946332,0.3448275862068966,False
CCC(C(=O)c1c(O)cc(c(c1O)C)O)C,methyl,0,0.20562830825367207,0.2608695652173913,False
CC1=CCC(CC1)C(=C)C,limonene,0,0.20535051762260273,0.2,False
CC1=CC[C@@H](CC1)C(=C)C,limonene,0,0.20535051762260273,0.2,False
Oc1ccc(c2c1C(=O)c1c(C)occ1C2=O)O,"5,8-dihydroxy-1-methylnaphtho[2,3c]furan-4,9-dione",0,0.20507107982753023,0.3333333333333333,False
CC1=CCC2C(C1)C2(C)C,3-carene,0,0.2032515934646344,0.2708333333333333,False
CC1CCC2(C(C1C)C1=CCC3C(C1(CC2)C)(C)CCC1C3(C)CCC(=O)C1(C)C)C,alpha-amyrone,0,0.20295716639209224,0.7368421052631579,True
CCCCC/C=C/C=C/C(=O)NCC(C)C,"N-(2-methylpropyl)-2,4-decadienamide",0,0.20295716639209224,0.2608695652173913,False
C=CC(OC(=O)C)(CCC=C(C)C)C,linalyl,0,0.20102747567258156,0.2033898305084746,False
CC(CCC[C@H]([C@H]1CC[C@@H]2[C@]1(C)CC[C@H]1[C@H]2CC=C2[C@]1(C)CC[C@@H](C2)O)C)C,cholesterol,0,0.2,0.5,True
COC(=O)c1cc(OC)c2c(c1OC)c(O)c(c(c2)OC)OC,methyl,0,0.2,0.3275862068965517,False
CC[C@H](C(C)C)/C=C/[C@H]([C@H]1CC[C@@H]2[C@]1(C)CC[C@H]1[C@H]2CC=C2[C@]1(C)CC[C@@H](C2)O)C,stigmasterol,0,0.2,0.4696969696969697,False
O[C@H]1CCC2(C(=CCC3C2CCC2(C3CCC2C(/C=C/C(C(C)C)C)C)C)C1)C,"ergosta-5,22-dien-3beta-ol",0,0.2,0.5,True
COC(=O)c1cc(OC)c2c(c1O)c(O)c(c(c2)OC)OC,methyl,0,0.2,0.3275862068965517,False
CC[C@@H](C(C)C)/C=C/[C@H]([C@H]1CC[C@@H]2[C@]1(C)CC[C@H]1[C@H]2CC=C2[C@]1(C)CCC(C2)O)C,(24S)-24-ethylcholesta-5-(E)-22-dien-3-beta-ol,0,0.2,0.4696969696969697,False
O[C@H]1CC[C@]2(C(=CC[C@@H]3[C@@H]2CC[C@]2([C@H]3CC[C@@H]2[C@@H](/C=C\[C@@H](C(C)C)C)C)C)C1)C,"ergosta-5,22-dien-3beta-ol",0,0.2,0.5,True
O[C@H]1CC[C@]2(C(=CC[C@@H]3[C@@H]2CC[C@]2([C@H]3CC[C@@H]2[C@@H](/C=C/[C@@H](C(C)C)C)C)C)C1)C,"ergosta-5,22-dien-3beta-ol",0,0.2,0.5,True
OCc1c(OC)cc2c(c1OC)C(=O)c1c(C2=O)cccc1,damnacanthol-3-O-methyl,0,0.19925683052250467,0.2962962962962963,False
BrCCCCCCCCCCCCCCBr,"1,14-dibromotetradecane",0,0.19845502930124403,0.1,False
COCOc1c(O)cc2c(c1O)C(=O)c1c(C2=O)cccc1,"1,3-dihydroxy-2-methoxymethyl-9,10-anthraquinone",0,0.19772734574529277,0.2982456140350877,False
COc1c(OC)cc(cc1OC)O,"3,4,5-trimethoxyphenol",0,0.19506522782788355,0.40625,False
COc1cccc2c1c(O)c(c(c2)C)C(=O)C,2-acetyl-1-hydroxy-8-methoxy-3-methylnaphthalene,0,0.19469230413979643,0.3333333333333333,False
CCC(C/C=C/C/C=C/C/C=C/C=C/CCCCCCCCCCC/C=C/CC(CC(=O)O)O)O,urticifolene,0,0.19456452638270819,0.4418604651162791,False
Oc1cc(C)c2c(c1)C(=O)c1c(C2=O)c(O)cc(c1)O,deoxyerythrolaccin,0,0.19364466982326603,0.375,False
Oc1ccc(c(c1)C)C(=O)C,4-hydroxy-2-methylacetophenone,0,0.193513231409909,0.35135135135135137,False
COc1c2C(=O)c3ccccc3C(=O)c2cc(c1CO)O,damnacanthol,0,0.19316281936258456,0.2833333333333333,False
CC(C(=O)c1c(O)cc(c(c1O)C)O)C,methyl,0,0.19296252485732757,0.23684210526315788,False
C/C(=C\COc1ccc(cc1)/C=C/COC(=O)C)/CC=C(C)C,4-O-geranylcinnamyl,0,0.19131674248010852,0.43859649122807015,False
CCCCC(C=C)O,1-hepten-3-ol,0,0.19033807326490254,0.2,False
O[C@H]1CC[C@]2(C(=CC[C@@H]3[C@@H]2CC[C@]2([C@H]3CC[C@@H]2[C@@H](CC[C@H](C(C)C)C)C)C)C1)C,campesterol,0,0.19,0.5,True
CCCCCCCC(=O)OCc1ccccc1,benzyl,0,0.19,0.3333333333333333,False
COc1cc(ccc1OC(=O)C)C[C@H]([C@@H](Cc1ccc(c(c1)OC)OC(=O)C)COC(=O)C)COC(=O)C,(-)-seco-isolariciresinol,0,0.19,0.34782608695652173,False
CNCCc1ccc(cc1)OC,"O,N-dimethyltyramine",0,0.19,0.4117647058823529,False
CC(=O)OCC1(CCC[C@]2([C@H]1CC[C@@H]1[C@@H]2Cc2c([C@@H]1C)cco2)C)COC(=O)C,"18,19-di-acetoxyvoucapane",0,0.19,0.3037974683544304,False
COc1cc(=O)oc2c1c(C)c(cc2)OC,"4,6-dimethoxy-5-methylcoumarin",0,0.1885087226533646,0.4,False
CC(CNC(=O)/C=C/c1ccc2c(c1)OCO2)C,fagaramide,0,0.18597211928503007,0.43478260869565216,False
CCCCCCCCCCC,undecane,0,0.18514419045544894,0.23529411764705882,False
CCCCCCCCCCCCCCCCCCC,nonadecane,0,0.18514419045544894,0.23529411764705882,False
CCCCCCCCCCCCCCCCCCCCCCCCCCCCCC,triacontane,0,0.18514419045544894,0.23529411764705882,False
CCCCCCCCCCCCCCCCCCCCCCCC,tetracosane,0,0.18514419045544894,0.23529411764705882,False
CCCCCCCCCCCCCCCCCCCC,eicosane,0,0.18514419045544894,0.23529411764705882,False
CNCCc1ccc(cc1)O,N-methyltyramine,0,0.18315430582292108,0.48148148148148145,False
COc1cc(O)cc(c1C(=O)CCc1ccccc1)O,"2',4'-dihydroxy-6'-methoxydihydrochalcone",0,0.18250093821374974,0.6511627906976745,True
CC1=CC(=O)C2CC1C2(C)C,verbenone,0,0.18201233183856502,0.24,False
CC(=C)C1CC=C(C(=O)C1)C,carvone,0,0.18101163027558934,0.21568627450980393,False
CCCCCCCCCC(=O)C,2-undecanone,0,0.18,0.30303030303030304,False
CCCCCC1(C)CC1C,"cyclopropane-1,2-dimetbyl-1-pentyl",0,0.18,0.2653061224489796,False
CCCCCCCC(=O)C,2-nonanone,0,0.18,0.30303030303030304,False
CCCCCCCCC(=O)C,2-decanone,0,0.18,0.30303030303030304,False
CCCCCCC(=O)C,2-octanone,0,0.18,0.30303030303030304,False
CCCCCCCCCCC(=O)C,2-dodecanone,0,0.18,0.30303030303030304,False
COc1ccc(cc1)c1coc2c(c1=O)ccc(c2)OCC=C(C)C,maximaisoflavone,0,0.17749507336571835,0.48214285714285715,False
CCC(C(=O)c1c(O)cc(cc1O)O)C,phloroglucinol,0,0.17742196746051442,0.35,False
Cc1ccc(cc1)C,p-xylene,0,0.175395378730228,0.3333333333333333,False
COC1=C(C)C(=O)c2c(C1=O)c(OC)c(cc2)O,"6-hydroxy-3,5-dimethoxy-2-methyl-1,4-naphthoquinone",0,0.17508177752833728,0.2962962962962963,False
COc1cc(O)cc(c1C)O,methyl-phloroglucinol-2-methyl,0,0.17391112119189153,0.36585365853658536,False
COc1c(C(=O)CC(C)C)c(O)cc(c1C)O,isobutyryl-3-methylphloroglucinol-2-methyl,0,0.17193504918474597,0.3137254901960784,False
COC(=O)C1=COC2C3C1CC(O2)OC3C,sarracenin,0,0.17182866556836907,0.19402985074626866,False
CCCCCC(=O)C,heptan-2-one,0,0.17,0.2727272727272727,False
CCCCCCCCCCCCCCCCCCCCCCCCCCCCCCC(=O)CCCO,1-hydroxytetratriacontan-4-one,0,0.17,0.2777777777777778,False
O=C(c1c(O)c(C)c(c(c1O)C)O)/C=C/c1ccccc1,"3',5'-dimethyl-2',4',6'-trihydroxychalcone",0,0.16861727066015475,0.55,True
COC(=O)/C=C/c1ccc(cc1)O,methyl-p-coumarate,0,0.16666010970251283,0.4666666666666667,False
COc1cc2c(cc1C)C(=O)c1c(C2=O)cccc1,2-methoxy-3-methylanthraquinone,0,0.1662996641304124,0.36585365853658536,False
O=C1c2ccccc2C(=O)c2c1ccc(c2O)O,alizarin,0,0.16522312116101873,0.3023255813953488,False
CC1CC1(C)C,"cyclopropane-1,1,2-trimethyl",0,0.16514419045544895,0.18181818181818182,False
Oc1cc(O)c(c(c1)O)C(=O)C(C)C,phloroglucinol,0,0.16352841388633135,0.35135135135135137,False
Cc1cccc(c1)C,m-xylene,0,0.16320835466687134,0.3793103448275862,False
OC(=O)/C=C/c1ccc(c(c1)O)O,caffeic,0,0.16247873207647248,0.45454545454545453,False
O=C1C(C)(C)C(=O)CC(=O)C1(C)C,"3,3-dimethylfilicinic",0,0.1621870240633567,0.20454545454545456,False
COc1c(C(=O)/C=C/c2ccccc2)c(O)c(c(c1O)OC)OC,"3',6'-dihydroxy-2',4',5'-trimethoxychalcone",0,0.16167351142442413,0.6097560975609756,True
O=C1C=C(O)C(=O)C(=C1O)C,"2,5-dihydroxy-3-methyl-1,4-benzoquinone",0,0.16037398746699671,0.1951219512195122,False
OCCC#CC#CC#CC#CCCCCCCCC(=O)O,"18-hydroxyoctadeca-9,11,13,15-tetraynoic",0,0.16,0.3076923076923077,False
CCCCCCCCCCCCCCCCCCCCCCCCCCCCCCCCO,1-dotriacontanol,0,0.16,0.23529411764705882,False
CCCCCCO,1-hexanol,0,0.16,0.23529411764705882,False
CCCCCCCCO,n-octanol,0,0.16,0.23529411764705882,False
OC1O[C@H](C(=O)O)[C@@H]([C@@H]([C@H]1O)O)O,galacturonic,0,0.16,0.17073170731707318,False
COC(=O)c1cc(OC)c2c(c1O)c(O)c(c(c2)OC)O,parvinaphthol,0,0.16,0.2692307692307692,False
CCCCCCCO,1-heptanol,0,0.16,0.23529411764705882,False
CO[C@@H]1C[C@@H](C)CC(=O)c2c(C/C(=C\1)/C)occ2C,"2-methoxy-8,12-epoxygermacra-1(10),7,11-trien-6-one",0,0.15641330247569626,0.22727272727272727,False
COc1c2C(=O)c3ccccc3C(=O)c2cc(c1C)O,rubiadin-1-methyl,0,0.15316281936258455,0.32727272727272727,False
O=C1C[C@]2([C@@H]([C@H]1C)C2)C(C)C,thujone,0,0.15218702406335669,0.20833333333333334,False
CCCCCCCC(CCCCCCCCCCCCCCCCCCCCC(=O)CCCCCC)O,28-hydroxypentatriacontan-7-one,0,0.1517351377477042,0.2564102564102564,False
OCC(=C)[C@@H](CO)O,artabotriol,0,0.15102747567258157,0.0975609756097561,False
COC1=C(C)C(=O)c2c(C1=O)c(O)c(cc2)OC,"5-hydroxy-3,6-dimethoxy-2-methylnaphthalene-1,4-dione",0,0.15044574124658555,0.2978723404255319,False
CCCCCCCC/C=C/CCCCCCCCCC(=O)OC,11-eicosanoic,0,0.15,0.4444444444444444,False
CCCCCCCC/C=C\CCCCCCCC(=O)OC,oleic,0,0.15,0.4444444444444444,False
COC(=O)c1cc(OC)c2c(c1O)ccc(c2O)O,parvinaphthol,0,0.15,0.2830188679245283,False
Oc1cc(O)c2c(c1)oc(c(c2=O)O)c1cc(O)c(c(c1)O)O,myricetin,0,0.14719640141837395,1.0,True
CCC/C=C/CO,trans-2-hexen-1-ol,0,0.14494963748364245,0.27586206896551724,False
O=C1c2ccccc2C(=O)c2c1c(O)c(c(c2)O)C,rubiadin,0,0.14439058954042314,0.2777777777777778,False
CCC/C=C/CCC,(E)-4-octene,0,0.14321449973593825,0.28,False
OCC/C=C\CC,cis-3-hexen-1-ol,0,0.14252509732825921,0.4230769230769231,False
COc1ccc(cc1)/C=C/C(=O)c1c(O)cc(c(c1OC)OC)OC,"6'-hydroxy-2',3',4,4'-tetra-methoxychalcone",0,0.14228679521094498,0.5777777777777777,True
COc1cc(OC)c(c(c1C(=O)/C=C/c1ccccc1)O)OC,"2'-hydroxy-3',4',6'-trimethoxychalcone",0,0.14167351142442414,0.5909090909090909,True
C=CC(CC(=O)CC(C)C)C,dihydrotagetone,0,0.1410274756725816,0.18181818181818182,False
CCCCCCCCC#C/C=C\CCCCCC(=O)O,(Z)-7-octadecen-9-ynoic,0,0.14,0.475,False
COc1cc(oc(=O)c1)[C@H]([C@H](c1ccccc1)O)O,"(-)-6-styryl-7,8-dihydroxy-4-",0,0.14,0.3728813559322034,False
COc1cc(oc(=O)c1)[C@@H]([C@@H](c1ccccc1)O)O,"(+)-6-styryl-7,8-dihydroxy-4-",0,0.14,0.3728813559322034,False
CCCCCCCCCCc1cc(O)cc(c1)O,undecanyl,0,0.13538508607992095,0.4642857142857143,False
CCCCCCCCCc1cc(O)cc(c1)O,resorcinol,0,0.13538508607992095,0.4642857142857143,False
COC1=C(C)C(=O)c2c(C1=O)c(O)ccc2O,"5,8-dihydroxy-3-methoxy-2-methylnaphthalene-1,4-dione",0,0.13508177752833722,0.325,False
COc1cc(O)c(c(c1OC)O)C(=O)/C=C/c1ccccc1,"2',6'-dihydroxy-3',4'-dimethoxychalcone",0,0.13167351142442413,0.6511627906976745,True
COC1=CC(=CC(C1C(=O)/C=C/c1ccccc1)O)O,"2',4'-dihydroxy-6'-methoxydihydrochalcone",0,0.13154065147468363,0.4117647058823529,False
CCCCCCCCCCCCCCCC(=O)OC,palmitic,0,0.13,0.30357142857142855,False
CCCCCCCCCCCCCCCCCCCC(=O)OC,arachidic,0,0.13,0.30357142857142855,False
CCCCCCCCCCCCCC(=O)OC,myristic,0,0.13,0.30357142857142855,False
CCCCC/C=C\C/C=C\CCCCCCCC(=O)OC,linoleic,0,0.13,0.5277777777777778,True
CCCCCCCCCCCCCCCCCC(=O)OC,stearic,0,0.13,0.30357142857142855,False
COc1cc(/C=C/C(=O)O)cc(c1O)OC,sinapic,0,0.12487342557444615,0.3953488372093023,False
CC(CC(=O)c1c(O)cc(cc1O)O)C,phloroglucinol,0,0.12475618406416991,0.43243243243243246,False
CC(CC(=O)c1c(O)cc(c(c1O)C)O)C,methyl,0,0.12419029503516614,0.26666666666666666,False
CC(=O)C12CC3CC(C1)CC(C2)C3,1-adamantyl,0,0.1217351377477042,0.358974358974359,False
COc1cc(O)c(c(c1C(=O)/C=C/c1ccccc1)O)OC,"2',4'-dihydroxy-3',6'-dimethoxychalcone",0,0.12167351142442413,0.6136363636363636,True
CC(=CCc1cc(/C=C/C(=O)c2ccc(cc2O)O)ccc1O)C,licoagrochalcone,0,0.12122777017783858,1.0,True
O=C1CC(O)C(C(=C1C)O)(C)C,3-methylfilicinic,0,0.12045884279453378,0.2916666666666667,False
Cc1ccccc1,toluene,0,0.12044574124658554,0.2777777777777778,False
CCCCC[C@H]1O[C@H]1C/C=C\CCCCCCCC(=O)O,vernolic,0,0.11922517162997963,0.47619047619047616,False
CCOC(=O)CC(C)C,ethyl,0,0.11476794962881336,0.28205128205128205,False
OC1CC(O)C(CC1O)O,"cyclohexane-1,2,4,5-tetrol",0,0.11392216181106089,0.14634146341463414,False
CCCCC/C=C\C=C\C(CCCCCCCC(=O)O)O,"(10E,12Z)-9-hydroxy-10,12-octadecadienoic",0,0.11,0.4634146341463415,False
CC/C=C\C/C=C\C=C\C(CCCCCCCC(=O)O)O,"(10E,12Z,15Z)-9-hydroxy-10,12,15-octadecatrienoic",0,0.11,0.5789473684210527,True
COc1cc(O)cc(c1C(=O)/C=C/c1ccccc1)O,"2',4'-dihydroxy-6'-methoxychalcone",0,0.10357999815744248,0.725,True
OC(=O)/C=C/c1ccc(cc1)O,p-coumaric,0,0.09830509511152041,0.5666666666666667,True
COC(=O)c1ccc(cc1)O,4-hydroxymethylbenzoate,0,0.0925814728140575,0.37209302325581395,False
CCCCCC(=O)CCC,4-nonanone,0,0.0917351377477042,0.2647058823529412,False
COC(=O)CCCCCCc1ccccc1,methyl,0,0.09,0.3488372093023256,False
Oc1cc(C)c2c(c1)C(=O)c1c(C2=O)cccc1,"3-hydroxy-1-methyl-9,10-anthraquinone",0,0.08212689985037004,0.4,False
COc1ccccc1C,o-methyl,0,0.0817351377477042,0.38235294117647056,False
COc1ccccc1,anisole,0,0.08044574124658554,0.38461538461538464,False
C=Cc1ccccc1,styrene,0,0.08044574124658554,0.34615384615384615,False
COc1ccc(cc1O)/C=C/C(=O)O,isoferulic,0,0.07552080902455943,0.4782608695652174,False
Cc1ccccc1C,o-xylene,0,0.0717351377477042,0.32,False
OCc1ccccc1,benzyl,0,0.07,0.36,False
Cc1ccc2c(c1)C(=O)c1c(C2=O)cccc1,tectoquinone,0,0.07,0.38461538461538464,False
COc1cccc2c1C(=O)C(=C(C2=O)C)O,droserone-5-methyl,0,0.06671374648447294,0.3333333333333333,False
COC(=O)/C=C/c1ccccc1,methyl,0,0.06204976335898615,0.5,True
Oc1ccc(cc1)/C=C/c1cc(O)cc(c1)O,"3',4,5'-trihydroxystilbene",0,0.0612129000398547,1.0,True
COc1cc(O)c(c(c1)O)C(=O)/C=C/c1ccccc1,"2',6'-dihydroxy-4'-methoxychalcone",0,0.050445741246585546,1.0,True
CCCCC(=O)O,pentanoic,0,0.05,0.41379310344827586,False
CCCCCCCCCCCC(=O)O,dodecanoic,0,0.05,0.4827586206896552,False
CCCCCCCC(=O)O,octanoic,0,0.05,0.4827586206896552,False
CCCCCCCCCCCCCCCC(=O)O,hexadecanoic,0,0.05,0.4827586206896552,False
CCCCCCCCC(=O)O,nonanoic,0,0.05,0.4827586206896552,False
CCCCCCCCCC(=O)O,decanoic,0,0.05,0.4827586206896552,False
CCCCCCCCCCCCCCCCCC(=O)O,stearic,0,0.05,0.4827586206896552,False
CCCCCCCCCCCCCC(=O)O,myristic,0,0.05,0.4827586206896552,False
CCCCCCCCCCCCCCC(=O)O,pentadecanoic,0,0.05,0.4827586206896552,False
CCCCCCC(=O)O,heptanoic,0,0.05,0.4827586206896552,False
CCCCCCCCCCCCCCCCCCCC(=O)O,arachidic,0,0.05,0.4827586206896552,False
CCCCCC(=O)O,hexanoic,0,0.04,0.4482758620689655,False
OC(=O)/C=C/c1ccccc1,Trans-cinnamic,0,0.03175381193341375,0.5517241379310345,True
CCCCCC/C=C\CCCCCCCC(=O)O,palmitoleic,0,0.01,0.6896551724137931,True
CCCCCCCC/C=C/CCCCCCCC(=O)O,trans-9-octadecenoic,0,0.01,0.6896551724137931,True
CCCCCCCC/C=C\CCCCCCCC(=O)O,oleic,0,0.01,0.6896551724137931,True
CCCCC/C=C\C/C=C\CCCCCCCC(=O)O,linoleic,0,0.0,0.7931034482758621,True
CC/C=C\C/C=C\C/C=C\CCCCCCCC(=O)O,alpha-linolenic,0,0.0,1.0,True
