{
  "r2": -1.658856992184952,
  "rmse": 1.2103540531403896,
  "mae": 0.9980973749368929
}