{
  "auc": 0.5563423645320197,
  "accuracy": 0.455,
  "precision": 0.6521739130434783,
  "recall": 0.12931034482758622,
  "f1": 0.21582733812949645,
  "mcc": 0.05271314096679185
}