{
  "r2": -0.6935730437674352,
  "rmse": 1.7237755865072601,
  "mae": 1.3909028444275089
}