{
  "auc": 0.4495007680491551,
  "accuracy": 0.5673076923076923,
  "precision": 0.46153846153846156,
  "recall": 0.42857142857142855,
  "f1": 0.4444444444444445,
  "mcc": 0.09107651110783745
}