smiles,molecule_chembl_id,class,pIC50
Brc1cc(Br)c2oc(Cn3ccnc3)cc2c1,CHEMBL5403643,intermediate,5.094000237913461
Brc1ccc(-c2csc(-c3cccnc3)n2)cn1,CHEMBL1957220,intermediate,5.130181792020672
Brc1ccc(-c2csc(-c3ccncc3)n2)cn1,CHEMBL1957219,intermediate,5.571865205971212
Brc1ccc(-c2nc(-c3cccnc3)cs2)cc1,CHEMBL1957212,intermediate,5.101274818410507
Brc1ccc(-c2nsc(-c3ccc(Br)cc3)n2)cc1,CHEMBL1939521,inactive,4.301029995663981
Brc1ccc(C(c2ccc(Br)cc2)n2ccnc2)cc1,CHEMBL436369,active,8.051000545973046
Brc1ccc(C2CCCc3cncn32)cc1,CHEMBL350338,active,8.119015009513246
Brc1ccc(C2CCCc3cncn32)cc1.Cl,CHEMBL1203766,active,8.119186407719209
Brc1ccc(Cn2ccnc2)cc1,CHEMBL211207,active,6.470005326930858
Brc1ccc2[nH]c(-c3ccccc3)cc2c1,CHEMBL4204862,inactive,4.401100112936117
Brc1ccc2c(c1)CC/C2=C/c1c[nH]cn1,CHEMBL174579,active,7.0
Brc1ccc2c(c1)CC/C2=C/c1cccnc1,CHEMBL176118,intermediate,5.132532512140949
Brc1ccc2c(c1)CC/C2=C/c1ccncc1,CHEMBL179222,intermediate,5.468521082957745
Brc1ccc2c(c1)CC/C2=C\c1c[nH]cn1,CHEMBL177293,active,7.568636235841013
Brc1ccc2c(c1)CC/C2=C\c1cccnc1,CHEMBL194440,intermediate,5.106238237942057
Brc1ccc2c(c1)CC/C2=C\c1ccncc1,CHEMBL366773,intermediate,5.468521082957745
Brc1ccc2cc(-c3cccnc3)ccc2c1,CHEMBL193534,inactive,4.443697499232712
Brc1ccc2oc(Cn3ccnc3)cc2c1,CHEMBL5434747,intermediate,5.407999884206644
Brc1cccc(-c2nc(-c3cccnc3)ns2)c1,CHEMBL1957208,intermediate,5.171984935776023
Brc1cccc(-c2nsc(-c3cccc(Br)c3)n2)c1,CHEMBL1939531,inactive,4.301029995663981
Brc1cccc(Cn2cc(Cn3ccnc3)c3ccccc32)c1,CHEMBL5434222,active,7.145997766873011
Brc1ccccc1-c1nsc(-c2ccccc2Br)n1,CHEMBL1939523,inactive,4.301029995663981
Brc1ccccc1Cn1cc(Cn2ccnc2)c2ccccc21,CHEMBL5395094,active,7.171018045992077
C#CC(O)C12CCCC=C1CCC1C3CCC(=O)C3(C)CCC12,CHEMBL82981,inactive,4.207608310501746
C#CC(O)[C@]12CCCC=C1CC[C@@H]1[C@@H]2CC[C@]2(C)C(=O)CC[C@@H]12,CHEMBL5288513,inactive,4.207999982526157
C#CCN1C(=O)C2CC2(c2ccc(N)cc2)C1=O,CHEMBL176539,intermediate,5.698970004336019
C#CCOc1ccc(C(=O)c2ccc(Cn3ccnc3)cc2)cc1,CHEMBL5271144,active,6.6777807052660805
C#CCOc1ccc(C(=O)c2cccc(Cn3ccnc3)c2)cc1,CHEMBL5271071,active,6.187086643357144
C#CCOc1ccc2cc(C(c3ccc(Cl)cc3)n3cncn3)oc2c1,CHEMBL5197552,active,8.987162775294827
C#CCSCC[C@]12CCC(=O)C=C1CCC1C2=CC[C@]2(C)C(=O)CCC12,CHEMBL424162,active,6.0
C#CC[C@@H]1CC2C(CCC3(C)C(=O)CCC23)C2CCC(=O)C=C21,CHEMBL109211,active,6.560667306169737
C#CC[C@@H]1CC2C3CCC(=O)C3(C)CCC2C2(C)CCC(=O)C=C12,CHEMBL113082,active,7.508638306165727
C#CC[C@H]1CC2C(CCC3(C)C(=O)CCC23)C2CCC(=O)C=C21,CHEMBL113739,active,6.726998727936262
C#CC[C@H]1CC2C3CCC(=O)C3(C)CCC2C2(C)CCC(=O)C=C12,CHEMBL113121,active,6.7544873321858505
C#CC[C@]12CCC(=O)C=C1CC[C@@H]1[C@@H]2CC[C@]2(C)C(=O)CC[C@@H]12,CHEMBL2105261,active,7.250263684430939
C#CSCC[C@]12CCC(=O)C=C1CCC1C2=CC[C@]2(C)C(=O)CCC12,CHEMBL350713,active,6.481486060122113
C#C[C@@H]1CC2C3CCC(=O)C3(C)CCC2C2(C)CCC(=O)C=C12,CHEMBL25700,intermediate,5.721246399047171
C#C[C@@H]1C[C@@H]2[C@H](CC[C@]3(C)C(=O)CC[C@@H]23)[C@@]2(C)CCC(=O)C=C12,CHEMBL5279060,intermediate,5.720999607054854
C#C[C@]12CCC(=O)C=C1CC[C@@H]1[C@@H]2CC[C@]2(C)C(=O)CC[C@@H]12,CHEMBL5285796,active,6.0
C#Cc1c(-c2ccccc2)[nH]c2ccccc12,CHEMBL4210489,intermediate,5.79317412396815
C(=C(c1ccccc1)c1ccccc1)c1cccnc1,CHEMBL370317,intermediate,5.440093374963888
C(=C(c1ccccc1)c1ccccc1)c1ccncc1,CHEMBL381194,active,7.0
C(=C/c1ccccc1)\CCN(Cc1cccc2ccccc12)n1cncn1,CHEMBL491010,inactive,4.884722408604099
C(=C1/CCCc2ccccc21)\c1c[nH]cn1,CHEMBL367719,active,6.721246399047171
C(=C1/CCCc2ccccc21)\c1cccnc1,CHEMBL365120,intermediate,5.421360790031928
C(=C1/CCc2ccccc21)\c1c[nH]cn1,CHEMBL178036,active,6.886056647693163
C(=C1/CCc2ccccc21)\c1cccnc1,CHEMBL363621,intermediate,5.449771646944906
C(=C1/CCc2ccccc21)\c1ccncc1,CHEMBL179149,inactive,4.895171596346344
C(=C1\CC(c2ccccc2)c2ccccc21)\c1cccnc1,CHEMBL193555,intermediate,5.391473966422806
C(=C1\CCCc2ccccc21)\c1c[nH]cn1,CHEMBL362187,active,6.645891560852599
C(=C1\CCCc2ccccc21)\c1cccnc1,CHEMBL193606,intermediate,5.181774106386045
C(=C1\CCCc2ccccc21)\c1ccncc1,CHEMBL360026,active,6.187086643357144
C(=C1\CCc2cc(OCc3ccccc3)ccc21)\c1cccnc1,CHEMBL177268,inactive,4.443697499232712
C(=C1\CCc2ccccc21)\c1c[nH]cn1,CHEMBL177468,active,6.019996628416254
C(=C1\CCc2ccccc21)\c1cccnc1,CHEMBL364080,intermediate,5.690369832574101
C(=C1\CCc2ccccc21)\c1ccncc1,CHEMBL175962,intermediate,5.173925197299173
C(=C1c2ccccc2-c2ccccc21)c1cccnc1,CHEMBL194928,intermediate,5.317854923626168
C(=C1c2ccccc2-c2ccccc21)c1ccncc1,CHEMBL383145,intermediate,5.562249437179612
C(\Cn1ccnc1)=C1/CCCc2occc21,CHEMBL56059,intermediate,5.619788758288394
C(\Cn1ccnc1)=C1/CCCc2sccc21,CHEMBL55558,intermediate,5.4089353929735005
C(\Cn1ccnc1)=C1\CCCc2occc21,CHEMBL55083,intermediate,5.620000528471499
C(\Cn1ccnc1)=C1\CCCc2sccc21,CHEMBL57513,active,6.167491087293763
C/C(=C(/c1ccc(O)cc1)c1ccc(OCCN)cc1)c1ccccc1,CHEMBL3422035,active,6.4723700991286615
C/C(=C\Cc1c(O)ccc(C(=O)/C=C/c2ccc(O)cc2O)c1O)COC(=O)/C=C/c1ccc(O)cc1,CHEMBL514745,active,6.301029995663981
C/C=C1\CC[C@@]2(C)[C@@H](CC[C@@H]3[C@@H]2CC[C@]2(C)C4=NN(C)[C@H](c5ccc(OC)cc5)[C@H]4C[C@@H]32)C1,CHEMBL5286506,intermediate,5.469000348574053
C/C=C1\CC[C@@]2(C)[C@@H](CC[C@@H]3[C@@H]2CC[C@]2(C)C4=NN(C)[C@H](c5ccccc5)[C@H]4C[C@@H]32)C1,CHEMBL5276018,intermediate,5.4549998439304295
C/C=C1\CC[C@@]2(C)[C@@H](CC[C@@H]3[C@@H]2CC[C@]2(C)C4=NN(c5ccccc5)[C@H](c5ccc(OC)cc5)[C@H]4C[C@@H]32)C1,CHEMBL5288360,intermediate,5.491000554449886
C/C=C1\CC[C@@]2(C)[C@@H](CC[C@@H]3[C@@H]2CC[C@]2(C)C4=NN(c5ccccc5)[C@H](c5ccccc5)[C@H]4C[C@@H]32)C1,CHEMBL5287070,intermediate,5.4760000520149
C1=C(CCCn2ccnc2)c2cccnc2CC1,CHEMBL53290,active,6.657992070982661
C1=C(CCn2ccnc2)c2cccnc2CC1,CHEMBL293122,active,6.301029995663981
C1=C(Cn2ccnc2)c2cccnc2CC1,CHEMBL53068,active,6.770011163455189
C1=C(c2cccnc2)CCc2ccccc21,CHEMBL205881,active,8.390085589914003
C1=C(c2cccnc2)Cc2ccccc21,CHEMBL205782,inactive,4.443697499232712
C1=NC=NC1C(CCCCc1ccccc1)c1ccccc1,CHEMBL5413133,inactive,4.602000062824431
C1=NC=NC1C(CCc1ccccc1)c1ccccc1,CHEMBL5433928,intermediate,5.346999859889158
C1=NC=NC1C(c1ccccc1)c1ccccc1,CHEMBL5394232,inactive,4.602000062824431
C1=NC=NC1CC(CCc1ccccc1)c1ccccc1,CHEMBL5427371,intermediate,5.259999900311453
C1=NC=NC1CC(Cc1ccccc1)c1ccccc1,CHEMBL5406470,inactive,4.346999956446259
C1=NC=NC1CC(c1ccccc1)c1ccccc1,CHEMBL5401807,inactive,4.310000017174303
C1=NC=NC1CCC(Cc1ccccc1)c1ccccc1,CHEMBL5431500,intermediate,5.1250001212330245
C1=NC=NC1CCC(c1ccccc1)c1ccccc1,CHEMBL5395683,inactive,4.823999952363053
C1=NC=NC1CCCC(Cc1ccccc1)c1ccccc1,CHEMBL5427725,intermediate,5.328000100377192
C1=NC=NC1CCCC(c1ccccc1)c1ccccc1,CHEMBL5438581,intermediate,5.699000406013823
C1=NC=NC1CCCCC(c1ccccc1)c1ccccc1,CHEMBL5396276,intermediate,5.770000934050708
C1=NC=NC1CCCCCC(c1ccccc1)c1ccccc1,CHEMBL5414163,inactive,4.838999956097505
C1=NC=NC1CCCCCc1ccccc1,CHEMBL5421931,inactive,4.30100003037852
C1=NC=NC1CCCCc1ccccc1,CHEMBL5419141,inactive,4.9210001097592295
C1=NC=NC1CCCc1ccccc1,CHEMBL5438618,inactive,4.455999959081013
C1=NC=NC1CCc1ccccc1,CHEMBL5405854,inactive,3.5230000027495114
C1=NC=NC1Cc1ccccc1,CHEMBL5426228,inactive,3.397999999740579
C=C(C)[C@@H]1CC[C@]2(C)[C@H](CC=C3[C@@H]4[C@@H](C)[C@H](C)CC[C@]4(C(=O)O)CC[C@]32C)[C@@]1(C)CCC#N,CHEMBL486853,inactive,3.3010299956639813
C=C(c1cc2c3c(c1)CCN3C(=O)CC2)n1ccnc1,CHEMBL2163641,active,7.769551078621726
C=C(c1ccc(C#N)cc1)n1ccnc1,CHEMBL31760,active,9.155026061853112
C=C(c1cccnc1)c1cc2c3c(c1)CCN3C(=O)CC2,CHEMBL2312966,intermediate,5.301029995663981
C=C(c1ccncc1)c1cc2c3c(c1)CCN3C(=O)CC2,CHEMBL2312949,active,6.247951552180561
C=C1C(=O)O[C@@H]2[C@H]3C(C)=CC(=O)C3=C(C)CC[C@@H]12,CHEMBL441260,active,7.823908740944319
C=C1C(=O)O[C@@H]2[C@H]3C(C)=CC[C@H]3CCC[C@@H]12,CHEMBL1099308,active,8.154901959985743
C=C1C(=O)O[C@H]2[C@H]1CCC(C)=C1C[C@H]3O[C@@]3(C)[C@@H]12,CHEMBL1097764,active,7.259637310505756
C=C1C[C@@H]2[C@H](CC[C@]3(C)C(=O)CC[C@@H]23)[C@@]2(C)C=CC(=O)C=C12,CHEMBL1200374,active,7.823908740944319
C=C1C[C@@H]2[C@H](CC[C@]3(C)C(=O)CC[C@@H]23)[C@]2(C)C1=CC(=O)[C@@H]1O[C@@H]12,CHEMBL3407537,active,6.091514981121351
C=C1C[C@@]2(C)C(=CC1=O)CC[C@@H]1[C@@H]2CC[C@]2(C)C(=O)CC[C@@H]12,CHEMBL3753307,active,6.260000690598032
C=C1C[C@H]2[C@@H]3CC[C@H](O)[C@@]3(C)CC[C@@H]2[C@@]2(C)C=CC(=O)C=C12,CHEMBL3407538,active,7.0
C=CCN(c1ccc(C(=O)NCCCn2ccnc2)cc1)S(C)(=O)=O,CHEMBL1538978,intermediate,5.6020599913279625
C=CCN1C(=O)C2CC2(c2ccc(N)cc2)C1=O,CHEMBL176452,active,6.155001238642457
C=CCOC(=O)N1Cc2[nH]c3ccccc3c2C[C@H]1C(=O)OC,CHEMBL1915151,inactive,4.348721986001856
C=CCSCC[C@]12CCC(=O)C=C1CCC1C2=CC[C@]2(C)C(=O)CCC12,CHEMBL351526,active,6.568636235841013
C=CCSc1oc2cc(OC)ccc2c(=O)c1-c1ccccc1,CHEMBL264724,inactive,4.0
C=CCSc1oc2cc(OCc3ccccc3)ccc2c(=O)c1-c1ccc(OC)cc1,CHEMBL185966,inactive,4.0
C=CC[C@@H]1CC2=C(O)C(=O)CC[C@]2(C)[C@H]2CC[C@]3(C)C(=O)CC[C@H]3[C@H]12,CHEMBL4454575,active,6.958607314841775
C=CC[C@@H]1CC2=CC(=O)C=C[C@]2(C)[C@H]2CC[C@]3(C)C(=O)CC[C@H]3[C@H]12,CHEMBL3623223,active,6.327902142064283
C=CC[C@@H]1CC2=CC(=O)C=C[C@]2(C)[C@H]2CC[C@]3(C)[C@@H](O)CC[C@H]3[C@H]12,CHEMBL3819549,active,6.346787486224656
C=CC[C@@H]1CC2=CC(=O)CC[C@]2(C)[C@H]2CC[C@]3(C)C(=O)CC[C@H]3[C@H]12,CHEMBL3818728,active,6.229147988357855
C=CC[C@@H]1CC2=CCCC[C@]2(C)[C@H]2CC[C@]3(C)C(=O)CC[C@H]3[C@H]12,CHEMBL3818338,active,6.1249387366083
C=CC[C@H]1C[C@@H]2[C@H](CC[C@]3(C)C(=O)CC[C@@H]23)[C@@]2(C)C=CC(=O)C=C12,CHEMBL4575994,active,7.259637310505756
C=CC[C@H]1C[C@@H]2[C@H](CC[C@]3(C)C(=O)CC[C@@H]23)[C@@]2(C)CCC(=O)C(O)=C12,CHEMBL4468497,active,6.2839966563652006
C=CC[C@H]1C[C@@H]2[C@H](CC[C@]3(C)C(=O)CC[C@@H]23)[C@@]2(C)CCC(=O)C=C12,CHEMBL4514728,active,6.978810700930062
C=CC[C@H]1C[C@@H]2[C@H](CC[C@]3(C)C(=O)CC[C@@H]23)[C@@]2(C)CCCC=C12,CHEMBL4520056,active,6.6777807052660805
C=CC[C@]12CCC(=O)C=C1CC[C@@H]1[C@@H]2CC[C@]2(C)C(=O)CC[C@@H]12,CHEMBL5283443,intermediate,5.7450002209360775
C=CSCC[C@]12CCC(=O)C=C1CCC1C2=CC[C@]2(C)C(=O)CCC12,CHEMBL164543,active,7.301029995663981
C=C[C@@H]1CC2C3CCC(=O)C3(C)CCC2C2(C)CCC(=O)C=C12,CHEMBL24410,active,6.494850021680094
C=C[C@@H]1C[C@@H]2[C@H](CC[C@]3(C)C(=O)CC[C@@H]23)[C@@]2(C)CCC(=O)C=C12,CHEMBL3753920,active,6.49499933607313
C=C[C@@]1(C)CC(=O)C2=C(CC[C@H]3C(C)(C)CCC[C@]23C)C1,CHEMBL4874928,intermediate,5.102372908709558
C=C[C@]1(C)C=C2CC[C@H]3C(C)(C)CCC[C@]3(C)[C@H]2CC1,CHEMBL4863718,inactive,4.982966660701219
C=C[C@]12CCC(=O)C=C1CC[C@@H]1[C@@H]2CC[C@]2(C)C(=O)CC[C@@H]12,CHEMBL5281692,active,7.0
CC#CCO[C@@H]1C[C@@H]2[C@H](CC[C@]3(C)C(=O)CC[C@@H]23)[C@@]2(C)C=CC(=O)C=C12,CHEMBL2179109,active,6.949620243738543
CC#CCOc1ccc2cc(C(O)(c3ccc(Br)cc3)c3cccnc3)oc2c1,CHEMBL5283822,active,9.080921907623926
CC#CCOc1ccc2cc(C(O)(c3ccc(Cl)cc3)c3cccnc3)oc2c1,CHEMBL5272700,active,8.978810700930062
CC#CCOc1ccc2cc(C(O)(c3ccc(F)cc3)c3cccnc3)oc2c1,CHEMBL5270023,active,8.0
CC#CCOc1ccc2cc(C(O)(c3cccnc3)c3ccc(Cl)cc3Cl)oc2c1,CHEMBL5287457,active,8.0
CC#CCOc1ccc2cc(C(c3ccc(C#N)cc3)n3cncn3)oc2c1,CHEMBL5203413,active,10.045757490560677
CC#CCOc1ccc2cc(C(c3ccc(Cl)cc3)n3cncn3)oc2c1,CHEMBL5174567,active,9.275724130399212
CC#CCOc1ccc2cc(C(c3ccc(F)cc3)n3cncn3)oc2c1,CHEMBL5173597,active,8.387216143280265
CC(=C(c1ccc(N)cc1)c1ccc(N)cc1)c1ccc(N)cc1,CHEMBL3916057,active,6.7517814388099255
CC(=C(c1ccc(N)cc1)c1ccc(N)cc1)c1ccc([N+](=O)[O-])cc1,CHEMBL3984531,active,6.656000930942839
CC(=C(c1ccc(N)cc1)c1ccc(NCC(N)=O)cc1)c1ccc([N+](=O)[O-])cc1,CHEMBL3961033,active,6.190238334892875
CC(=C(c1ccc(O)cc1)c1ccc(O)cc1)c1c[nH]cn1,CHEMBL5082681,active,6.224753740259764
CC(=C(c1ccc(O)cc1)c1ccc(O)cc1)c1ccc(N)cc1,CHEMBL3977491,active,6.638272163982407
CC(=C(c1ccc(O)cc1)c1ccc(O)cc1)c1cccnc1,CHEMBL5077976,inactive,5.0
CC(=C(c1ccc(O)cc1)c1ccc(OCC(N)=O)cc1)c1ccc([N+](=O)[O-])cc1,CHEMBL3925065,intermediate,5.012155049828702
CC(=O)N1CCN(c2ccc(/C=C/c3cc(F)cc(-c4ccncc4)c3)cc2)CC1,CHEMBL4129721,inactive,5.0
CC(=O)N1CCN(c2ccc(CO[C@H]3CO[C@](Cn4ccnc4)(c4ccc(Cl)cc4Cl)OC3)cc2)CC1,CHEMBL4289930,active,6.455931955649724
CC(=O)N1CCN(c2ccc(OCC3COC(Cn4ccnc4)(c4ccc(Cl)cc4Cl)O3)cc2)CC1,CHEMBL157101,active,7.397940008672037
CC(=O)N1CCN(c2ccc(OC[C@@H]3CO[C@](Cn4ccnc4)(c4ccc(Cl)cc4Cl)O3)cc2)CC1,CHEMBL328863,inactive,4.416801226031377
CC(=O)N1CCN(c2ccc(OC[C@H]3CO[C@@](Cn4ccnc4)(c4ccc(Cl)cc4Cl)O3)cc2)CC1,CHEMBL319160,intermediate,5.400116927926312
CC(=O)N1CCN(c2ccc(OC[C@H]3CO[C@](Cn4ccnc4)(c4ccc(Cl)cc4Cl)O3)cc2)CC1,CHEMBL75,active,6.021600336101002
CC(=O)N1N=C2[C@H](C[C@H]3[C@@H]4CCC5=CC(=O)C=C[C@]5(C)[C@H]4CC[C@]23C)[C@H]1c1ccccc1,CHEMBL5270376,intermediate,5.540999760731306
CC(=O)N1N=C2[C@H](C[C@H]3[C@@H]4CC[C@H]5CC(=O)CC[C@]5(C)[C@H]4CC[C@]23C)[C@H]1c1ccccc1,CHEMBL5272564,intermediate,5.308999890435177
CC(=O)N1N=C2[C@H](C[C@H]3[C@@H]4CC[C@H]5C[C@@H](OC(=O)C(F)(F)F)CC[C@]5(C)[C@H]4CC[C@]23C)[C@H]1c1ccccc1,CHEMBL5265808,intermediate,5.18199989259516
CC(=O)N1[C@H]2[C@@H]3[C@H](CC[C@]4(C)C(=O)CC[C@@H]34)[C@@]3(C)CCC(=O)C=C3[C@H]21,CHEMBL5288430,inactive,4.190000019529944
CC(=O)Nc1ccc(N(C)S(C)(=O)=O)c(OCc2ccccc2)c1,CHEMBL272456,inactive,4.778064400171995
CC(=O)Nc1ccc([N+](=O)[O-])cc1OCc1ccccc1,CHEMBL404981,intermediate,5.928117992693875
CC(=O)OC1=C2C=C[C@@H]3[C@H](CC[C@]4(C)C(=O)CC[C@@H]34)[C@@]2(C)CCC1=O,CHEMBL5281414,intermediate,5.0970001384638906
CC(=O)OC1=C2CC[C@@H]3[C@H](CC[C@]4(C)C(=O)CC[C@@H]34)[C@@]2(C)CCC1,CHEMBL1630264,active,6.180456064458132
CC(=O)OC1=C2CC[C@@H]3[C@H](CC[C@]4(C)C(=O)CC[C@@H]34)[C@@]2(C)CCC1=O,CHEMBL5280814,intermediate,5.824001400317809
CC(=O)OC1=C2CC[C@@H]3[C@H](CC[C@]4(C)C(=O)CC[C@@H]34)[C@@]2(CO)CCC1,CHEMBL1630265,intermediate,5.444000404604937
CC(=O)OC1CCC2C3CCC4=CCCCC4(CO)C3CCC12C,CHEMBL81255,inactive,4.0
CC(=O)OC1CCC[C@@]2(C)C1=CC[C@@H]1[C@@H]2CC[C@]2(C)C(=O)CC[C@@H]12,CHEMBL1630270,active,6.0
CC(=O)OC1CCC[C@@]2(CO)C1=CC[C@@H]1[C@@H]2CC[C@]2(C)C(=O)CC[C@@H]12,CHEMBL1630271,inactive,4.958607314841775
CC(=O)OC1CCC[C@]2(C)C1=CC[C@H]1[C@@H]3CCC(=O)[C@@]3(C)CC[C@@H]12,CHEMBL1630269,active,6.154901959985743
CC(=O)OC1CC[C@H]2[C@@H]3CCC4=CCCC[C@]4(CO)[C@H]3CC[C@]12C,CHEMBL5288111,inactive,4.0
CC(=O)OC1C[C@@]2(C)C(=CC1=O)C(=O)C[C@@H]1[C@@H]2CC[C@]2(C)C(=O)CC[C@@H]12,CHEMBL5289192,inactive,4.619999985338959
CC(=O)OC1[C@@H]2[C@H](CC[C@]3(C)C(=O)CC[C@@H]23)[C@@]2(C)CCC(=O)C=C2[C@@H]1N=[N+]=[N-],CHEMBL5287129,active,6.3980051577306245
CC(=O)OCC12CCCC=C1CCC1C2CCC2(C)C(O)CCC12,CHEMBL443530,inactive,4.356547323513812
CC(=O)OCC12CCCC=C1CCC1C2CCC2(C)C(OC(C)=O)CCC12,CHEMBL311077,inactive,4.42021640338319
CC(=O)OCC12CCCC=C1CCC1C3CCC(=O)C3(C)CCC12,CHEMBL309656,intermediate,5.3979400086720375
CC(=O)OC[C@]12CCCC=C1CC[C@@H]1[C@@H]2CC[C@]2(C)C(=O)CC[C@@H]12,CHEMBL3752805,intermediate,5.397999728269116
CC(=O)OC[C@]12CCCC=C1CC[C@@H]1[C@@H]2CC[C@]2(C)C(O)CC[C@@H]12,CHEMBL5278365,inactive,4.357000015253532
CC(=O)OC[C@]12CCCC=C1CC[C@@H]1[C@@H]2CC[C@]2(C)C(OC(C)=O)CC[C@@H]12,CHEMBL5268507,inactive,4.419999995796937
CC(=O)O[C@@H]1C(=O)C2=CC(=O)CC[C@]2(C)[C@H]2CC[C@]3(C)C(=O)CC[C@H]3[C@H]12,CHEMBL5277564,intermediate,5.276000363966554
CC(=O)O[C@@H]1C=C2C(=O)C[C@@H]3[C@H](CC[C@]4(C)C(=O)CC[C@@H]34)[C@@]2(C)CC1,CHEMBL3752351,intermediate,5.769551078621726
CC(=O)O[C@@H]1CC2C3CCC(=O)C3(C)CCC2C2(C)CCCC=C12,CHEMBL304770,active,9.585026652029182
CC(=O)O[C@@H]1CCC[C@@]2(C)C1=CC[C@@H]1[C@@H]2CC[C@]2(C)C(=O)CC[C@@H]12,CHEMBL2111917,active,6.155001238642457
CC(=O)O[C@@H]1CCC[C@@]2(CO)C1=CC[C@@H]1[C@@H]2CC[C@]2(C)C(=O)CC[C@@H]12,CHEMBL5286286,inactive,4.958999936548504
CC(=O)O[C@@H]1C[C@@H]2[C@H](CC[C@]3(C)C(=O)CC[C@@H]23)[C@@]2(C)C=CC(=O)C=C12,CHEMBL5284524,intermediate,5.300999596114219
CC(=O)O[C@@H]1C[C@@H]2[C@H](CC[C@]3(C)C(=O)CC[C@@H]23)[C@@]2(C)CCC(=O)C=C12,CHEMBL5282019,inactive,4.698999971689156
CC(=O)O[C@@H]1C[C@@H]2[C@H](CC[C@]3(C)C(=O)CC[C@@H]23)[C@@]2(C)CCCC=C12,CHEMBL3754729,active,6.920999747696151
CC(=O)O[C@H]1C2=CC(=O)CC[C@]2(C)[C@H]2CC[C@]3(C)C(=O)CC[C@H]3[C@@H]2C1N=[N+]=[N-],CHEMBL5291168,inactive,4.635999960586927
CC(=O)O[C@H]1CC2C3CCC(=O)C3(C)CCC2C2(C)CCCC=C12,CHEMBL72228,active,9.795880017344077
CC(=O)O[C@H]1CCC[C@@]2(C)C1=CC(=O)[C@@H]1[C@@H]2CC[C@]2(C)C(=O)CC[C@@H]12,CHEMBL5291132,inactive,4.021999997101801
CC(=O)O[C@H]1CCC[C@@]2(C)C1=CC[C@@H]1[C@@H]2CC[C@]2(C)C(=O)CC[C@@H]12,CHEMBL2112739,active,6.0
CC(=O)O[C@H]1CCC[C@@]2(CO)C1=CC[C@@H]1[C@@H]2CC[C@]2(C)C(=O)CC[C@@H]12,CHEMBL2112738,inactive,4.958607314841775
CC(=O)O[C@H]1CC[C@@]2(C)C(=C/C(=N\OCCCn3ccnc3)[C@H]3[C@@H]4CC[C@H](OC(C)=O)[C@@]4(C)CC[C@@H]32)C1,CHEMBL3752381,inactive,4.920818753952375
CC(=O)O[C@H]1CC[C@]2(C)[C@H]3CC=C4[C@@H]5[C@@H](C)[C@H](C)CC[C@]5(C(=O)NCCCN5CCN(CCCN)CC5)CC[C@@]4(C)[C@]3(C)CC[C@H]2C1(C)C,CHEMBL270215,inactive,3.3010299956639813
CC(=O)O[C@H]1CC[C@]2(C)[C@H]3CC=C4[C@@H]5[C@@H](C)[C@H](C)CC[C@]5(C(=O)O)CC[C@@]4(C)[C@]3(C)CC[C@H]2C1(C)C,CHEMBL410525,active,7.369572124974976
CC(=O)O[C@H]1C[C@@H]2[C@H](CC[C@]3(C)C(=O)CC[C@@H]23)[C@@]2(C)C=CC(=O)C=C12,CHEMBL5268117,intermediate,5.958998355870358
CC(=O)O[C@H]1C[C@@H]2[C@H](CC[C@]3(C)C(=O)CC[C@@H]23)[C@@]2(C)CCC(=O)C=C12,CHEMBL5274290,intermediate,5.397999728269116
CC(=O)O[C@H]1C[C@@H]2[C@H](CC[C@]3(C)C(=O)CC[C@@H]23)[C@@]2(C)CCCC=C12,CHEMBL3754779,active,6.720995038155098
CC(=O)O[C@H]1[C@@H](n2ccnc2)C[C@H]2[C@@H]3CC=C4C[C@@H](N5CCCC5)CC[C@]4(C)[C@H]3CC[C@@]21C,CHEMBL5282873,intermediate,5.309999839831227
CC(=O)O[C@H]1[C@@H]2[C@H](CC[C@]3(C)C(=O)CC[C@@H]23)[C@@]2(C)CCC(=O)C=C2[C@@H]1N=[N+]=[N-],CHEMBL3753842,active,6.3979400086720375
CC(=O)Oc1cc(/C=C/c2ccc(N)cc2)cc(OC(C)=O)c1,CHEMBL1172400,intermediate,5.548000306126797
CC(=O)SCC[C@]12CCC(=O)C=C1CCC1C2=CC[C@]2(C)C(=O)CCC12,CHEMBL349919,inactive,5.0
CC(=O)[C@@]1(C)CC[C@H]2[C@@H](C=CC3=CC(=O)CC[C@@]32C)[C@@H]1CC#N,CHEMBL3621226,active,6.657577319177793
CC(=O)[C@@]1(C)CC[C@H]2[C@@H](CCC3=CC(=O)CC[C@@]32C)[C@@H]1CC#N,CHEMBL3623208,active,6.376750709602099
CC(=O)c1ccc(Oc2ccc3c(Cn4ccnc4)cc(=O)oc3c2)cc1,CHEMBL1688908,active,6.528708288941061
CC(=O)c1ccc(S(=O)(=O)N2CCOC(Cn3ccnc3)C2)cc1,CHEMBL1784805,active,7.177178354696896
CC(=O)c1ccc(S(=O)(=O)NCc2cccc(CNS(=O)(=O)c3ccc(C(C)=O)cc3)c2)cc1,CHEMBL4567479,active,6.552841968657781
CC(=O)c1ccccc1OCc1cn(-c2ccc(S(=O)(=O)N3CCc4ccccc4C3)cc2)nn1,CHEMBL3264672,inactive,4.903089986991944
CC(=O)c1cncc(-c2cc(F)c3c(c2)CCc2nnc(C)n2-3)c1,CHEMBL3415168,inactive,5.0
CC(C(=O)OC12CC3CC(CC(C3)C1)C2)c1cccnc1,CHEMBL134509,intermediate,5.0410001301252585
CC(C(=O)OC1CC2CC([C@@H]1C)C2(C)C)c1cccnc1,CHEMBL132066,intermediate,5.050609993355087
CC(C(=O)OC1CC2CC([C@@H]1C)C2(C)C)c1ccncc1,CHEMBL133724,intermediate,5.87942606879415
CC(C(=O)OC1CCCCC1)c1ccncc1,CHEMBL102981,intermediate,5.677999975920387
CC(C(=O)O[C@H]1C[C@H]2C[C@@H]([C@@H]1C)C2(C)C)c1cccnc1,CHEMBL5412704,intermediate,5.051000057562973
CC(C(=O)O[C@H]1C[C@H]2C[C@@H]([C@@H]1C)C2(C)C)c1ccncc1,CHEMBL5406968,intermediate,5.87899856501036
CC(C)(C#N)c1cc(/C=C/c2ccc(OS(N)(=O)=O)cc2)cc(Cn2cncn2)c1,CHEMBL3622077,active,7.5934598195660445
CC(C)(C#N)c1cc(Cn2cncn2)cc(-c2ccc(O)c(Cl)c2)c1,CHEMBL597416,active,10.0
CC(C)(C#N)c1cc(Cn2cncn2)cc(-c2ccc(O)cc2)c1,CHEMBL605418,active,8.221848749616356
CC(C)(C#N)c1cc(Cn2cncn2)cc(-c2ccc(OS(N)(=O)=O)c(Cl)c2)c1,CHEMBL604716,active,9.522878745280336
CC(C)(C#N)c1cc(Cn2cncn2)cc(-c2ccc(OS(N)(=O)=O)cc2)c1,CHEMBL597403,active,7.756961951313706
CC(C)(C#N)c1cc(Cn2cncn2)cc(-c2ccccc2)c1,CHEMBL598224,active,9.30102999566398
CC(C)(C#N)c1cc(Cn2cncn2)cc(C(C)(C)C#N)c1,CHEMBL1399,active,8.823908740944319
CC(C)(C#N)c1cc(Cn2cncn2)cc(Oc2ccc(OS(N)(=O)=O)cc2)c1,CHEMBL3622076,active,8.260032303240491
CC(C)(C#N)c1cc(Cn2cncn2)cc(Sc2ccc(OS(N)(=O)=O)c(Br)c2)c1,CHEMBL3622072,active,8.301029995663981
CC(C)(C#N)c1cc(Cn2cncn2)cc(Sc2ccc(OS(N)(=O)=O)c(Cl)c2)c1,CHEMBL3622071,active,8.376957565753619
CC(C)(C#N)c1cc(Cn2cncn2)cc(Sc2ccc(OS(N)(=O)=O)cc2)c1,CHEMBL3622070,active,8.456056057517094
CC(C)(C#N)c1cc(Cn2cncn2)cc(Sc2ccccc2)c1,CHEMBL3622069,active,8.638272163982407
CC(C)(C(=O)Nc1ccccc1Oc1ccc(F)cc1)n1cncn1,CHEMBL1784810,inactive,4.87942606879415
CC(C)(C(=O)OC1(C)C2CC3CC(C2)CC1C3)c1cccnc1,CHEMBL3084923,inactive,4.398000054034892
CC(C)(C(=O)OC12CC3CC(CC(C3)C1)C2)c1cccnc1,CHEMBL134169,inactive,4.455999959081013
CC(C)(C(=O)OC1CCCCC1)c1ccncc1,CHEMBL103685,inactive,4.886056647693163
CC(C)(C(=O)c1cccnc1)c1cccnc1,CHEMBL934,intermediate,5.301029995663981
CC(C)(C)C1CCC(OC(=O)Cc2ccncc2)CC1,CHEMBL102884,active,6.508638306165727
CC(C)(C)CN1C(=O)C2CC2(c2ccc(N)cc2)C1=O,CHEMBL368631,active,6.698991719603
CC(C)(C)[C@H]1CC[C@H](OC(=O)Cc2ccncc2)CC1,CHEMBL5416052,active,6.509002705984747
CC(C)(C)c1ccc(-c2nsc(-c3ccc(C(C)(C)C)cc3)n2)cc1,CHEMBL1939526,inactive,4.301029995663981
CC(C)(C)c1ccc(CC(Cc2ccc(-c3ccccc3)cc2)n2ccnc2)cc1,CHEMBL491023,active,6.0
CC(C)(C)c1ccc(CN(CC/C=C/c2ccccc2)n2cncn2)cc1,CHEMBL478024,intermediate,5.295849483160201
CC(C)(C)c1ccc(CN(Cc2ccc(-c3ccccc3)cc2)n2ccnc2)cc1,CHEMBL516275,intermediate,5.665546248849069
CC(C)(C)c1ccc(CN(Cc2ccc(Cl)cc2Cl)n2ccnc2)cc1,CHEMBL491825,intermediate,5.818156412055227
CC(C)(C)c1ccc(CN(Cc2cccc3ccccc23)n2ccnc2)cc1,CHEMBL478647,intermediate,5.338187314462739
CC(C)(C)c1ccc(CN(Cc2cccs2)n2ccnc2)cc1,CHEMBL523973,active,6.236572006437063
CC(C)(C)c1ccc(CN(Cc2cccs2)n2cncn2)cc1,CHEMBL517816,intermediate,5.034798298974088
CC(C)(C)c1ccc2c(c1)C(=O)C(c1ccccc1)CO2,CHEMBL2011190,inactive,4.214670164989233
CC(C)(O)C1Cc2c(ccc3c2O[C@H](c2ccc(O)cc2O)CC3=O)O1,CHEMBL457678,active,7.0
CC(C)(O)[C@@H]1Cc2cc3ccc(=O)oc3cc2O1,CHEMBL442813,active,7.397940008672037
CC(C)(O)c1cncc(-c2nc3cc(F)c(F)cc3n2C2CC2)c1,CHEMBL3582477,intermediate,5.896880746454286
CC(C)(O)c1cncc(-c2nc3ccc(F)cc3n2C2CC2)c1,CHEMBL3582478,intermediate,5.99097425791309
CC(C)(O)c1cncc(-n2ncc3c(C(F)(F)F)cccc32)c1,CHEMBL4067000,intermediate,5.337242168318426
CC(C)(OC(=O)C12CC3CC(CC(C3)C1)C2)c1cccnc1,CHEMBL431843,inactive,4.292429823902063
CC(C)(OC(=O)C12CC3CC(CC(C3)C1)C2)c1ccncc1,CHEMBL112908,inactive,4.698999971689156
CC(C)(c1ccc(C#N)cc1)n1ccnc1,CHEMBL225128,active,7.019996628416254
CC(C)/C(=C(/c1ccc(O)cc1)c1ccc(OCCN)cc1)c1ccccc1,CHEMBL3422038,active,6.484126156288321
CC(C)/C=C/Cc1c(O)cc(O)c2c1OC(c1ccc(O)cc1)CC2=O,CHEMBL1098426,active,6.698970004336019
CC(C)=C(c1ccncc1)c1ccc(-c2ccc(N)c(N)c2)cc1,CHEMBL1171991,inactive,4.305394801066432
CC(C)=C(c1ccncc1)c1ccc(-c2ccc(O)c(F)c2)cc1,CHEMBL1173335,intermediate,5.2403321553103694
CC(C)=C(c1ccncc1)c1ccc(-c2ccc(O)c(O)c2)cc1,CHEMBL1172847,intermediate,5.022276394711152
CC(C)=C(c1ccncc1)c1ccc(-c2ccc3cc(O)ccc3c2)cc1,CHEMBL1172842,inactive,4.3124710387853655
CC(C)=C(c1ccncc1)c1ccc(-c2cccc(N)c2)cc1,CHEMBL1173326,intermediate,5.295849483160201
CC(C)=C(c1ccncc1)c1ccc(-c2cccc(O)c2)cc1,CHEMBL1173259,inactive,4.920818753952375
CC(C)=CCC/C(C)=C/Cc1c(-c2ccc(O)cc2O)oc2cc(O)cc(O)c2c1=O,CHEMBL458187,inactive,4.619788758288394
CC(C)=CCC/C(C)=C/Cc1c(O)cc2oc(-c3ccc(O)c(O)c3)c(O)c(=O)c2c1O,CHEMBL457261,active,7.397940008672037
CC(C)=CCc1c(O)cc(O)c(CC=C(C)C)c1/C=C/c1ccc(O)cc1,CHEMBL4465694,intermediate,5.568999908632387
CC(C)=CCc1c(O)cc(O)cc1-c1cc2ccc(O)cc2o1,CHEMBL458188,inactive,4.507239610973162
CC(C)=CCc1c(O)cc2c(c1/C=C/c1ccc(O)cc1)CC(C(C)(C)O)O2,CHEMBL5427782,intermediate,5.027000143527919
CC(C)=CCc1c(O)cc2c(c1/C=C\c1ccc(O)cc1)CCC(C)(C)O2,CHEMBL4451577,intermediate,5.408999985161117
CC(C)=CCc1c(O)cc2oc(-c3ccc(O)c(O)c3)c(O)c(=O)c2c1O,CHEMBL463452,active,7.397940008672037
CC(C)=CCc1c(O)cc2oc3c(CC=C(C)C)c(O)c(O)c(CC=C(C)C)c3c(=O)c2c1O,CHEMBL454580,inactive,4.600326278518962
CC(C)=CCc1c(O)cc2oc3cc(O)c(O)c(CC=C(C)C)c3c(=O)c2c1O,CHEMBL260553,intermediate,5.303643611266668
CC(C)=CCc1c(O)ccc(C(=O)/C=C/c2ccc(O)cc2)c1O,CHEMBL253467,active,7.397940008672037
CC(C)=CCc1c(O)ccc(C(=O)/C=C/c2ccc(O)cc2O)c1O,CHEMBL465880,intermediate,5.337242168318426
CC(C)=CCc1c(O)ccc(CCCc2ccc(O)cc2)c1O,CHEMBL457263,active,7.397940008672037
CC(C)=CCc1c(O)ccc2c1O[C@H](c1ccc(O)cc1O)CC2=O,CHEMBL457686,intermediate,5.468521082957745
CC(C)=CCc1cc(-c2oc3c(CC=C(C)C)c(O)cc(O)c3c(=O)c2O)ccc1O,CHEMBL464007,intermediate,5.013228265733755
CC(C)=CCc1cc(-c2oc3cc(O)cc(O)c3c(=O)c2O)ccc1O,CHEMBL457679,active,7.0
CC(C)=CCc1cc(/C=C/C(=O)c2ccc(O)cc2O)ccc1O,CHEMBL229885,inactive,3.511026475273492
CC(C)=CCc1cc(C(=O)/C=C/c2ccc(O)c(O)c2)c(O)cc1O,CHEMBL115452,active,7.397940008672037
CC(C)=CCc1cc(C(=O)/C=C/c2ccc(O)cc2)c(O)cc1O,CHEMBL464428,active,7.397940008672037
CC(C)=CCc1cc(C2CC(=O)c3c(O)cc(O)cc3O2)ccc1O,CHEMBL457680,active,6.3979400086720375
CC(C)=CCc1cc(C2CC(=O)c3ccc(O)cc3O2)ccc1O,CHEMBL389924,active,6.221848749616356
CC(C)=CCc1cc([C@@H]2CC(=O)c3ccc(O)cc3O2)ccc1O,CHEMBL558103,inactive,4.387746093903563
CC(C)=CCc1cc([C@@H]2CCc3ccc(O)cc3O2)ccc1O,CHEMBL456062,active,7.397940008672037
CC(C)=CCc1cc([C@H]2Oc3c(CC=C(C)C)c(O)cc(O)c3C(=O)[C@@H]2O)ccc1O,CHEMBL463256,active,7.397940008672037
CC(C)=CCc1cc2c(cc1O)O[C@H](c1ccc(O)cc1)CC2=O,CHEMBL469444,active,7.397940008672037
CC(C)=CCc1cc2cc(-c3cc(O)cc(O)c3)oc2cc1O,CHEMBL465881,inactive,4.507239610973162
CC(C)C(c1cc2c3c(c1)CCN3C(=O)CC2)n1ccnc1,CHEMBL2163638,active,6.301029995663981
CC(C)C(c1ccncc1)c1cc2c3c(c1)CCN3C(=O)CC2,CHEMBL2312951,active,6.051098239029786
CC(C)C1(c2ccc(N)cc2)CCC(=O)NC1=O,CHEMBL282573,inactive,4.796000007769141
CC(C)CC(C)OC(=O)Cc1ccncc1,CHEMBL104126,intermediate,5.013228265733755
CC(C)CC1(c2ccc(N)cc2)CCC(=O)NC1=O,CHEMBL28669,intermediate,5.523000364762793
CC(C)CCC1(c2ccc(N)cc2)CCC(=O)NC1=O,CHEMBL29230,active,6.3980051577306245
CC(C)CCOC(=O)Cc1ccncc1,CHEMBL323585,inactive,4.928117992693875
CC(C)CCOc1ccc(Cn2ccnc2)c2c(=O)c3ccccc3oc12,CHEMBL2333332,active,6.07727454200674
CC(C)CN1C(=O)C2CC(c3ccc(N)cc3)(C2)C1=O,CHEMBL286506,active,7.208028798979232
CC(C)CN1C(=O)C2CC2(c2ccc(N)cc2)C1=O,CHEMBL174308,active,6.698970004336019
CC(C)CN1Cc2[nH]c3ccccc3c2C[C@H]1C(=O)O,CHEMBL1915176,inactive,4.142667503568732
CC(C)N1C(=O)C2CC2(c2ccc(N)cc2)C1=O,CHEMBL172263,intermediate,5.698970004336019
CC(C)OC(=O)Cc1ccncc1,CHEMBL102510,inactive,4.698970004336019
CC(C)Oc1cc([N+](=O)[O-])ccc1N(C)S(C)(=O)=O,CHEMBL203869,intermediate,5.55129368009492
CC(C)Oc1cc([N+](=O)[O-])ccc1NS(C)(=O)=O,CHEMBL274387,intermediate,5.231361898752385
CC(C)Oc1ccc(COc2ccc3c(Cn4ccnc4)cc(=O)oc3c2)cc1,CHEMBL3359955,active,6.2335871528876
CC(C)Oc1ccc(Cn2ccnc2)c2c(=O)c3ccccc3oc12,CHEMBL2333331,active,6.3979400086720375
CC(C)S(=O)(=O)N1CCN(c2ccc(OC[C@@H]3CO[C@@](Cn4ccnc4)(c4ccc(Cl)cc4Cl)O3)cc2)CC1,CHEMBL3894912,intermediate,5.920818753952375
CC(C)[C@@H]1CC2C3CCC(=O)C3(C)CCC2C2(C)CCC(=O)C=C12,CHEMBL24387,intermediate,5.958607314841775
CC(C)[C@@H]1C[C@@H]2[C@H](CC[C@]3(C)C(=O)CC[C@@H]23)[C@@]2(C)CCC(=O)C=C12,CHEMBL5284015,intermediate,5.958998355870358
CC(C)[C@H]1CC2C3CCC(=O)C3(C)CCC2C2(C)CCC(=O)C=C12,CHEMBL25473,intermediate,5.853871964321762
CC(C)[C@H]1CC[C@H](C)C[C@@H]1OC(=O)Cc1ccncc1,CHEMBL5406205,active,6.620005959834258
CC(C)[C@H]1C[C@@H]2[C@H](CC[C@]3(C)C(=O)CC[C@@H]23)[C@@]2(C)CCC(=O)C=C12,CHEMBL5275215,intermediate,5.853999169190227
CC(C)c1cc(O)c2c(c1)CC[C@H]1C(C)(C)CCC[C@]21C,CHEMBL4852023,intermediate,5.431798275933005
CC(C)c1cc(O)c2c(c1)[C@H](O)C[C@H]1C(C)(C)CCC[C@]21C,CHEMBL4875917,intermediate,5.142667503568732
CC(C)c1ccc(COc2cc([N+](=O)[O-])ccc2NS(C)(=O)=O)cc1,CHEMBL223421,intermediate,5.127843727251707
CC(C)c1nnc2n1-c1c(F)cc(-c3cccnc3)cc1CC2,CHEMBL3415159,inactive,5.0
CC(C)c1nnc2n1-c1cc(F)c(-c3cccnc3)cc1CC2,CHEMBL3415158,inactive,5.0
CC(C)n1cc(C(Cc2ccc(F)cc2)n2ccnc2)c2cc(Br)ccc21,CHEMBL5407805,active,6.468993954885645
CC(CCc1c[nH]cn1)=C(c1ccc(O)cc1)c1ccc(O)cc1,CHEMBL5081446,active,7.200659450546418
CC(CCc1cccnc1)=C(c1ccc(O)cc1)c1ccc(O)cc1,CHEMBL5092843,intermediate,5.489454989793388
CC(CNC(=O)c1cc2c([nH]c1=O)CCCCC2)n1cncn1,CHEMBL1784795,inactive,4.6020599913279625
CC(Cc1ccc(O)c(O)c1)C(C)Cc1ccc(O)c(O)c1,CHEMBL52,active,7.958607314841775
CC(Cc1cccnc1)=C(c1ccc(O)cc1)c1ccc(O)cc1,CHEMBL5069811,active,6.064996848546345
CC(Cn1ccnc1)=C(c1ccc(O)cc1)c1ccc(O)cc1,CHEMBL5087363,intermediate,5.999132278468773
CC(c1ccc(C#N)cc1)(c1ccc(C#N)cc1)n1cncn1,CHEMBL388187,active,7.360015751958412
CC(c1ccc(Cl)cc1)(c1ccc(Cl)cc1)c1cccnc1,CHEMBL133026,active,6.838991562693998
CC(c1ccc(Cl)cc1)(c1ccc(Cl)cc1)c1cncnc1,CHEMBL29901,active,7.085974348303672
CC(c1cccnc1)c1cc2c3c(c1)CCN3C(=O)CC2,CHEMBL2312967,intermediate,5.301029995663981
CC(c1ccncc1)c1cc2c3c(c1)CCN3C(=O)CC2,CHEMBL2312950,intermediate,5.823908740944319
CC/C(=C(/c1ccc(N)cc1)c1ccc(OCCN)cc1)c1ccc(O)cc1,CHEMBL3422033,active,7.317854923626168
CC/C(=C(/c1ccc(N)cc1)c1ccc(OCCN)cc1)c1ccccc1,CHEMBL3422032,active,7.274905478918531
CC/C(=C(/c1ccc(O)cc1)c1ccc(CCCN)cc1)c1ccc(O)cc1,CHEMBL3422052,active,6.308918507877031
CC/C(=C(/c1ccc(O)cc1)c1ccc(CCCN)cc1)c1ccccc1,CHEMBL3422051,intermediate,5.134303940083929
CC/C(=C(/c1ccc(O)cc1)c1ccc(OCC(=O)O)cc1)c1ccccc1,CHEMBL3422047,intermediate,5.434152181326482
CC/C(=C(/c1ccc(O)cc1)c1ccc(OCC(N)=O)cc1)c1ccccc1,CHEMBL3942918,intermediate,5.033529736270715
CC/C(=C(/c1ccc(O)cc1)c1ccc(OCCCN)cc1)c1ccccc1,CHEMBL3422050,intermediate,5.906578314837765
CC/C(=C(/c1ccc(O)cc1)c1ccc(OCCN)cc1)c1ccc(F)cc1,CHEMBL3422029,intermediate,5.991399828238082
CC/C(=C(/c1ccc(O)cc1)c1ccc(OCCN)cc1)c1ccc(O)cc1,CHEMBL3422028,active,7.346787486224656
CC/C(=C(/c1ccc(O)cc1)c1ccc(OCCN)cc1)c1ccccc1,CHEMBL2386285,active,7.114638779968488
CC/C(=C(/c1ccc(O)cc1)c1ccc(OCCO)cc1)c1ccccc1,CHEMBL3422046,inactive,4.515700160653214
CC/C(=C(/c1ccccc1)c1ccc(OCCN)cc1)c1ccccc1,CHEMBL3422031,active,6.039529222465701
CC/C(=C(\c1ccc(O)cc1)c1ccc(OCC(N)=O)cc1)c1ccccc1,CHEMBL2386286,intermediate,5.033529736270715
CC/C(=C(\c1ccc(O)cc1)c1ccc(OCCN(C)C)cc1)c1ccccc1,CHEMBL489,inactive,3.275724130399211
CC/C(=C(\c1ccc(O)cc1)c1ccc(OCCN)cc1)c1ccccc1,CHEMBL2386284,active,7.522878745280337
CC/C(=C(\c1ccc(O)cc1)c1ccc(OCCNC)cc1)c1ccccc1,CHEMBL1093458,intermediate,5.221848749616356
CC/C(=C1\C=CC(=O)S1)C(CC)c1ccc(OC(C)=O)cc1,CHEMBL583989,inactive,4.809668301829708
CC/C=C\C/C=C\C/C=C\C/C=C\C/C=C\C/C=C\CCC(=O)O,CHEMBL367149,inactive,4.478861916295964
CC/C=C\C/C=C\C/C=C\C/C=C\C/C=C\CCCC(=O)O,CHEMBL460026,inactive,4.274088367704952
CC/C=C\C/C=C\C/C=C\C/C=C\C/C=C\CCCCCC(=O)O,CHEMBL496634,inactive,4.774690718274137
CC/C=C\C/C=C\C/C=C\CCCCCCCC(=O)O,CHEMBL8739,inactive,4.354577730650908
CC1(C)C2CCC1(C)C(OC(=O)Cc1ccncc1)C2,CHEMBL102536,active,7.013228265733755
CC1(C)C=Cc2c(O)cc(-c3cc4ccc(O)cc4o3)cc2O1,CHEMBL463241,active,7.397940008672037
CC1(C)CC(=O)c2c(noc2Cc2ccc(C(=O)N3CC[C@@H](O)C3)cc2)C1,CHEMBL4207348,inactive,4.70000006855703
CC1(C)CC(=O)c2c(noc2Cc2ccc(C(N)=O)cc2)C1,CHEMBL4211193,inactive,4.70000006855703
CC1(C)CC(=O)c2c(noc2Cc2ccccc2)C1,CHEMBL4207995,inactive,4.499999953328896
CC1(C)C[C@@]2(C)C(=C(O)C1=O)C(=O)C[C@@H]1[C@@H]2CC[C@]2(C)C(=O)CC[C@@H]12,CHEMBL3752192,active,6.357001596156081
CC1(C)C[C@@]2(C)C(=CC1=O)C(=O)C[C@@H]1[C@@H]2CC[C@]2(C)C(=O)CC[C@@H]12,CHEMBL3754222,active,6.522994572586506
CC1(C)C[C@@]2(C)C(=CC1=O)CC[C@@H]1[C@@H]2CC[C@]2(C)C(=O)CC[C@@H]12,CHEMBL3753169,active,7.051000545973047
CC1(C)C[C@@]2(C)C(=CC1=O)[C@@H](Br)C[C@@H]1[C@@H]2CC[C@]2(C)C(=O)CC[C@@H]12,CHEMBL3754184,active,7.0
CC1(C)C[C@@]2(C)C(=CC1=O)[C@H](Br)C[C@@H]1[C@@H]2CC[C@]2(C)C(=O)CC[C@@H]12,CHEMBL3754296,active,6.959002307576509
CC1(C)C[C@@]2(C=O)C(=CC1=O)CC[C@@H]1[C@@H]2CC[C@]2(C)C(=O)CC[C@@H]12,CHEMBL5270517,active,6.222000779291768
CC1(C)C[C@@]2(CO)C(=CC1=O)CC[C@@H]1[C@@H]2CC[C@]2(C)C(=O)CC[C@@H]12,CHEMBL5279139,intermediate,5.291999999979078
CC1(C)C[C@H](O)C[C@@]2(C)OC(=O)C=C12,CHEMBL227113,active,7.397940008672037
CC1(C)Oc2ccc(S(=O)(=O)NCCCn3ccnc3)cc2NC1=O,CHEMBL1784813,active,6.30189945437661
CC1(C)[C@H]2CC[C@]1(C)[C@H](OC(=O)Cc1ccncc1)C2,CHEMBL5421275,active,7.013004460275618
CC1(OC(=O)Cc2cccnc2)C2CC3CC(C2)CC1C3,CHEMBL3084924,inactive,4.966999888192777
CC1(OC(=O)Cc2ccncc2)CCCCC1,CHEMBL105044,intermediate,5.494850021680094
CC1(c2ccc(N)cc2)CC(=O)NC1=O,CHEMBL149238,inactive,4.998266287190999
CC1(c2ccc(N)cc2)CCC(=O)NC1=O,CHEMBL29138,inactive,3.869999994395436
CC1(c2ccncc2)CCC(=O)NC1=O,CHEMBL38510,inactive,3.6108339156354674
CC12CCC(O)CC1=CCC1C2CCC2(C)C(CC3CN3)CCC12,CHEMBL341591,intermediate,5.1487416512809245
CC12CCC3C(C(=O)C=C4C=CCCC43C)C1CCC2=O,CHEMBL262723,intermediate,5.7447274948966935
CC12CCC3C(C(=O)C=C4C=CCCC43C=O)C1CCC2=O,CHEMBL302305,inactive,4.958607314841775
CC12CCC3C(C(=O)C=C4C=CCCC43CO)C1CCC2=O,CHEMBL302530,inactive,4.221848749616356
CC12CCC3C(C(=O)C=C4CCCCC43C)C1CCC2=O,CHEMBL70367,intermediate,5.7447274948966935
CC12CCC3C(C(=O)C=C4CCCCC43C=O)C1CCC2=O,CHEMBL71169,inactive,4.221848749616356
CC12CCC3C(C(=O)C=C4CCCCC43CO)C1CCC2=O,CHEMBL302741,inactive,4.251811972993799
CC12CCC3C(C(=O)C=C4CCCCC43CO)C1CCC2O,CHEMBL421491,inactive,3.853871964321762
CC12CCC3C(C1CCC2=O)[C@H](Sc1ccccc1)CC1=C(Oc2ccccc2)C(=O)CCC13C,CHEMBL335408,intermediate,5.782516055786093
CC12CCC3C(CC=C4C=CCCC43C)C1CCC2=O,CHEMBL71152,active,6.468521082957745
CC12CCC3C(CC=C4CCCCC43C)C1C[C@@H](Br)C2=O,CHEMBL71363,inactive,4.259637310505756
CC12CCC3C(CC=C4CCCCC43C=O)C1CCC2=O,CHEMBL71736,intermediate,5.045757490560675
CC12CCC3C(CC=C4CCCCC43CO)C1CCC2O,CHEMBL308829,inactive,4.207608310501746
CC12CCC3C(CCC4=C(Oc5ccccc5)C(=O)CCC43C)C1CCC2=O,CHEMBL334391,active,6.275724130399211
CC12CCC3C(CCC4=C(Sc5ccccc5)C(=O)CCC43C)C1CCC2=O,CHEMBL336387,active,6.721246399047171
CC12CCC3C(CCC4=CCCCC43C(F)F)C1CCC2=O,CHEMBL83835,intermediate,5.920818753952375
CC12CCC3C(CCC4=CCCCC43C)C1C[C@@H](Br)C2=O,CHEMBL83422,intermediate,5.3872161432802645
CC12CCC3C(CCC4=CCCCC43C)C1C[C@H](Br)C2=O,CHEMBL81134,intermediate,5.229147988357856
CC12CCC3C(CCC4=CCCCC43CO)C1CCC2O,CHEMBL440691,intermediate,5.638272163982407
CC12CCC3C(C[C@@H](Cc4ccccc4)C4=CC(=O)CCC43C)C1CCC2=O,CHEMBL24897,intermediate,5.3979400086720375
CC12CCC3C(C[C@@H](O)C4=CCCCC43C)C1CCC2=O,CHEMBL73993,active,10.30102999566398
CC12CCC3C(C[C@@H](c4ccccc4)C4=CC(=O)CCC43C)C1CCC2=O,CHEMBL281871,intermediate,5.769551078621726
CC12CCC3C(C[C@H](Cc4ccccc4)C4=CC(=O)CCC43C)C1CCC2=O,CHEMBL25523,active,6.180456064458132
CC12CCC3C(C[C@H](O)C4=CCCCC43C)C1CCC2=O,CHEMBL307643,active,9.721246399047171
CC12CCC3C(C[C@H](c4ccccc4)C4=CC(=O)CCC43C)C1CCC2=O,CHEMBL24580,intermediate,5.958607314841775
CC12CCC3C(Cc4c5c(nn4C/C=C/c4ccccc4)C(=O)CCC53C)C1CCC2=O,CHEMBL422610,active,6.022276394711152
CC12CCC3C(Cc4c5c(nn4Cc4ccc([N+](=O)[O-])cc4)C(=O)CCC53C)C1CCC2=O,CHEMBL129883,active,6.309803919971486
CC12CCC3C(Cc4c5c(nn4Cc4ccccc4)C(=O)CCC53C)C1CCC2=O,CHEMBL130546,active,6.610833915635467
CC12CCC3C(Cc4n[nH]c5c4C3(C)CCC5=O)C1CCC2=O,CHEMBL132563,active,6.627087997029894
CC12CCC3C(Cc4nn(C/C=C/c5ccccc5)c5c4C3(C)CCC5=O)C1CCC2=O,CHEMBL131414,active,6.096910013008056
CC12CCC3C(Cc4nn(Cc5ccc([N+](=O)[O-])cc5)c5c4C3(C)CCC5=O)C1CCC2=O,CHEMBL336383,active,6.181774106386045
CC12CCC3C(Cc4nn(Cc5ccccc5)c5c4C3(C)CCC5=O)C1CCC2=O,CHEMBL133240,active,6.465973893943865
CC12CCC3C4CCC(=O)C=C4CCC3C1CCC2=O,CHEMBL309113,intermediate,5.920818753952375
CC12CCC3C4CCC=CC4=CC(=O)C3C1CCC2=O,CHEMBL71612,inactive,4.481486060122112
CC12CCC3C4CCCCC4=CC(=O)C3C1CCC2=O,CHEMBL71082,inactive,4.552841968657781
CC12CCC=CC1=CC(=O)C1C2CCC2(C)C1CC[C@@H]2O,CHEMBL311400,inactive,4.376750709602099
CC12CCC=CC1=CCC1C2CCC2(C)C1CC[C@@H]2O,CHEMBL71117,inactive,4.7447274948966935
CC12CCCC=C1CCC1C2CCC2(C)C(O)CCC12,CHEMBL439950,intermediate,5.136677139879544
CC12CCCC=C1CCC1C2CCC2(C)C1CC[C@@H]2O,CHEMBL73279,active,9.443697499232712
CC12CCCCC1=CC(=O)C1C2CCC2(C)C(O)CCC12,CHEMBL302249,inactive,4.376750709602099
CC12CCCCC1=CCC1C2CCC2(C)C(O)CCC12,CHEMBL68674,inactive,4.522878745280337
CC1=C(O)C(=O)C[C@]2(C)[C@H]3CCc4cocc4[C@]3(CO)CCC12O,CHEMBL3315157,inactive,4.46344155742847
CC1=C(c2cccnc2)CCc2ccccc21,CHEMBL206283,intermediate,5.2186036948032095
CC1=CC[C@@H]2[C@H]1[C@H]1OC(=O)[C@@H](C)[C@@H]1CC[C@]2(C)O,CHEMBL1097371,active,8.698970004336019
CC1=C[C@@H]2[C@H](CC[C@]3(C)C(=O)CC[C@@H]23)[C@@]2(C)C=CC(=O)C=C12,CHEMBL3752165,active,6.130997225534148
CC1=C[C@@H]2[C@H](CC[C@]3(C)C(=O)CC[C@@H]23)[C@@]2(C)CCC(=O)C=C12,CHEMBL3752994,active,6.443999197391357
CC1=C[C@@H]2c3c(O)cc(-c4cc5ccc(O)cc5o4)cc3O[C@]3(c4ccc(O)cc4O)Oc4cc(O)ccc4[C@@H](C1)C23,CHEMBL454705,intermediate,5.1249387366083
CC1=C[C@@]2(C)C(=CC1=O)C(Br)C[C@@H]1[C@@H]2CC[C@]2(C)C(=O)CC[C@@H]12,CHEMBL5276930,active,6.14899863389229
CC1=C[C@@]2(C)C(=CC1=O)CC[C@@H]1[C@@H]2CC[C@]2(C)C(=O)CC[C@@H]12,CHEMBL3754183,active,6.236999022944533
CC1=C[C@@]2(C)C(=CC1=O)[C@@H](Br)C[C@@H]1[C@@H]2CC[C@]2(C)C(=O)CC[C@@H]12,CHEMBL3753352,active,6.1487416512809245
CC1C(O)CC23COC(=O)C2=CCCC3C1(C)CCC1=CC(=O)OC1,CHEMBL582837,inactive,3.899629454882437
CC1C(OC(=O)Cc2ccncc2)CC2CC1C2(C)C,CHEMBL319026,active,7.017728766960431
CC1C/C(=C/c2cccnc2)c2ccccc21,CHEMBL373074,intermediate,5.552841968657781
CC1C/C(=C\c2cccnc2)c2ccccc21,CHEMBL195688,intermediate,5.434152181326482
CC1C2=CC(=O)CCC2(C)C2CCC3(C)C(=O)CCC3C12,CHEMBL583076,active,6.562249437179612
CC1CC(c2cccnc2)=Cc2ccccc21,CHEMBL206070,intermediate,5.449649327698385
CC1CCC(C(C)C)C(OC(=O)Cc2ccncc2)C1,CHEMBL105298,active,6.619788758288394
CC1CCC(OC(=O)Cc2ccncc2)C1,CHEMBL104566,intermediate,5.699000406013823
CC1CCC(OC(=O)Cc2ccncc2)CC1,CHEMBL321729,active,6.823908740944319
CC1CCCCC1OC(=O)Cc1ccncc1,CHEMBL5430986,intermediate,5.49499933607313
CC1C[C@H]2[C@@H]3CC[C@H](O)[C@@]3(C)CC[C@@H]2[C@@]2(C)C=CC(=O)C=C12,CHEMBL5286866,active,7.1739900222089
CC1C[C@H]2[C@@H]3CC[C@H](O)[C@@]3(C)CC[C@@H]2[C@@]2(C)CCC(=O)C=C12,CHEMBL5285403,active,7.744968836654449
CC1Cc2ccccc2C=C1c1cccnc1,CHEMBL206550,intermediate,5.747875447494356
CCC#CCO[C@@H]1C[C@@H]2[C@H](CC[C@]3(C)C(=O)CC[C@@H]23)[C@@]2(C)C=CC(=O)C=C12,CHEMBL2179110,active,7.928117992693875
CCC#CCOc1cc(Cn2ccnc2)c2c(=O)c3ccccc3oc2c1,CHEMBL4639677,active,11.0
CCC#CCOc1cc(Cn2ccnc2)c2oc3ccccc3c(=O)c2c1,CHEMBL4634777,active,9.113509274827518
CCC#CCOc1ccc(C(=O)c2ccc(Cn3ccnc3)cc2)cc1,CHEMBL5273492,intermediate,5.846185135655471
CCC#CCOc1ccc(C(=O)c2cccc(Cn3ccnc3)c2)cc1,CHEMBL5283276,active,8.045757490560675
CCC#CCOc1ccc(C(c2cc3cc(Cl)ccc3o2)n2cncn2)cc1,CHEMBL5177518,active,6.0
CCC#CCOc1ccc2c(=O)c3ccc(Cn4ccnc4)cc3oc2c1,CHEMBL4632445,active,11.0
CCC#CCOc1ccc2cc(C(O)(c3ccc(Br)cc3)c3cccnc3)oc2c1,CHEMBL5277776,active,8.309803919971486
CCC#CCOc1ccc2cc(C(O)(c3ccc(Cl)cc3)c3cccnc3)oc2c1,CHEMBL5280326,active,9.036212172654444
CCC#CCOc1ccc2cc(C(O)(c3ccc(F)cc3)c3cccnc3)oc2c1,CHEMBL5274335,active,8.0
CCC#CCOc1ccc2cc(C(O)(c3cccnc3)c3ccc(Cl)cc3Cl)oc2c1,CHEMBL5265932,active,8.0
CCC#CCOc1ccc2cc(C(c3ccc(C#N)cc3)n3cncn3)oc2c1,CHEMBL5179009,active,9.142667503568733
CCC#CCOc1ccc2cc(C(c3ccc(Cl)cc3)n3cncn3)oc2c1,CHEMBL5205534,active,8.559090917934782
CCC#CCOc1ccc2cc(C(c3ccc(F)cc3)n3cncn3)oc2c1,CHEMBL5177269,active,9.292429823902063
CCC#CCOc1ccc2oc(C(c3ccc(Cl)cc3)n3cncn3)cc2c1,CHEMBL5204674,active,7.676747899828313
CCC(=C(c1ccc(N)cc1)c1ccc(N)cc1)c1ccc(N)cc1,CHEMBL3944017,active,7.872895201635193
CCC(=C(c1ccc(N)cc1)c1ccc(N)cc1)c1ccc([N+](=O)[O-])cc1,CHEMBL3905734,active,7.206209615309181
CCC(=C(c1ccc(N)cc1)c1ccc(NCC(N)=O)cc1)c1ccc([N+](=O)[O-])cc1,CHEMBL3961452,active,6.542269451754001
CCC(=C(c1ccc(O)cc1)c1ccc(O)cc1)c1c[nH]cn1,CHEMBL5075144,active,6.021363051615525
CCC(=C(c1ccc(O)cc1)c1ccc(O)cc1)c1ccc(N)cc1,CHEMBL3948254,active,8.05551732784983
CCC(=C(c1ccc(O)cc1)c1ccc(O)cc1)c1ccccc1,CHEMBL149791,inactive,4.604149623981219
CCC(=C(c1ccc(O)cc1)c1ccc(O)cc1)c1cccnc1,CHEMBL5082245,intermediate,5.90204892900585
CCC(=C(c1ccc(O)cc1)c1ccc(OCCN(C)C)cc1)c1ccccc1,CHEMBL2137046,inactive,3.275724130399211
CCC(=C(c1ccc(O)cc1)c1ccc(OCCN)cc1)c1ccccc1,CHEMBL3350384,active,7.045757490560675
CCC(=O)N1N=C2[C@H](C[C@H]3[C@@H]4CC[C@H]5C[C@@H](OC(=O)C(F)(F)F)CC[C@]5(C)[C@H]4CC[C@]23C)[C@H]1c1ccc(OC)cc1,CHEMBL5269083,intermediate,5.180000294489514
CCC(=O)N1N=C2[C@H](C[C@H]3[C@@H]4CC[C@H]5C[C@@H](OC(=O)C(F)(F)F)CC[C@]5(C)[C@H]4CC[C@]23C)[C@H]1c1ccccc1,CHEMBL5273646,intermediate,5.172999904869384
CCC(=O)O[C@@H]1C[C@@H]2[C@H](CC[C@]3(C)C(=O)CC[C@@H]23)[C@@]2(C)CCC(=O)C=C12,CHEMBL5288485,intermediate,5.6579999748624346
CCC(=O)O[C@H]1C[C@@H]2[C@H](CC[C@]3(C)C(=O)CC[C@@H]23)[C@@]2(C)CCC(=O)C=C12,CHEMBL5278342,active,6.678008252452735
CCC(C(=O)OC1CC2CC([C@@H]1C)C2(C)C)c1ccncc1,CHEMBL336102,intermediate,5.402304814074488
CCC(C(=O)O[C@H]1C[C@H]2C[C@@H]([C@@H]1C)C2(C)C)c1ccncc1,CHEMBL5401549,intermediate,5.402000037541694
CCC(C)C1(c2ccc(N)cc2)CCC(=O)NC1=O,CHEMBL28668,intermediate,5.523000364762793
CCC(C)CC1(c2ccc(N)cc2)CCC(=O)NC1=O,CHEMBL287647,intermediate,5.958998355870358
CCC(C)Oc1ccc(Cn2ccnc2)c2c(=O)c3ccccc3oc12,CHEMBL2333333,active,6.2403321553103694
CCC(CC)(C(=O)OC1CC2CC([C@@H]1C)C2(C)C)c1ccncc1,CHEMBL132380,inactive,4.259637310505756
CCC(CC)(C(=O)O[C@H]1C[C@H]2C[C@@H]([C@@H]1C)C2(C)C)c1ccncc1,CHEMBL5417020,inactive,4.259999979340046
CCC(CC)=C(c1ccc(O)cc1)c1ccc(OCCN)cc1,CHEMBL3422030,intermediate,5.87942606879415
CCC(CC)Oc1cc([N+](=O)[O-])ccc1N(C)S(C)(=O)=O,CHEMBL202030,active,6.638272163982407
CCC(CC)Oc1cc([N+](=O)[O-])ccc1NS(C)(=O)=O,CHEMBL202474,active,6.522878745280337
CCC(CCc1c[nH]cn1)=C(c1ccc(O)cc1)c1ccc(O)cc1,CHEMBL5074047,active,7.2839966563652
CCC(CCc1cccnc1)=C(c1ccc(O)cc1)c1ccc(O)cc1,CHEMBL5092560,active,6.045757490560675
CCC(Cc1cccnc1)=C(c1ccc(O)cc1)c1ccc(O)cc1,CHEMBL5080066,active,7.638272163982407
CCC(Cn1ccnc1)=C(c1ccc(O)cc1)c1ccc(O)cc1,CHEMBL5072101,active,7.455931955649724
CCC(c1ccc(C#N)cc1)(c1ccc(C#N)cc1)n1cncn1,CHEMBL224462,active,7.029978734171634
CCC(c1ccc(Cl)cc1)(c1ccc(Cl)cc1)c1cncnc1,CHEMBL30047,intermediate,5.529999886197673
CCC/C(=C(/c1ccc(O)cc1)c1ccc(OCCN)cc1)c1ccccc1,CHEMBL3422037,active,6.583359492661719
CCC1(c2ccc(N)cc2)CC(=O)NC1=O,CHEMBL151212,intermediate,5.075720713938118
CCC1(c2ccc(N)cc2)CCC(=O)NC1=O,CHEMBL488,active,8.2839966563652
CCC1(c2ccncc2)CCC(=O)N(C)C1=O,CHEMBL39782,inactive,4.522878745280337
CCC1(c2ccncc2)CCC(=O)NC1=O,CHEMBL289116,intermediate,5.301029995663981
CCC1=C(c2cccnc2)CCc2ccccc21,CHEMBL205503,intermediate,5.821886747685368
CCC1=C[C@@H]2[C@H](CC[C@]3(C)C(=O)CC[C@@H]23)[C@@]2(C)C=CC(=O)C=C12,CHEMBL3754546,active,7.376957565753618
CCC1=C[C@@H]2[C@H](CC[C@]3(C)C(=O)CC[C@@H]23)[C@@]2(C)CCC(=O)C=C12,CHEMBL3752648,active,6.409002212649285
CCC1=C[C@@]2(C)C(=CC1=O)CC[C@@H]1[C@@H]2CC[C@]2(C)C(=O)CC[C@@H]12,CHEMBL5288187,active,6.018000285870121
CCC1CCC(OC(=O)Cc2ccncc2)CC1,CHEMBL101743,active,6.920818753952375
CCC1C[C@H]2[C@@H]3CC[C@H](O)[C@@]3(C)CC[C@@H]2[C@@]2(C)C=CC(=O)C=C12,CHEMBL5280921,active,7.208028798979232
CCC1C[C@H]2[C@@H]3CC[C@H](O)[C@@]3(C)CC[C@@H]2[C@@]2(C)CCC(=O)C=C12,CHEMBL5266818,active,7.2839966563652
CCCC#CCO[C@@H]1C[C@@H]2[C@H](CC[C@]3(C)C(=O)CC[C@@H]23)[C@@]2(C)C=CC(=O)C=C12,CHEMBL2179111,active,7.080921907623926
CCCC(=O)CC[C@H]1OC(=O)c2c1cc(OC)c(OC)c2O,CHEMBL1668329,inactive,4.790484985457369
CCCC(=O)OC1=C2CC[C@@H]3[C@H](CC[C@]4(C)C(=O)CC[C@@H]34)[C@@]2(C)CCC1,CHEMBL1630260,intermediate,5.824001400317809
CCCC(=O)O[C@@H]1C[C@@H]2[C@H](CC[C@]3(C)C(=O)CC[C@@H]23)[C@@]2(C)CCC(=O)C=C12,CHEMBL5284663,intermediate,5.568999908632387
CCCC(=O)O[C@H]1C[C@@H]2[C@H](CC[C@]3(C)C(=O)CC[C@@H]23)[C@@]2(C)CCC(=O)C=C12,CHEMBL5273888,active,6.698991719603
CCCC(=O)Oc1cc(OC(=O)CCC)c2c(C)cc(=O)oc2c1,CHEMBL583310,inactive,3.75448733218585
CCCC(C)C1(c2ccc(N)cc2)CCC(=O)NC1=O,CHEMBL29521,active,6.222000779291768
CCCC1(c2ccc(N)cc2)CC(=O)NC1=O,CHEMBL5440090,inactive,4.111999991622859
CCCC1(c2ccc(N)cc2)CCC(=O)NC1=O,CHEMBL29864,inactive,4.958999936548504
CCCC1(c2ccncc2)CCC(=O)NC1=O,CHEMBL275594,intermediate,5.221848749616356
CCCC1=C[C@@H]2[C@H](CC[C@]3(C)C(=O)CC[C@@H]23)[C@@]2(C)C=CC(=O)C=C12,CHEMBL3753803,active,7.0
CCCC1=C[C@@H]2[C@H](CC[C@]3(C)C(=O)CC[C@@H]23)[C@@]2(C)CCC(=O)C=C12,CHEMBL3752405,active,6.5020066659422975
CCCC1=C[C@@]2(C)C(=CC1=O)CC[C@@H]1[C@@H]2CC[C@]2(C)C(=O)CC[C@@H]12,CHEMBL5285990,intermediate,5.75699917815047
CCCCC#CCO[C@@H]1C[C@@H]2[C@H](CC[C@]3(C)C(=O)CC[C@@H]23)[C@@]2(C)C=CC(=O)C=C12,CHEMBL2179112,active,6.742081549685942
CCCCC(=O)O[C@@H]1C[C@@H]2[C@H](CC[C@]3(C)C(=O)CC[C@@H]23)[C@@]2(C)CCC(=O)C=C12,CHEMBL5275063,intermediate,5.824001400317809
CCCCC(=O)O[C@H]1C[C@@H]2[C@H](CC[C@]3(C)C(=O)CC[C@@H]23)[C@@]2(C)CCC(=O)C=C12,CHEMBL5270074,active,6.853996066189131
CCCCC/C=C\C/C=C\C/C=C\C/C=C\CCCC(=O)O,CHEMBL15594,inactive,4.549750891680639
CCCCC/C=C\C/C=C\CCCCCCCC(=O)O,CHEMBL267476,inactive,4.318758762624412
CCCCC1(c2ccc(N)cc2)CC(=O)NC1=O,CHEMBL5394223,intermediate,5.420000452721523
CCCCC1(c2ccc(N)cc2)CCC(=O)NC1=O,CHEMBL29863,intermediate,5.638272163982407
CCCCC1(c2ccncc2)CCC(=O)NC1=O,CHEMBL40125,intermediate,5.3979400086720375
CCCCC1=C[C@@H]2[C@H](CC[C@]3(C)C(=O)CC[C@@H]23)[C@@]2(C)C=CC(=O)C=C12,CHEMBL3752011,active,6.602007879116804
CCCCC1=C[C@@H]2[C@H](CC[C@]3(C)C(=O)CC[C@@H]23)[C@@]2(C)CCC(=O)C=C12,CHEMBL3752506,active,6.577000022728384
CCCCC1=C[C@@]2(C)C(=CC1=O)CC[C@@H]1[C@@H]2CC[C@]2(C)C(=O)CC[C@@H]12,CHEMBL5268721,intermediate,5.735000472208071
CCCCC1C[C@H]2[C@@H]3CC[C@H](O)[C@@]3(C)CC[C@@H]2[C@@]2(C)C=CC(=O)C=C12,CHEMBL5270141,active,7.194023649282437
CCCCC1C[C@H]2[C@@H]3CC[C@H](O)[C@@]3(C)CC[C@@H]2[C@@]2(C)CCC(=O)C=C12,CHEMBL5266953,active,7.319030281534103
CCCCCC(=O)OC1=C2CC[C@@H]3[C@H](CC[C@]4(C)C(=O)CC[C@@H]34)[C@@]2(C)CCC1,CHEMBL1630262,intermediate,5.7450002209360775
CCCCCC(=O)O[C@@H]1C[C@@H]2[C@H](CC[C@]3(C)C(=O)CC[C@@H]23)[C@@]2(C)C=CC(=O)C=C12,CHEMBL5290446,intermediate,5.7450002209360775
CCCCCC(=O)O[C@@H]1C[C@@H]2[C@H](CC[C@]3(C)C(=O)CC[C@@H]23)[C@@]2(C)CCC(=O)C=C12,CHEMBL5275417,active,6.276002823808256
CCCCCC(=O)O[C@H]1C[C@@H]2[C@H](CC[C@]3(C)C(=O)CC[C@@H]23)[C@@]2(C)C=CC(=O)C=C12,CHEMBL5286772,active,6.678008252452735
CCCCCC(=O)O[C@H]1C[C@@H]2[C@H](CC[C@]3(C)C(=O)CC[C@@H]23)[C@@]2(C)CCC(=O)C=C12,CHEMBL3752998,active,7.056011124926228
CCCCCC1(c2ccc(N)cc2)CC(=O)NC1=O,CHEMBL5431722,intermediate,5.9069988033152505
CCCCCC1(c2ccc(N)cc2)CCC(=O)NC1=O,CHEMBL25735,intermediate,5.886056647693163
CCCCCC1(c2ccncc2)CCC(=O)NC1=O,CHEMBL288712,intermediate,5.6020599913279625
CCCCCC1=C[C@@H]2[C@H](CC[C@]3(C)C(=O)CC[C@@H]23)[C@@]2(C)C=CC(=O)C=C12,CHEMBL3752619,active,6.853996066189131
CCCCCC1=C[C@@H]2[C@H](CC[C@]3(C)C(=O)CC[C@@H]23)[C@@]2(C)CCC(=O)C=C12,CHEMBL3754701,active,6.657992070982661
CCCCCC1=C[C@@]2(C)C(=CC1=O)CC[C@@H]1[C@@H]2CC[C@]2(C)C(=O)CC[C@@H]12,CHEMBL5289535,active,6.128999496101152
CCCCCCC(=O)O[C@@H]1C[C@@H]2[C@H](CC[C@]3(C)C(=O)CC[C@@H]23)[C@@]2(C)CCC(=O)C=C12,CHEMBL5287473,intermediate,5.824001400317809
CCCCCCC(=O)O[C@H]1C[C@@H]2[C@H](CC[C@]3(C)C(=O)CC[C@@H]23)[C@@]2(C)CCC(=O)C=C12,CHEMBL5290133,active,7.022002190041261
CCCCCCC1(c2ccc(N)cc2)CCC(=O)NC1=O,CHEMBL29339,intermediate,5.824001400317809
CCCCCCC1(c2ccc(N)cc2)CCNC1=O,CHEMBL5396706,intermediate,5.763999640579155
CCCCCCC1(c2ccncc2)CCC(=O)NC1=O,CHEMBL39152,intermediate,5.443697499232712
CCCCCCC1=C[C@@H]2[C@H](CC[C@]3(C)C(=O)CC[C@@H]23)[C@@]2(C)C=CC(=O)C=C12,CHEMBL3752315,active,6.810004660035681
CCCCCCC1=C[C@@H]2[C@H](CC[C@]3(C)C(=O)CC[C@@H]23)[C@@]2(C)CCC(=O)C=C12,CHEMBL3752480,active,6.698991719603
CCCCCCC1=C[C@@]2(C)C(=CC1=O)CC[C@@H]1[C@@H]2CC[C@]2(C)C(=O)CC[C@@H]12,CHEMBL5269979,active,6.526002395565136
CCCCCCCC#CCO[C@@H]1C[C@@H]2[C@H](CC[C@]3(C)C(=O)CC[C@@H]23)[C@@]2(C)C=CC(=O)C=C12,CHEMBL2179113,intermediate,5.661543506395395
CCCCCCCC(=O)O[C@@H]1C[C@@H]2[C@H](CC[C@]3(C)C(=O)CC[C@@H]23)[C@@]2(C)CCC(=O)C=C12,CHEMBL5277980,intermediate,5.824001400317809
CCCCCCCC(=O)O[C@H]1C[C@@H]2[C@H](CC[C@]3(C)C(=O)CC[C@@H]23)[C@@]2(C)CCC(=O)C=C12,CHEMBL5272287,active,6.823995608527747
CCCCCCCC/C=C\CCCCCCCC(=O)O,CHEMBL8659,inactive,4.485452247339714
CCCCCCCC1(c2ccc(N)cc2)CC(=O)NC1=O,CHEMBL5397228,inactive,4.480000028175458
CCCCCCCC1(c2ccc(N)cc2)CCC(=O)NC1=O,CHEMBL29338,intermediate,5.770000934050708
CCCCCCCC1(c2ccncc2)CCC(=O)NC1=O,CHEMBL41066,intermediate,5.494850021680094
CCCCCCCC1=C[C@@H]2[C@H](CC[C@]3(C)C(=O)CC[C@@H]23)[C@@]2(C)C=CC(=O)C=C12,CHEMBL3752341,active,6.638007891242187
CCCCCCCC1=C[C@@H]2[C@H](CC[C@]3(C)C(=O)CC[C@@H]23)[C@@]2(C)CCC(=O)C=C12,CHEMBL3754186,active,6.3669963871985225
CCCCCCCC1=C[C@@]2(C)C(=CC1=O)CC[C@@H]1[C@@H]2CC[C@]2(C)C(=O)CC[C@@H]12,CHEMBL5280054,active,6.218000627582058
CCCCCCCCC1(c2ccncc2)CCC(=O)NC1=O,CHEMBL38472,active,6.481486060122113
CCCCCCCCCC1(c2ccncc2)CCC(=O)NC1=O,CHEMBL289766,intermediate,5.619788758288394
CCCCCCCCCCC1(c2ccncc2)CCC(=O)N(CC)C1=O,CHEMBL5430284,inactive,0.0299999999985997
CCCCCCCCCCN1C(=O)C2CC(c3ccc(N)cc3)(C2)C1=O,CHEMBL27879,active,6.647817481888637
CCCCCCCCCCN1C(=O)CCC(CC)(c2ccncc2)C1=O,CHEMBL39840,inactive,5.0
CCCCCCCCCCN1C(=O)CC[C@](CC)(c2ccncc2)C1=O,CHEMBL90856,inactive,5.0
CCCCCCCCCCc1cn(C(c2ccc(C#N)cc2)c2ccc(C#N)cc2)nn1,CHEMBL1824745,inactive,4.795337488251781
CCCCCCCCCCc1cn(C(c2ccccc2)c2ccccc2)nn1,CHEMBL1824759,inactive,4.8683813356508745
CCCCCCCCCCc1cn(Cc2ccc(C#N)cc2)nn1,CHEMBL1825028,intermediate,5.103473782510445
CCCCCCCCCCc1cn(Cc2ccccc2)nn1,CHEMBL1825041,intermediate,5.1938200260161125
CCCCCCCCCN1C(=O)CCC(CC)(c2ccncc2)C1=O,CHEMBL38550,intermediate,5.522878745280337
CCCCCCCCCN1C(=O)CC[C@](CC)(c2ccncc2)C1=O,CHEMBL88421,intermediate,5.522878745280337
CCCCCCCCCOc1cc([N+](=O)[O-])ccc1N(C)S(C)(=O)=O,CHEMBL202470,intermediate,5.402304814074488
CCCCCCCCCOc1cc([N+](=O)[O-])ccc1NS(C)(=O)=O,CHEMBL202469,active,6.040958607678906
CCCCCCCCC[C@H]1C[C@](CC)(c2ccncc2)C(=O)NC1=O,CHEMBL123494,intermediate,5.3872161432802645
CCCCCCCCC[C@]1(c2ccncc2)CCC(=O)NC1=O,CHEMBL91363,intermediate,5.619788758288394
CCCCCCCCN1C(=O)C2CC(c3ccc(N)cc3)(C2)C1=O,CHEMBL5404029,active,6.647991234434225
CCCCCCCCN1C(=O)CCC(CC)(c2ccncc2)C1=O,CHEMBL39661,active,6.096910013008056
CCCCCCCCN1C(=O)CCC(c2ccncc2)C1=O,CHEMBL5430760,inactive,0.0260000000013101
CCCCCCCCN1C(=O)CC[C@](CC)(c2ccncc2)C1=O,CHEMBL88918,active,6.096910013008056
CCCCCCCC[C@@H]1CC2C(CCC3(C)C(O)CCC23)C2(C)CCCC=C12,CHEMBL72056,active,7.301029995663981
CCCCCCCC[C@@H]1CC2C3CCC(=O)C3(C)CCC2C2(C)CCCC=C12,CHEMBL72538,active,7.301029995663981
CCCCCCCC[C@@H]1C[C@@H]2[C@H](CC[C@]3(C)C(=O)CC[C@@H]23)[C@@]2(C)CCC(=O)C=C12,CHEMBL3754366,intermediate,5.7450002209360775
CCCCCCCC[C@H]1CC2C(CCC3(C)C(O)CCC23)C2(C)CCCC=C12,CHEMBL73368,active,7.301029995663981
CCCCCCCC[C@H]1CC2C3CCC(=O)C3(C)CCC2C2(C)CCCC=C12,CHEMBL74295,active,7.301029995663981
CCCCCCCC[C@H]1C[C@@H]2[C@H](CC[C@]3(C)C(=O)CC[C@@H]23)[C@@]2(C)CCC(=O)C=C12,CHEMBL3751897,intermediate,5.291999999979078
CCCCCCCC[C@H]1C[C@@](CC)(c2ccncc2)C(=O)NC1=O,CHEMBL2111801,intermediate,5.522878745280337
CCCCCCCC[C@H]1C[C@](CC)(c2ccncc2)C(=O)NC1=O,CHEMBL331522,intermediate,5.619788758288394
CCCCCCCC[C@H]1C[C@](CCCCCCCC)(c2ccncc2)C(=O)NC1=O,CHEMBL338746,inactive,4.585026652029182
CCCCCCCC[C@]1(c2ccncc2)CCC(=O)NC1=O,CHEMBL88412,active,6.481486060122113
CCCCCCCN1C(=O)C2CC(c3ccc(N)cc3)(C2)C1=O,CHEMBL28173,active,7.309981219211305
CCCCCCCN1C(=O)CC(c2ccc(N)cc2)C1=O,CHEMBL5425696,active,17.899974269892137
CCCCCCCN1C(=O)CCC(CC)(c2ccncc2)C1=O,CHEMBL38439,intermediate,5.823908740944319
CCCCCCCN1C(=O)CC[C@](CC)(c2ccncc2)C1=O,CHEMBL314125,intermediate,5.823908740944319
CCCCCCC[C@@H]1CC2C(CCC3(C)C(=O)CCC23)C2(C)C=CC(=O)C=C12,CHEMBL268918,active,7.221848749616356
CCCCCCC[C@@H]1C[C@@H]2[C@H](CC[C@]3(C)C(=O)CC[C@@H]23)[C@@]2(C)C=CC(=O)C=C12,CHEMBL5289206,active,7.221993538576491
CCCCCCC[C@H]1CC2C(CCC3(C)C(=O)CCC23)C2(C)C=CC(=O)C=C12,CHEMBL268209,active,6.6020599913279625
CCCCCCC[C@H]1C[C@@H]2[C@H](CC[C@]3(C)C(=O)CC[C@@H]23)[C@@]2(C)C=CC(=O)C=C12,CHEMBL5284912,active,6.602007879116804
CCCCCCC[C@]1(c2ccncc2)CCC(=O)NC1=O,CHEMBL313485,intermediate,5.494850021680094
CCCCCCCc1cn(C(c2ccc(C#N)cc2)c2ccc(C#N)cc2)nn1,CHEMBL1824744,inactive,4.97469413473523
CCCCCCCc1cn(C(c2ccccc2)c2ccccc2)nn1,CHEMBL1824758,inactive,4.713094647027625
CCCCCCCc1cn(Cc2ccc(C#N)cc2)nn1,CHEMBL1825027,intermediate,5.512861624522813
CCCCCCCc1cn(Cc2ccccc2)nn1,CHEMBL1825040,intermediate,5.020907099361674
CCCCCCN1C(=O)CC(c2ccc(N)cc2)C1=O,CHEMBL5395351,active,6.3980051577306245
CCCCCCN1C(=O)CCC(CC)(c2ccncc2)C1=O,CHEMBL37321,intermediate,5.180456064458132
CCCCCCN1C(=O)CC[C@](CC)(c2ccncc2)C1=O,CHEMBL316262,intermediate,5.180456064458132
CCCCCCOc1cc([N+](=O)[O-])ccc1N(C)S(C)(=O)=O,CHEMBL202452,intermediate,5.347753658996677
CCCCCCOc1cc([N+](=O)[O-])ccc1NS(C)(=O)=O,CHEMBL202471,intermediate,5.573488738635425
CCCCCC[C@@H]1CC2C(CCC3(C)C(=O)CCC23)C2(C)C=CC(=O)C=C12,CHEMBL266350,active,7.119186407719209
CCCCCC[C@@H]1C[C@@H]2[C@H](CC[C@]3(C)C(=O)CC[C@@H]23)[C@@]2(C)C=CC(=O)C=C12,CHEMBL5285647,active,7.119015009513246
CCCCCC[C@@H]1C[C@@H]2[C@H](CC[C@]3(C)C(=O)CC[C@@H]23)[C@@]2(C)CCC(=O)C=C12,CHEMBL3754285,active,6.3669963871985225
CCCCCC[C@@H]1C[C@@]2(C)C(=CC1=O)CC[C@@H]1[C@@H]2CC[C@]2(C)C(=O)CC[C@@H]12,CHEMBL5274501,inactive,4.983000069254019
CCCCCC[C@H]1CC2C(CCC3(C)C(=O)CCC23)C2(C)C=CC(=O)C=C12,CHEMBL266532,active,6.552841968657781
CCCCCC[C@H]1C[C@@H]2[C@H](CC[C@]3(C)C(=O)CC[C@@H]23)[C@@]2(C)C=CC(=O)C=C12,CHEMBL5273362,active,6.552997101533838
CCCCCC[C@H]1C[C@@H]2[C@H](CC[C@]3(C)C(=O)CC[C@@H]23)[C@@]2(C)CCC(=O)C=C12,CHEMBL3754063,active,6.0
CCCCCC[C@H]1C[C@@H]2[C@H](CC[C@]3(C)C(=O)CC[C@@H]23)[C@@]2(C)CCCC=C12,CHEMBL5290853,intermediate,5.045999797954816
CCCCCC[C@]1(c2ccncc2)CCC(=O)NC1=O,CHEMBL441404,intermediate,5.443697499232712
CCCCCCc1cn(C(c2ccc(C#N)cc2)c2ccc(C#N)cc2)nn1,CHEMBL1824743,intermediate,5.294992040666664
CCCCCCc1cn(C(c2ccccc2)c2ccccc2)nn1,CHEMBL1824757,inactive,4.828858848971618
CCCCCCc1cn(Cc2ccc(C#N)cc2)nn1,CHEMBL1825026,intermediate,5.279014255846261
CCCCCCc1cn(Cc2ccccc2)nn1,CHEMBL1825039,intermediate,5.126679398184601
CCCCCN1C(=O)C2CC(c3ccc(N)cc3)(C2)C1=O,CHEMBL27591,active,7.509058794643213
CCCCCN1C(=O)C2CC2(c2ccc(N)cc2)C1=O,CHEMBL26651,active,7.638272163982407
CCCCCN1C(=O)CC(c2ccc(N)cc2)C1=O,CHEMBL5400890,active,6.101999246404839
CCCCCN1C(=O)CCC(CC)(c2ccncc2)C1=O,CHEMBL39513,inactive,4.6777807052660805
CCCCCN1C(=O)CC[C@](CC)(c2ccncc2)C1=O,CHEMBL312960,inactive,4.6777807052660805
CCCCCOc1ccc(C(=O)c2ccc(Cn3ccnc3)cc2)cc1,CHEMBL5274139,intermediate,5.886056647693163
CCCCCOc1ccc(C(=O)c2cccc(Cn3ccnc3)c2)cc1,CHEMBL5274084,active,7.376750709602099
CCCCC[C@@H]1CC2C(CCC3(C)C(=O)CCC23)C2(C)C=CC(=O)C=C12,CHEMBL440832,active,7.267606240177032
CCCCC[C@@H]1CC2C(CCC3(C)C(O)CCC23)C2(C)CCCC=C12,CHEMBL73219,active,7.301029995663981
CCCCC[C@@H]1CC2C3CCC(=O)C3(C)CCC2C2(C)CCCC=C12,CHEMBL72415,active,7.920818753952375
CCCCC[C@@H]1C[C@@H]2[C@H](CC[C@]3(C)C(=O)CC[C@@H]23)[C@@]2(C)C=CC(=O)C=C12,CHEMBL3752065,active,7.268008550981071
CCCCC[C@@H]1C[C@@H]2[C@H](CC[C@]3(C)C(=O)CC[C@@H]23)[C@@]2(C)CCC(=O)C=C12,CHEMBL3752650,active,6.638007891242187
CCCCC[C@@H]1C[C@@H]2[C@H](CC[C@]3(C)C(=O)CC[C@@H]23)[C@@]2(C)CCCC=C12,CHEMBL5283480,inactive,4.9210001097592295
CCCCC[C@@H]1C[C@@]2(C)C(=CC1=O)CC[C@@H]1[C@@H]2CC[C@]2(C)C(=O)CC[C@@H]12,CHEMBL5285831,intermediate,5.89300044270516
CCCCC[C@H]1CC2C(CCC3(C)C(=O)CCC23)C2(C)C=CC(=O)C=C12,CHEMBL267668,active,6.853871964321762
CCCCC[C@H]1CC2C(CCC3(C)C(O)CCC23)C2(C)CCCC=C12,CHEMBL307006,active,7.301029995663981
CCCCC[C@H]1CC2C3CCC(=O)C3(C)CCC2C2(C)CCCC=C12,CHEMBL305630,active,8.045757490560675
CCCCC[C@H]1C[C@@H]2[C@H](CC[C@]3(C)C(=O)CC[C@@H]23)[C@@]2(C)C=CC(=O)C=C12,CHEMBL5269206,active,6.853996066189131
CCCCC[C@H]1C[C@@H]2[C@H](CC[C@]3(C)C(=O)CC[C@@H]23)[C@@]2(C)CCC(=O)C=C12,CHEMBL3752625,active,6.3980051577306245
CCCCC[C@]1(c2ccncc2)CCC(=O)NC1=O,CHEMBL89102,intermediate,5.6020599913279625
CCCCCc1c(CC=C(C)C)c(O)cc(O)c1CC=C(C)C,CHEMBL5425965,intermediate,5.0859997587680645
CCCCN1C(=O)C2CC2(c2ccc(N)cc2)C1=O,CHEMBL174909,active,7.398048595866478
CCCCN1C(=O)CC(c2ccc(N)cc2)C1=O,CHEMBL5396371,intermediate,5.56100065638293
CCCCN1C(=O)CCC(CC)(c2ccncc2)C1=O,CHEMBL39275,inactive,4.3979400086720375
CCCCN1C(=O)CC[C@](CC)(c2ccncc2)C1=O,CHEMBL328546,inactive,4.3979400086720375
CCCCOC1=C[C@@]2(C)C(=CC1=O)CC[C@@H]1[C@@H]2CC[C@]2(C)C(=O)CC[C@@H]12,CHEMBL5266867,inactive,4.52900006849896
CCCCO[C@@H]1C[C@@H]2[C@H](CC[C@]3(C)C(=O)CC[C@@H]23)[C@@]2(C)C=CC(=O)C=C12,CHEMBL5283868,active,6.336996766870358
CCCCO[C@@H]1C[C@@H]2[C@H](CC[C@]3(C)C(=O)CC[C@@H]23)[C@@]2(C)CCC(=O)C=C12,CHEMBL5291406,active,6.376998948809717
CCCCO[C@@H]1C[C@@H]2[C@H](CC[C@]3(C)C(=O)CC[C@@H]23)c2ccc(O)cc21,CHEMBL5273384,inactive,3.758999993365582
CCCCO[C@H]1C[C@@H]2[C@H](CC[C@]3(C)C(=O)CC[C@@H]23)[C@@]2(C)C=CC(=O)C=C12,CHEMBL5276194,active,6.180002266489224
CCCCO[C@H]1C[C@@H]2[C@H](CC[C@]3(C)C(=O)CC[C@@H]23)[C@@]2(C)CCC(=O)C=C12,CHEMBL5290320,active,6.1080000615514125
CCCCO[C@H]1C[C@@H]2[C@H](CC[C@]3(C)C(=O)CC[C@@H]23)c2ccc(O)cc21,CHEMBL5288626,inactive,3.769999987842968
CCCCOc1ccc(-c2cc(C)[nH]n2)cc1,CHEMBL356594,inactive,4.796000007769141
CCCCOc1ccc(-c2cc(C)no2)cc1,CHEMBL422858,intermediate,5.217000235915505
CCCCOc1ccc(-c2cc[nH]c2)cc1,CHEMBL359116,intermediate,5.216000000913185
CCCCOc1ccc(-c2cc[nH]n2)cc1,CHEMBL149750,intermediate,5.499999678657065
CCCCOc1ccc(-c2ccccn2)cc1,CHEMBL150653,intermediate,5.44699980326042
CCCCOc1ccc(-c2cccnc2)cc1,CHEMBL151646,intermediate,5.073999875255202
CCCCOc1ccc(-c2ccn(C)n2)cc1,CHEMBL5426889,inactive,4.62899996688649
CCCCOc1ccc(-c2ccnn2C)cc1,CHEMBL151037,intermediate,5.705999181173052
CCCCOc1ccc(-c2ccno2)cc1,CHEMBL150681,intermediate,5.25899976062531
CCCCOc1ccc(-c2ccon2)cc1,CHEMBL433737,intermediate,5.433999968905184
CCCCOc1ccc(-c2cnccn2)cc1,CHEMBL150146,intermediate,5.104999797911881
CCCCOc1ccc(-c2ncc[nH]2)cc1,CHEMBL150999,inactive,4.728000032587094
CCCCOc1ccc(-c2nn[nH]n2)cc1,CHEMBL150278,active,6.499996931948306
CCCCOc1ccc(-c2nocc2C)cc1,CHEMBL5394720,intermediate,5.508999901741964
CCCCOc1ccc(-c2oncc2C)cc1,CHEMBL151038,active,6.319003122003004
CCCCOc1ccc(-n2ccnc2)cc1,CHEMBL112532,active,8.155026061853112
CCCCOc1ccc(-n2ccnc2C)cc1,CHEMBL358214,active,6.114000248610755
CCCCOc1ccc(-n2ccnn2)cc1,CHEMBL5423575,active,7.166980452923468
CCCCOc1ccc(-n2cnc(C)c2)cc1,CHEMBL151207,active,6.443999197391357
CCCCOc1ccc(N/C=N\O)cc1,CHEMBL348263,active,6.5690063480624525
CCCCOc1cccc(-c2ccno2)c1,CHEMBL151449,intermediate,5.78799894248771
CCCCOc1ccccc1-c1ccno1,CHEMBL150799,inactive,4.8479998536156925
CCCCS[C@@H]1CC2=CC(=O)CC[C@]2(C)[C@H]2CC[C@]3(C)C(=O)CC[C@H]3[C@H]12,CHEMBL3245348,active,7.243972787026559
CCCC[C@@H]1CC2C(CCC3(C)C(=O)CCC23)C2(C)C=CC(=O)C=C12,CHEMBL8417,active,6.7447274948966935
CCCC[C@@H]1CC2C3CCC(=O)C3(C)CCC2C2(C)CCC(=O)C=C12,CHEMBL24037,active,6.292429823902063
CCCC[C@@H]1C[C@@H]2[C@H](CC[C@]3(C)C(=O)CC[C@@H]23)[C@@]2(C)C=CC(=O)C=C12,CHEMBL5279883,active,6.744992978208245
CCCC[C@@H]1C[C@@H]2[C@H](CC[C@]3(C)C(=O)CC[C@@H]23)[C@@]2(C)CCC(=O)C=C12,CHEMBL3752102,active,6.292004253577071
CCCC[C@@H]1C[C@@H]2[C@H](CC[C@]3(C)C(=O)CC[C@@H]23)c2ccc(O)cc21,CHEMBL5268890,intermediate,5.045999797954816
CCCC[C@@H]1C[C@@H]2[C@H](CC[C@]3(C)[C@@H](O)CC[C@@H]23)c2ccc(O)cc21,CHEMBL5276910,inactive,4.357000015253532
CCCC[C@@H]1C[C@@]2(C)C(=CC1=O)CC[C@@H]1[C@@H]2CC[C@]2(C)C(=O)CC[C@@H]12,CHEMBL5272328,intermediate,5.713999621676019
CCCC[C@H]1CC2C(CCC3(C)C(=O)CCC23)C2(C)C=CC(=O)C=C12,CHEMBL8646,active,6.698970004336019
CCCC[C@H]1CC2C3CCC(=O)C3(C)CCC2C2(C)CCC(=O)C=C12,CHEMBL24946,active,6.102372908709558
CCCC[C@H]1C[C@@H]2[C@H](CC[C@]3(C)C(=O)CC[C@@H]23)[C@@]2(C)C=CC(=O)C=C12,CHEMBL5266927,active,6.698991719603
CCCC[C@H]1C[C@@H]2[C@H](CC[C@]3(C)C(=O)CC[C@@H]23)[C@@]2(C)CCC(=O)C=C12,CHEMBL3752668,active,6.101999246404839
CCCC[C@H]1C[C@@H]2[C@H](CC[C@]3(C)C(=O)CC[C@@H]23)c2ccc(O)cc21,CHEMBL5271283,inactive,4.455999959081013
CCCC[C@H]1C[C@@H]2[C@H](CC[C@]3(C)[C@@H](O)CC[C@@H]23)c2ccc(O)cc21,CHEMBL5271503,inactive,4.553000049594989
CCCC[C@H]1C[C@](CC)(c2ccncc2)C(=O)NC1=O,CHEMBL333185,intermediate,5.060480747381382
CCCC[C@]1(c2ccncc2)CCC(=O)NC1=O,CHEMBL88842,intermediate,5.3979400086720375
CCCCc1ccc(-c2nsc(-c3ccc(CCCC)cc3)n2)cc1,CHEMBL1939541,inactive,4.301029995663981
CCCN1C(=O)C2CC(c3ccc(N)cc3)(C2)C1=O,CHEMBL27698,active,6.954990139094176
CCCN1C(=O)C2CC2(c2ccc(N)cc2)C1=O,CHEMBL174407,active,6.698970004336019
CCCN1C(=O)CC(c2ccc(N)cc2)C1=O,CHEMBL5422087,intermediate,5.045999797954816
CCCN1C(=O)CCC(CC)(c2ccncc2)C1=O,CHEMBL38877,inactive,4.508638306165727
CCCN1C(=O)CC[C@](CC)(c2ccncc2)C1=O,CHEMBL314351,inactive,4.508638306165727
CCCO[C@@H]1C[C@@H]2[C@H](CC[C@]3(C)C(=O)CC[C@@H]23)[C@@]2(C)CCC(=O)C=C12,CHEMBL5279458,active,6.260000690598032
CCCO[C@H]1C[C@@H]2[C@H](CC[C@]3(C)C(=O)CC[C@@H]23)[C@@]2(C)CCC(=O)C=C12,CHEMBL5269004,intermediate,5.88599985905086
CCCOc1cc([N+](=O)[O-])ccc1N(C)S(C)(=O)=O,CHEMBL382482,active,6.119186407719209
CCCOc1cc([N+](=O)[O-])ccc1NS(C)(=O)=O,CHEMBL204184,intermediate,5.600326278518962
CCCOc1ccc(C(=O)c2ccc(Cn3ccnc3)cc2)cc1,CHEMBL5277126,active,6.42712839779952
CCCOc1ccc(C(=O)c2cccc(Cn3ccnc3)c2)cc1,CHEMBL5284760,active,8.698970004336019
CCCOc1ccc(COc2ccc3c(Cn4ccnc4)cc(=O)oc3c2)cc1,CHEMBL3359954,active,6.321481620959886
CCC[C@@H](O)C[C@H]1OC(=O)c2c(cc(OC)c(OC)c2O)[C@H]1O,CHEMBL488848,inactive,4.815308569182401
CCC[C@@H]1CC2C(CCC3(C)C(=O)CCC23)C2(C)C=CC(=O)C=C12,CHEMBL8254,active,7.221848749616356
CCC[C@@H]1CC2C(CCC3(C)C(O)CCC23)C2(C)CCCC=C12,CHEMBL73071,active,7.366531544420414
CCC[C@@H]1CC2C3CCC(=O)C3(C)CCC2C2(C)CCC(=O)C=C12,CHEMBL282673,active,6.619788758288394
CCC[C@@H]1CC2C3CCC(=O)C3(C)CCC2C2(C)CCCC=C12,CHEMBL70317,active,9.356547323513812
CCC[C@@H]1C[C@@H]2[C@H](CC[C@]3(C)C(=O)CC[C@@H]23)[C@@]2(C)C=CC(=O)C=C12,CHEMBL5288828,active,7.221993538576491
CCC[C@@H]1C[C@@H]2[C@H](CC[C@]3(C)C(=O)CC[C@@H]23)[C@@]2(C)CCC(=O)C=C12,CHEMBL5288881,active,6.620005959834258
CCC[C@@H]1C[C@@H]2[C@H](CC[C@]3(C)C(=O)CC[C@@H]23)[C@@]2(C)CCCC=C12,CHEMBL5290211,active,6.357001596156081
CCC[C@@H]1C[C@@H]2[C@H](CC[C@]3(C)C(O)CC[C@@H]23)[C@@]2(C)CCCC=C12,CHEMBL5287052,inactive,4.854000100094879
CCC[C@@H]1C[C@@]2(C)C(=CC1=O)CC[C@@H]1[C@@H]2CC[C@]2(C)C(=O)CC[C@@H]12,CHEMBL5268211,intermediate,5.836001268301817
CCC[C@H](O)C[C@@H]1Cc2cc(OC)c(O)c(O)c2C(=O)O1,CHEMBL1668328,inactive,4.774690718274137
CCC[C@H](O)C[C@@H]1Cc2cc(OC)c(OC)c(O)c2C(=O)O1,CHEMBL1668327,inactive,4.79317412396815
CCC[C@H]1CC2C(CCC3(C)C(=O)CCC23)C2(C)C=CC(=O)C=C12,CHEMBL8333,active,6.568636235841013
CCC[C@H]1CC2C(CCC3(C)C(O)CCC23)C2(C)CCCC=C12,CHEMBL69891,active,7.853871964321762
CCC[C@H]1CC2C3CCC(=O)C3(C)CCC2C2(C)CCC(=O)C=C12,CHEMBL25695,active,6.4089353929735005
CCC[C@H]1CC2C3CCC(=O)C3(C)CCC2C2(C)CCCC=C12,CHEMBL304305,active,9.638272163982409
CCC[C@H]1CCC[C@@]2(C)C1=CC[C@@H]1[C@@H]2CC[C@]2(C)C(=O)CC[C@@H]12,CHEMBL1630278,intermediate,5.259999900311453
CCC[C@H]1C[C@@H]2[C@H](CC[C@]3(C)C(=O)CC[C@@H]23)[C@@]2(C)C=CC(=O)C=C12,CHEMBL5266933,active,6.5690063480624525
CCC[C@H]1C[C@@H]2[C@H](CC[C@]3(C)C(=O)CC[C@@H]23)[C@@]2(C)CCC(=O)C=C12,CHEMBL5284759,active,6.409002212649285
CCC[C@H]1C[C@@H]2[C@H](CC[C@]3(C)C(=O)CC[C@@H]23)[C@@]2(C)CCCC=C12,CHEMBL5271187,active,6.638007891242187
CCC[C@H]1C[C@@H]2[C@H](CC[C@]3(C)C(O)CC[C@@H]23)[C@@]2(C)CCCC=C12,CHEMBL5266502,active,7.221993538576491
CCC[C@H]1C[C@H]2OC(=O)c3c(cc(OC)c(O)c3O)[C@H]2O1,CHEMBL1668326,inactive,4.772113295386326
CCC[C@H]1C[C@H]2OC(=O)c3c(cc(OC)c(OC)c3O)[C@H]2O1,CHEMBL488513,inactive,4.790484985457369
CCC[C@]1(c2ccncc2)CCC(=O)NC1=O,CHEMBL444844,intermediate,5.221848749616356
CCC[C@]12CCC(=O)C=C1CC[C@@H]1[C@@H]2CC[C@]2(C)C(=O)CC[C@@H]12,CHEMBL5284111,inactive,4.0
CCCc1cn(C(c2ccc(C#N)cc2)c2ccc(C#N)cc2)nn1,CHEMBL1824742,intermediate,5.327902142064283
CCCc1cn(C(c2ccccc2)c2ccccc2)nn1,CHEMBL1824756,inactive,4.96018944585165
CCCc1cn(Cc2ccc(C#N)cc2)nn1,CHEMBL1825025,intermediate,5.359518563029578
CCCc1cn(Cc2ccccc2)nn1,CHEMBL1825038,inactive,4.898596649444669
CCCn1cc(C(Cc2ccc(F)cc2)n2ccnc2)c2cc(Br)ccc21,CHEMBL5409914,active,6.49499933607313
CCN(CC)c1ccc2cc(-c3cc4ccc(N(CC)CC)cc4oc3=O)c(=O)oc2c1,CHEMBL4070331,active,7.542118103266008
CCN(CC)c1ccc2cc(-c3cnco3)c(=O)oc2c1,CHEMBL4087613,intermediate,5.508638306165727
CCN(CC)c1ccc2cc(-c3coc(-c4ccccc4)n3)c(=O)oc2c1,CHEMBL4100188,inactive,5.0
CCN(CC)c1ccc2cc(-c3nc(-c4ccccc4)cs3)c(=O)oc2c1,CHEMBL4063099,inactive,5.0
CCN(CC)c1ccc2cc(-c3nc(C)cs3)c(=O)oc2c1,CHEMBL4103066,intermediate,5.958607314841775
CCN(CC)c1ccc2cc(-c3nc(CC(=O)OC)cs3)c(=O)oc2c1,CHEMBL4095313,inactive,5.0
CCN(CC)c1ccc2cc(-c3ncco3)c(=O)oc2c1,CHEMBL4105495,inactive,5.0
CCN(CC)c1ccc2ccc(=O)oc2c1,CHEMBL1430816,inactive,5.0
CCN(c1ccc(OC)cc1)S(=O)(=O)C1CC2OC1C(c1ccc(-n3ccnc3)cc1)=C2c1ccc(O)cc1,CHEMBL5414572,active,6.817813683260456
CCN(c1ccc(OC)cc1)S(=O)(=O)C1CC2OC1C(c1ccc(-n3cncn3)cc1)=C2c1ccc(O)cc1,CHEMBL5428681,active,6.99516293906169
CCN(c1ccccc1)S(=O)(=O)C1CC2OC1C(c1ccc(-n3ccnc3)cc1)=C2c1ccc(O)cc1,CHEMBL5435743,active,6.894830572000668
CCN(c1ccccc1)S(=O)(=O)C1CC2OC1C(c1ccc(-n3cncn3)cc1)=C2c1ccc(O)cc1,CHEMBL5423781,active,6.264704573775714
CCN1C(=O)C2CC2(c2ccc(N)cc2)C1=O,CHEMBL354401,intermediate,5.6020599913279625
CCN1C(=O)CCC(CC)(c2ccncc2)C1=O,CHEMBL39781,inactive,3.4145392704914994
CCN1C(=O)CC[C@](CC)(c2ccncc2)C1=O,CHEMBL327239,inactive,3.4145392704914994
CCN1CCc2cc(Br)cc(C(Cc3ccc(F)cc3)n3ccnc3)c21,CHEMBL5409215,active,7.04599883231843
CCN1CCc2cc(Br)cc(C(c3ccc(F)cc3)n3ccnc3)c21,CHEMBL287950,active,7.045757490560675
CCN1CCc2cc(Cl)cc(C(Cc3ccc(F)cc3)n3ccnc3)c21,CHEMBL5436290,active,7.201004265556119
CCN1CCc2cc(Cl)cc(C(c3ccc(F)cc3)n3ccnc3)c21,CHEMBL288804,active,7.200659450546418
CCN1CCc2cccc(C(Cc3ccc(F)cc3)n3ccnc3)c21,CHEMBL5432856,active,7.210983673206625
CCN1CCc2cccc(C(Cc3ccc(F)cc3)n3ccnn3)c21,CHEMBL5416025,intermediate,5.538000537775312
CCN1CCc2cccc(C(Cc3cccc(Cl)c3)n3ccnc3)c21,CHEMBL5425388,active,6.959002307576509
CCN1CCc2cccc(C(c3ccc(F)cc3)n3ccnc3)c21,CHEMBL39403,active,7.211124884224583
CCN1CCc2cccc(C(c3ccc(F)cc3)n3cncn3)c21,CHEMBL41429,intermediate,5.537602002101044
CCN1CCc2cccc(C(c3cccc(Cl)c3)n3ccnc3)c21,CHEMBL288695,active,6.958607314841775
CCOC(=O)Cc1csc(N/N=C/c2ccc3cc(OC)ccc3c2)n1,CHEMBL5176279,active,7.508638306165727
CCOC(=O)c1cc(-c2ccc(OC)cc2)nc2c1ccc1[nH]ccc12,CHEMBL2442768,inactive,5.0
CCOC(=O)c1cc(-c2ccccc2)nc2c1ccc1[nH]ccc12,CHEMBL2442767,inactive,5.0
CCOC(=O)c1cc(-c2ccccc2)nc2c1ccc1c2ccn1CC,CHEMBL2442769,inactive,5.0
CCOC(=O)c1cc(-c2ccccc2)nc2ccc3c(ccn3CC)c12,CHEMBL2442771,inactive,5.0
CCOC(=O)c1cc(C)nc2c1ccc1[nH]ccc12,CHEMBL2442770,inactive,5.0
CCOC(=O)c1ccc(C2CCCc3cncn32)cc1,CHEMBL423613,active,7.677987561417599
CCOC(=O)c1ccc(C2CCCc3cncn32)cc1.Cl,CHEMBL1203760,active,7.67778070526608
CCOC(=O)c1csc(-c2cc3ccc(N(CC)CC)cc3oc2=O)n1,CHEMBL4078790,intermediate,5.958607314841775
CCOC(=O)c1oc(-c2cc3ccc(N(CC)CC)cc3oc2=O)nc1C,CHEMBL4074186,inactive,5.0
CCOC1=C2C(=O)C[C@@H]3[C@H](CC[C@]4(C)C(=O)CC[C@@H]34)[C@@]2(C)CCC1=O,CHEMBL5272891,intermediate,5.346999859889158
CCOC1=C[C@@H]2[C@H](CC[C@]3(C)C(=O)CC[C@@H]23)[C@@]2(C)C=CC(=O)C=C12,CHEMBL5278107,active,6.022002190041261
CCOC1=C[C@@H]2[C@H](CC[C@]3(C)C(=O)CC[C@@H]23)[C@@]2(C)CCC(=O)C=C12,CHEMBL5268850,active,6.125002437803848
CCOC1=C[C@@]2(C)C(=CC1=O)CC[C@@H]1[C@@H]2CC[C@]2(C)C(=O)CC[C@@H]12,CHEMBL5281599,inactive,4.754000011439608
CCO[C@@H]1C[C@@H]2[C@H](CC[C@]3(C)C(=O)CC[C@@H]23)[C@@]2(C)C=CC(=O)C=C12,CHEMBL2179108,active,6.251998139095916
CCO[C@@H]1C[C@@H]2[C@H](CC[C@]3(C)C(=O)CC[C@@H]23)[C@@]2(C)CCC(=O)C=C12,CHEMBL5270764,active,6.301003938776766
CCO[C@@H]1C[C@@H]2[C@H](CC[C@]3(C)C(=O)CC[C@@H]23)c2ccc(O)cc21,CHEMBL5278979,inactive,4.075999993025812
CCO[C@@H]1C[C@@]2(C)C(=CC1=O)CC[C@@H]1[C@@H]2CC[C@]2(C)C(=O)CC[C@@H]12,CHEMBL3754174,inactive,4.927999865939462
CCO[C@H]1C[C@@H]2[C@H](CC[C@]3(C)C(=O)CC[C@@H]23)[C@@]2(C)C=CC(=O)C=C12,CHEMBL5277162,intermediate,5.824001400317809
CCO[C@H]1C[C@@H]2[C@H](CC[C@]3(C)C(=O)CC[C@@H]23)[C@@]2(C)CCC(=O)C=C12,CHEMBL5271678,intermediate,5.853999169190227
CCO[C@H]1C[C@@H]2[C@H](CC[C@]3(C)C(=O)CC[C@@H]23)c2ccc(O)cc21,CHEMBL5270986,inactive,4.130999985354256
CCOc1cc2c(cc1-c1cccnc1)CCC(=O)N2,CHEMBL2165316,active,6.311580177997289
CCOc1cc2c(cc1-c1cccnc1)CCC(=O)N2C,CHEMBL2165317,active,7.318758762624412
CCOc1ccc(-c2csc(-c3ccncc3)n2)cn1,CHEMBL1957222,intermediate,5.866461091629782
CCOc1ccc(Cn2ccnc2)c2c(=O)c3ccccc3oc12,CHEMBL2333330,intermediate,5.704872914747809
CCOc1ccc(S(=O)(=O)NCCCn2ccnc2)c2ccccc12,CHEMBL1784806,active,6.118615343229427
CCOc1ccc2c(c1)CC/C2=C/c1cccnc1,CHEMBL176886,intermediate,5.114638779968488
CCOc1ccc2c(c1)CC/C2=C\c1cccnc1,CHEMBL425323,intermediate,5.149966742310231
CCOc1ccc2cc(-c3cccnc3)ccc2c1,CHEMBL193343,intermediate,5.177962751927415
CCOc1ccc2cc(C(c3ccc(Cl)cc3)n3cncn3)oc2c1,CHEMBL5184004,active,9.337242168318426
CCS(=O)(=O)N1CCN(c2ccc(/C=C/c3cc(F)cc(-c4ccncc4)c3)cc2)CC1,CHEMBL4126284,inactive,5.0
CCS(=O)(=O)N1CCN(c2ccc(OC[C@@H]3CO[C@@](Cn4ccnc4)(c4ccc(Cl)cc4Cl)O3)cc2)CC1,CHEMBL3913908,intermediate,5.795880017344075
CCS(=O)(=O)NCc1cncc(-c2c(C#N)c3ccc(Cl)cc3n2C)c1,CHEMBL3747562,intermediate,5.468521082957745
CCSC(C[C@]12CCC(=O)C=C1CCC1C2=CC[C@]2(C)C(=O)CCC12)SCC,CHEMBL349514,active,6.0
CCSCC[C@]12CCC(=O)C=C1CCC1C2=CC[C@]2(C)C(=O)CCC12,CHEMBL165218,active,6.060480747381382
CC[C@@H]([C@H](C)O)n1ncn(-c2ccc(N3CCN(c4ccc(OC[C@@H]5CO[C@@](Cn6cncn6)(c6ccc(F)cc6F)C5)cc4)CC3)cc2)c1=O,CHEMBL1397,intermediate,5.075720713938118
CC[C@@H]1CC2C(CCC3(C)C(=O)CCC23)C2(C)C=CC(=O)C=C12,CHEMBL8313,active,7.267606240177032
CC[C@@H]1CC2C(CCC3(C)C(O)CCC23)C2(C)CCCC=C12,CHEMBL306022,active,8.481486060122112
CC[C@@H]1CC2C3CCC(=O)C3(C)CCC2C2(C)CCC(=O)C=C12,CHEMBL25059,active,6.853871964321762
CC[C@@H]1CC2C3CCC(=O)C3(C)CCC2C2(C)CCCC=C12,CHEMBL307690,active,9.494850021680094
CC[C@@H]1C[C@@H]2[C@H](CC[C@]3(C)C(=O)CC[C@@H]23)[C@@]2(C)C=CC(=O)C=C12,CHEMBL3753810,active,7.268008550981071
CC[C@@H]1C[C@@H]2[C@H](CC[C@]3(C)C(=O)CC[C@@H]23)[C@@]2(C)CCC(=O)C=C12,CHEMBL3752661,active,6.853996066189131
CC[C@@H]1C[C@@H]2[C@H](CC[C@]3(C)C(=O)CC[C@@H]23)[C@@]2(C)CCCC=C12,CHEMBL5281516,active,6.49499933607313
CC[C@@H]1C[C@@H]2[C@H](CC[C@]3(C)C(O)CC[C@@H]23)[C@@]2(C)CCCC=C12,CHEMBL5286964,intermediate,5.88599985905086
CC[C@@H]1C[C@@]2(C)C(=CC1=O)CC[C@@H]1[C@@H]2CC[C@]2(C)C(=O)CC[C@@H]12,CHEMBL3623219,active,6.319003122003004
CC[C@@]1(c2ccc(N)cc2)CCC(=O)NC1=O,CHEMBL1394757,inactive,3.431798275933005
CC[C@H](Nc1cc(C)nc(Nc2cccc(O)c2)n1)c1nccs1,CHEMBL4437198,intermediate,5.292429823902063
CC[C@H]1CC2C(CCC3(C)C(=O)CCC23)C2(C)C=CC(=O)C=C12,CHEMBL8498,active,6.6020599913279625
CC[C@H]1CC2C(CCC3(C)C(O)CCC23)C2(C)CCCC=C12,CHEMBL74339,active,8.886056647693163
CC[C@H]1CC2C3CCC(=O)C3(C)CCC2C2(C)CCC(=O)C=C12,CHEMBL24021,active,6.585026652029182
CC[C@H]1CC2C3CCC(=O)C3(C)CCC2C2(C)CCCC=C12,CHEMBL70436,active,9.958607314841776
CC[C@H]1CCC[C@@]2(C)C1=CC[C@@H]1[C@@H]2CC[C@]2(C)C(=O)CC[C@@H]12,CHEMBL1630277,intermediate,5.346999859889158
CC[C@H]1CC[C@@H](OC(=O)Cc2ccncc2)CC1,CHEMBL5438005,active,6.920999747696151
CC[C@H]1C[C@@H]2[C@H](CC[C@]3(C)C(=O)CC[C@@H]23)[C@@]2(C)C=CC(=O)C=C12,CHEMBL5282309,active,6.602007879116804
CC[C@H]1C[C@@H]2[C@H](CC[C@]3(C)C(=O)CC[C@@H]23)[C@@]2(C)CCC(=O)C=C12,CHEMBL5277446,active,6.584993246046173
CC[C@H]1C[C@@H]2[C@H](CC[C@]3(C)C(=O)CC[C@@H]23)[C@@]2(C)CCCC=C12,CHEMBL3753084,active,6.959002307576509
CC[C@H]1C[C@@H]2[C@H](CC[C@]3(C)C(O)CC[C@@H]23)[C@@]2(C)CCCC=C12,CHEMBL5290511,active,6.885989838296538
CC[C@H]1[C@@H]2[C@@H](O)CCN2C(=O)N1c1ccc(C#N)c(Cl)c1C,CHEMBL229861,inactive,4.0
CC[C@]1(c2ccc(N)cc2)CCC(=O)NC1=O,CHEMBL2051951,inactive,4.721246399047171
CC[C@]1(c2ccncc2)CC(C)(C)C(=O)NC1=O,CHEMBL269761,inactive,3.6989700043360174
CC[C@]1(c2ccncc2)CCC(=O)N(C)C1=O,CHEMBL314991,inactive,4.522878745280337
CC[C@]1(c2ccncc2)CCC(=O)NC1=O,CHEMBL330452,inactive,5.0
CC[C@]1(c2ccncc2)C[C@@H](C)C(=O)NC1=O,CHEMBL124118,inactive,4.031999993819582
CC[C@]1(c2ccncc2)C[C@H](C)C(=O)NC1=O,CHEMBL124230,inactive,4.638272163982407
CC[C@]12C=CC(=O)C=C1C=C[C@H]1[C@@H]3CCC(=O)[C@@]3(C)CC[C@@H]12,CHEMBL3752460,active,6.443999197391357
CC[C@]12C=CC(=O)C=C1CC[C@H]1[C@@H]3CCC(=O)[C@@]3(C)CC[C@@H]12,CHEMBL3752973,active,6.795988604538516
CC[C@]12CCC(=O)C=C1C(=O)C[C@@H]1[C@@H]2CC[C@]2(C)C(=O)CC[C@@H]12,CHEMBL5274587,intermediate,5.6579999748624346
CC[C@]12CCC(=O)C=C1C=C[C@@H]1[C@@H]2CC[C@]2(C)C(=O)CC[C@@H]12,CHEMBL3753667,active,6.522994572586506
CC[C@]12CCC(=O)C=C1CC[C@@H]1[C@@H]2CC[C@]2(C)C(=O)CC[C@@H]12,CHEMBL3754719,active,6.522994572586506
CCc1[nH]c2ccc(C(=O)NCC(C)n3cncn3)cc2c1C,CHEMBL1784794,inactive,4.97469413473523
CCc1c(F)cncc1-c1nc2ccc(F)cn2c1C1CC1,CHEMBL3919759,active,6.920818753952375
CCc1ccc(C(CCCc2c[nH]cn2)c2ccccc2)cc1,CHEMBL5425854,intermediate,5.071000242946834
CCc1ccc(C(c2cc3ccc(OC)cc3o2)n2cncn2)cc1,CHEMBL371663,active,6.927015255372069
CCc1nc(C)cn1Cc1ccccc1CC(=O)O,CHEMBL3623229,intermediate,5.207608310501746
CCc1nnc2n1-c1c(F)cc(-c3cccnc3)cc1CC2,CHEMBL3415157,inactive,5.0
CCc1nnc2n1-c1cc(F)c(-c3cccnc3)cc1CC2,CHEMBL3415156,inactive,5.0
CCn1c(C(Cc2ccc(Cl)cc2)n2ccnc2)c(C)c2cc(Br)ccc21,CHEMBL5432961,active,6.387004343967653
CCn1c(C(Cc2ccc(Cl)cc2)n2ccnn2)c(C)c2cc(Br)ccc21,CHEMBL5416291,intermediate,5.72599926439034
CCn1c(C(Cc2ccc(F)cc2)n2ccnc2)c(C)c2ccccc21,CHEMBL5428148,active,6.920999747696151
CCn1c(C(Cc2ccc(F)cc2)n2ccnn2)c(C)c2cc(Br)ccc21,CHEMBL5438740,intermediate,5.461000474325561
CCn1c(C(Cc2cccc(Cl)c2)n2ccnc2)c(C)c2cc(Br)ccc21,CHEMBL5416993,active,6.027001529984912
CCn1c(C(Cc2cccc(Cl)c2)n2ccnn2)c(C)c2cc(Br)ccc21,CHEMBL5436084,inactive,4.756999922719754
CCn1c(C(Cc2ccccc2)n2ccnc2)c(C)c2cc(Br)ccc21,CHEMBL5437093,active,6.376998948809717
CCn1c(C(Cc2ccccc2)n2ccnn2)c(C)c2cc(Br)ccc21,CHEMBL5431946,intermediate,5.484999595185148
CCn1c(C(c2ccc(F)cc2)n2ccnc2)c(C)c2cc(Br)ccc21,CHEMBL431859,active,6.623423042943488
CCn1c(C)c(C(Cc2ccc(F)cc2)n2ccnc2)c2ccccc21,CHEMBL5425567,active,7.494985759915893
CCn1c(C)c(C(c2ccc(F)cc2)n2ccnc2)c2ccccc21,CHEMBL1097043,active,7.494850021680094
CCn1c2ccccc2c2ccc(C(c3[nH]c4ccccc4c3CCNS(=O)(=O)c3ccc(Cl)cc3)c3[nH]c4ccccc4c3CCNS(=O)(=O)c3ccc(Cl)cc3)cc21,CHEMBL4170175,intermediate,5.4089353929735005
CCn1cc(C(Cc2ccc(Cl)cc2Cl)n2ccnc2)c2cc(Br)ccc21,CHEMBL5413476,active,6.20600019901553
CCn1cc(C(Cc2ccc(F)cc2)n2ccnc2)c2cc(Br)ccc21,CHEMBL5439256,active,6.015999560052149
CCn1cc(C(Cc2ccc(F)cc2)n2ccnc2)c2cc(C#N)ccc21,CHEMBL5395602,active,6.853996066189131
CCn1cc(C(Cc2ccc(F)cc2)n2ccnc2)c2cc(Cl)ccc21,CHEMBL5428001,active,6.823995608527747
CCn1cc(C(Cc2ccc(F)cc2)n2ccnc2)c2cc(F)ccc21,CHEMBL5432971,active,7.221993538576491
CCn1cc(C(c2ccc(Cl)cc2)n2ccnc2)c2cc(Br)ccc21,CHEMBL1997104,active,6.928007592875824
CCn1cc(C(c2ccc(Cl)cc2)n2ccnn2)c2cc(Br)ccc21,CHEMBL5414198,intermediate,5.061000214551448
CCn1cc(C(c2ccc(F)cc2)n2ccnc2)c2cc(Br)ccc21,CHEMBL111888,active,7.286005732339356
CCn1cc(C(c2ccc(F)cc2)n2ccnc2)c2ccccc21,CHEMBL113637,active,7.244125144327507
CCn1cc(C(c2ccccc2)n2ccnc2)c2cc(Br)ccc21,CHEMBL1094428,active,6.991399828238082
CCn1cc(C(c2ccccc2)n2ccnc2)c2ccccc21,CHEMBL3623225,active,7.0
CCn1cc(C(c2ccccc2)n2ccnn2)c2cc(Br)ccc21,CHEMBL5439659,intermediate,5.509999358109048
CCn1cc(Cn2ccnc2)c2ccccc21,CHEMBL115899,intermediate,5.446000530112447
CCn1ccc2c3c(C(=O)O)cc(-c4ccccc4)nc3ccc21,CHEMBL2442765,intermediate,5.83209218999852
CCn1ccc2c3c(CO)cc(-c4ccccc4)nc3ccc21,CHEMBL2442755,inactive,5.0
CCn1ccc2c3c(Cn4ccnc4)cc(-c4ccccc4)nc3ccc21,CHEMBL2442760,active,8.508638306165727
CCn1ccc2c3c(Cn4cncn4)cc(-c4ccccc4)nc3ccc21,CHEMBL2442762,active,7.876148359032914
CCn1ccc2c3nc(-c4ccccc4)cc(CO)c3ccc21,CHEMBL2442753,inactive,5.0
CCn1ccc2c3nc(-c4ccccc4)cc(Cn4ccnc4)c3ccc21,CHEMBL2442758,active,8.275724130399212
CCn1ccc2cc(Br)cc(C(Cc3ccc(F)cc3)n3ccnc3)c21,CHEMBL5410174,active,6.698991719603
CCn1ccc2cc(Br)cc(C(c3ccc(F)cc3)n3ccnc3)c21,CHEMBL39423,active,6.698970004336019
CCn1ccc2cc(C(c3ccc(F)cc3)n3ccnc3)ccc21,CHEMBL41761,active,7.397940008672037
CCn1ccc2cc(C(c3ccccc3)n3ccnc3)ccc21,CHEMBL112074,active,6.688246138944246
CCn1ccc2cccc(C(Cc3ccc(Br)cc3)n3ccnc3)c21,CHEMBL5394067,active,7.155026061853112
CCn1ccc2cccc(C(Cc3ccc(Cl)cc3)n3ccnc3)c21,CHEMBL5438840,active,7.26003230324049
CCn1ccc2cccc(C(Cc3ccc(F)cc3)n3ccnc3)c21,CHEMBL5401017,active,7.208028798979232
CCn1ccc2cccc(C(Cc3cccc(Cl)c3)n3ccnc3)c21,CHEMBL5407480,active,6.770011163455189
CCn1ccc2cccc(C(c3ccc(Br)cc3)n3ccnc3)c21,CHEMBL285193,active,7.154901959985743
CCn1ccc2cccc(C(c3ccc(Cl)cc3)n3ccnc3)c21,CHEMBL289945,active,7.259637310505756
CCn1ccc2cccc(C(c3ccc(F)cc3)n3ccnc3)c21,CHEMBL416616,active,7.207608310501746
CCn1ccc2cccc(C(c3cccc(Cl)c3)n3ccnc3)c21,CHEMBL287967,active,6.769551078621726
CN(C)CC[C@]12CCC(=O)C=C1CCC1C2=CC[C@]2(C)C(=O)CCC12,CHEMBL166017,inactive,5.0
CN(C)S(=O)(=O)Oc1ccc(-c2cc(Cn3cncn3)ccc2C#N)cc1,CHEMBL596779,active,9.30102999566398
CN(C)S(=O)(=O)Oc1ccc(-c2cc(Cn3cncn3)ccc2C#N)cc1Cl,CHEMBL599238,active,8.619788758288394
CN(C)S(=O)(=O)Oc1ccc(C(c2ccc(C#N)cc2)n2cncn2)cc1Br,CHEMBL5430347,active,7.638083381331357
CN(C)c1ccc(Oc2ccc3c(Cn4ccnc4)cc(=O)oc3c2)cc1,CHEMBL1688909,active,7.091514981121351
CN(CCN(c1ccc(C#N)cc1)n1cnnc1)S(=O)(=O)c1ccc(O)cc1,CHEMBL5427905,active,8.260032303240491
CN(CCN(c1ccc(C#N)cc1)n1cnnc1)S(=O)(=O)c1ccc(OS(N)(=O)=O)cc1,CHEMBL5394799,active,8.0
CN(CCO)C(=O)c1ccc(Cc2onc3c2C(=O)CC(C)(C)C3)cc1,CHEMBL4214618,inactive,4.499999953328896
CN(c1ccc(N)cc1OCc1ccccc1)S(C)(=O)=O,CHEMBL272398,intermediate,5.958607314841775
CN(c1ccc(NC(=O)C2CCCCC2)cc1OCc1ccccc1)S(C)(=O)=O,CHEMBL270917,active,6.6020599913279625
CN(c1ccc(NC(=O)c2ccc(-c3ccccc3)cc2)cc1OCc1ccccc1)S(C)(=O)=O,CHEMBL271794,active,6.920818753952375
CN(c1ccc(NC(=O)c2ccc(C#N)cc2)cc1OCc1ccccc1)S(C)(=O)=O,CHEMBL409271,active,6.356547323513812
CN(c1ccc(NC(=O)c2ccc(Cl)c(Cl)c2)cc1OCc1ccccc1)S(C)(=O)=O,CHEMBL271129,active,6.161150909262744
CN(c1ccc(NC(=O)c2ccc(Cl)c([N+](=O)[O-])c2)cc1OCc1ccccc1)S(C)(=O)=O,CHEMBL270915,active,6.161150909262744
CN(c1ccc(NC(=O)c2ccc3ccccc3c2)cc1OCc1ccccc1)S(C)(=O)=O,CHEMBL270283,intermediate,5.97061622231479
CN(c1ccc(NC(=O)c2ccccc2)cc1OCc1ccccc1)S(C)(=O)=O,CHEMBL443066,intermediate,5.752026733638194
CN(c1ccc([N+](=O)[O-])cc1OC1CCCC1)S(C)(=O)=O,CHEMBL202473,active,6.356547323513812
CN(c1ccc([N+](=O)[O-])cc1OC1CCCCC1)S(C)(=O)=O,CHEMBL204183,active,6.327902142064283
CN(c1ccc([N+](=O)[O-])cc1OCC1CCCCC1)S(C)(=O)=O,CHEMBL204502,active,6.017728766960431
CN(c1ccc([N+](=O)[O-])cc1OCCc1ccccc1)S(C)(=O)=O,CHEMBL436515,active,6.2839966563652006
CN(c1ccc([N+](=O)[O-])cc1OCc1ccc(-c2ccccc2)cc1)S(C)(=O)=O,CHEMBL373377,active,6.187086643357144
CN(c1ccc([N+](=O)[O-])cc1OCc1ccc(Br)cc1)S(C)(=O)=O,CHEMBL220793,active,6.481486060122113
CN(c1ccc([N+](=O)[O-])cc1OCc1ccc(Cl)cc1)S(C)(=O)=O,CHEMBL220792,intermediate,5.619788758288394
CN(c1ccc([N+](=O)[O-])cc1OCc1ccc(F)cc1)S(C)(=O)=O,CHEMBL376649,intermediate,5.749579997691106
CN(c1ccc([N+](=O)[O-])cc1OCc1ccc([N+](=O)[O-])cc1)S(C)(=O)=O,CHEMBL376303,active,6.309803919971486
CN(c1ccc([N+](=O)[O-])cc1OCc1ccc2ccccc2c1)S(C)(=O)=O,CHEMBL374535,intermediate,5.571865205971212
CN(c1ccc([N+](=O)[O-])cc1OCc1cccc2ccccc12)S(C)(=O)=O,CHEMBL222189,intermediate,5.931814138253839
CN(c1ccc([N+](=O)[O-])cc1OCc1ccccc1)S(C)(=O)=O,CHEMBL222250,active,6.091514981121351
CN(c1ccc([N+](=O)[O-])cc1OCc1ccccc1-c1ccccc1)S(C)(=O)=O,CHEMBL223368,active,6.481486060122113
CN(c1ccccc1)S(=O)(=O)C1CC2OC1C(c1ccc(-n3ccnc3)cc1)=C2c1ccc(O)cc1,CHEMBL5407335,active,6.810509686300632
CN1C(=O)C2CC2(c2ccc(N)cc2)C1=O,CHEMBL368732,intermediate,5.6020599913279625
CN1C(=O)CC(C)(c2ccc(N)cc2)C1=O,CHEMBL151691,inactive,4.998266287190999
CN1C(=O)CC(c2ccc(N)cc2)C1=O,CHEMBL357775,inactive,4.998266287190999
CN1C(=O)CCC(c2ccncc2)C1=O,CHEMBL5430301,inactive,2.6970000005639143
CN1C(=O)CCc2cc(-c3cccnc3)c(OC3CCCC3)cc21,CHEMBL2165319,active,7.657577319177793
CN1C(=O)CCc2cc(-c3cccnc3)c(OCc3ccccc3)cc21,CHEMBL2165321,active,7.958607314841775
CN1C(=O)CCc2cc(-c3cccnc3)ccc21,CHEMBL446083,active,7.0
CN1CCN(C(=O)c2ccc(Cc3onc4c3C(=O)CC(C)(C)C4)cc2)CC1=O,CHEMBL4212918,inactive,4.499999953328896
CN1N=C2[C@H](C[C@H]3[C@@H]4CCC5=CC(=O)C=C[C@]5(C)[C@H]4CC[C@]23C)[C@H]1c1ccccc1,CHEMBL3752166,intermediate,5.739928612014925
CN1N=C2[C@H](C[C@H]3[C@@H]4CC[C@H]5CC(=O)CC[C@]5(C)[C@H]4CC[C@]23C)[C@H]1c1ccccc1,CHEMBL5276442,intermediate,5.321000248881201
CN1N=C2[C@H](C[C@H]3[C@@H]4CC[C@H]5C[C@@H](O)CC[C@]5(C)[C@H]4CC[C@]23C)[C@H]1c1ccccc1,CHEMBL5276017,intermediate,5.197999802168344
CN1N=C2[C@H](C[C@H]3[C@@H]4CC[C@H]5C[C@@H](OC(=O)C(F)(F)F)CC[C@]5(C)[C@H]4CC[C@]23C)[C@H]1c1ccccc1,CHEMBL5281823,intermediate,5.236000312221723
COC(=O)C1=C(C)NC(C)=C(C(=O)OC)C1C[C@H]1C[C@@H]2[C@H](CC[C@]3(C)C(=O)CC[C@@H]23)[C@@]2(C)C=CC(=O)C=C12,CHEMBL3752191,inactive,5.0
COC(=O)[C@@H]1Cc2c([nH]c3ccccc23)CN1C(=O)NC(C)C,CHEMBL1915167,inactive,4.325138859262188
COC(=O)[C@@H]1Cc2c([nH]c3ccccc23)CN1CC(C)C,CHEMBL1915152,inactive,4.1904402853647325
COC(=O)[C@@H]1Cc2c([nH]c3ccccc23)CN1CC1CC1,CHEMBL1915161,inactive,4.23210238398191
COC(=O)[C@@H]1Cc2c([nH]c3ccccc23)CN1Cc1ccc(O)cc1,CHEMBL1915401,inactive,4.241088107602026
COC(=O)[C@@H]1Cc2c([nH]c3ccccc23)CN1S(=O)(=O)c1ccc(C)cc1,CHEMBL1915156,inactive,4.199282921717615
COC(=O)[C@H]1Cc2c([nH]c3ccccc23)CN1S(C)(=O)=O,CHEMBL1915159,inactive,4.166852888087215
COC(=O)[C@]1(c2ccc(C#N)cc2Cl)CCc2cncn21,CHEMBL3099686,active,7.301029995663981
COC(=O)c1ccc(NCC2=CC(=O)c3ccccc3C2=O)cc1,CHEMBL1991089,inactive,4.020907099361674
COC(=O)c1ccc2cc(-c3cccnc3)ccc2c1,CHEMBL438802,intermediate,5.902395671125589
COC(=O)c1ccccc1OCc1cn(-c2ccc(S(=O)(=O)N3CCc4cc(OC)c(OC)cc4C3)cc2)nn1,CHEMBL3264682,inactive,4.903089986991944
COC(=O)c1ccccc1S(=O)(=O)N1CCCC(Cn2ccnc2)C1,CHEMBL3805021,active,7.275724130399211
COC(=O)c1cncc(-c2ccc3c(c2)CCc2nnc(C)n2-3)c1,CHEMBL3622437,inactive,5.0
COC(C)(C)c1cncc(-c2ccc3c(c2)CCc2nnc(C)n2-3)c1,CHEMBL2331704,inactive,4.95233580539844
COC(c1ccc(Cl)cc1)(c1ccc(Cl)cc1)c1cccnc1,CHEMBL133082,intermediate,5.79599946475137
COC1=C2C(=O)C[C@@H]3[C@H](CC[C@]4(C)C(=O)CC[C@@H]34)[C@@]2(C)CC(C)(C)C1=O,CHEMBL5278956,intermediate,5.720999607054854
COC1=C2C(=O)C[C@@H]3[C@H](CC[C@]4(C)C(=O)CC[C@@H]34)[C@@]2(C)CCC1=O,CHEMBL5271699,intermediate,5.699000406013823
COC1=C2C=C[C@@H]3[C@H](CC[C@]4(C)C(=O)CC[C@@H]34)[C@@]2(C)CCC1=O,CHEMBL5271912,inactive,4.958999936548504
COC1=C2CC[C@@H]3[C@H](CC[C@]4(C)C(=O)CC[C@@H]34)[C@@]2(C)CCC1=O,CHEMBL5282986,intermediate,5.142999986721961
COC1=C[C@@H]2[C@H](CC[C@]3(C)C(=O)CC[C@@H]23)[C@@]2(C)C=CC(=O)C=C12,CHEMBL5270578,active,6.097002310392405
COC1=C[C@@H]2[C@H](CC[C@]3(C)C(=O)CC[C@@H]23)[C@@]2(C)CCC(=O)C=C12,CHEMBL5279329,active,6.155001238642457
COC1=C[C@@]2(C)C(=CC1=O)CC[C@@H]1[C@@H]2CC[C@]2(C)C(=O)CC[C@@H]12,CHEMBL3753272,intermediate,5.958998355870358
COC1C(F)=Cc2cc(Cn3ccnc3)ccc2C1F,CHEMBL5434685,active,6.118997873412474
COCCS(=O)(=O)N1CCN(c2ccc(OC[C@@H]3CO[C@@](Cn4ccnc4)(c4ccc(Cl)cc4Cl)O3)cc2)CC1,CHEMBL3964421,inactive,5.0
COCC[C@]12CCC(=O)C=C1CCC1C2=CC[C@]2(C)C(=O)CCC12,CHEMBL165925,inactive,5.0
COCOC1=C2CCC3C(CC[C@]4(C)C(=O)CCC34)[C@@]2(C)CCC1=O,CHEMBL290309,intermediate,5.356547323513812
COCOC1=C2CC[C@@H]3[C@H](CC[C@]4(C)C(=O)CC[C@@H]34)[C@@]2(C)CCC1=O,CHEMBL5273960,intermediate,5.356999620028794
COCOc1ccc(/C=C/C(=O)c2ccc(OC)cc2O)cc1CC=C(C)C,CHEMBL390731,inactive,3.582528306796707
COCOc1ccc(C(=O)/C=C/c2ccc(OC)c(CC=C(C)C)c2)c(O)c1,CHEMBL229893,inactive,3.582528306796707
COCOc1ccc(C(=O)/C=C/c2ccc(OCOC)c(CC=C(C)C)c2)c(O)c1,CHEMBL229944,inactive,3.615467384505752
COCOc1ccc(C2CC(=O)c3ccc(OC)cc3O2)cc1CC=C(C)C,CHEMBL229790,inactive,4.599634726650061
COCOc1ccc2c(c1)OC(c1ccc(OC)c(CC=C(C)C)c1)CC2=O,CHEMBL425670,intermediate,5.115204636051019
COCOc1ccc2c(c1)OC(c1ccc(OCOC)c(CC=C(C)C)c1)CC2=O,CHEMBL229945,inactive,4.855425792390384
COCSC1=C2CCC3C(CC[C@]4(C)C(=O)CCC34)[C@@]2(C)CCC1=O,CHEMBL291279,inactive,5.0
COCSC1=C2CC[C@@H]3[C@H](CC[C@]4(C)C(=O)CC[C@@H]34)[C@@]2(C)CCC1=O,CHEMBL5267848,inactive,5.0
CO[C@@H]1CC2C3CCC(=O)C3(C)CCC2C2(C)CCCC=C12,CHEMBL308537,active,9.886056647693165
CO[C@@H]1C[C@@H]2[C@H](CC[C@]3(C)C(=O)CC[C@@H]23)[C@@]2(C)C=CC(=O)C=C12,CHEMBL2179107,active,6.208000753744525
CO[C@@H]1C[C@@H]2[C@H](CC[C@]3(C)C(=O)CC[C@@H]23)[C@@]2(C)CCC(=O)C=C12,CHEMBL5269898,active,6.770011163455189
CO[C@@H]1C[C@@H]2[C@H](CC[C@]3(C)C(=O)CC[C@@H]23)[C@@]2(C)CCCC=C12,CHEMBL3752063,active,7.301029995663981
CO[C@@H]1C[C@@H]2[C@H](CC[C@]3(C)C(=O)CC[C@@H]23)c2ccc(O)cc21,CHEMBL5265959,inactive,4.310000017174303
CO[C@@H]1C[C@@]2(C)C(=CC1=O)CC[C@@H]1[C@@H]2CC[C@]2(C)C(=O)CC[C@@H]12,CHEMBL3751945,inactive,4.927999865939462
CO[C@H]1CC2C3CCC(=O)C3(C)CCC2C2(C)CCCC=C12,CHEMBL307581,active,9.920818753952377
CO[C@H]1CCC[C@@]2(CO)C1=CC[C@@H]1[C@@H]2CC[C@]2(C)C(=O)CC[C@@H]12,CHEMBL1630275,inactive,3.82400001028115
CO[C@H]1C[C@@H]2[C@H](CC[C@]3(C)C(=O)CC[C@@H]23)[C@@]2(C)C=CC(=O)C=C12,CHEMBL5289646,active,6.357001596156081
CO[C@H]1C[C@@H]2[C@H](CC[C@]3(C)C(=O)CC[C@@H]23)[C@@]2(C)CCC(=O)C=C12,CHEMBL5275053,active,6.268000501111618
CO[C@H]1C[C@@H]2[C@H](CC[C@]3(C)C(=O)CC[C@@H]23)[C@@]2(C)CCCC=C12,CHEMBL3753281,active,6.795988604538516
CO[C@H]1C[C@@H]2[C@H](CC[C@]3(C)C(=O)CC[C@@H]23)c2ccc(O)cc21,CHEMBL5285355,inactive,4.22899998540962
CO[C@H]1C[C@@H]2[C@H](CC[C@]3(C)[C@@H](O)CC[C@@H]23)c2ccc(O)cc21,CHEMBL5290922,inactive,4.004000019677082
COc1c(-c2ccc(O)c(O)c2)oc2cc(O)c(C/C=C(\C)CCC=C(C)C)c(O)c2c1=O,CHEMBL457262,active,7.397940008672037
COc1c(C)c(O)c(C=O)c2c1[C@H](O)C[C@@H](c1ccccc1)O2,CHEMBL3134113,active,7.096910013008056
COc1c(C)c(O)c(C=O)c2c1[C@H](OC)C[C@@H](c1ccccc1)O2,CHEMBL3134114,active,6.823908740944319
COc1c(C)c(O)c2c(c1C)O[C@H](c1ccccc1)CC2=O,CHEMBL53343,inactive,4.903089986991944
COc1c(C)c(OC)c2c(c1C)O[C@H](c1ccccc1)C[C@H]2O,CHEMBL3134111,inactive,4.97061622231479
COc1c(C)c(OC)c2c(c1C=O)O[C@H](c1ccccc1)C[C@H]2O,CHEMBL3134110,intermediate,5.995678626217358
COc1c(C)cc(S(=O)(=O)N2CCCC(Cn3ccnc3)C2)c(C)c1C,CHEMBL3805388,active,7.346787486224656
COc1c(C)cc(S(=O)(=O)N2CCCC(Cn3ccnc3)C2)cc1C,CHEMBL3806075,active,7.67778070526608
COc1c(F)cc2c(C)c(Cn3ccnc3)ccc2c1F,CHEMBL5439806,active,6.018000285870121
COc1c(O)cc2oc3cc(O)c(CC=C(C)C)c(O)c3c(=O)c2c1CC=C(C)C,CHEMBL323197,inactive,4.684029654543083
COc1c(O)cc2oc3cc(O)c(CC=C(C)C)c(O)c3c(=O)c2c1CCC(C)(C)O,CHEMBL462879,intermediate,5.2839966563652006
COc1c(OC)c(OC)c2c(C)cc(=O)[nH]c2c1OC,CHEMBL493182,intermediate,5.245651664288981
COc1c(OC)c(OC)c2c(c(C)cc(=O)n2C)c1OC,CHEMBL455593,active,6.119186407719209
COc1cc(-c2nc(-c3cccnc3)cs2)ccn1,CHEMBL1957217,active,7.638272163982407
COc1cc(/C=C(\Cn2ccnc2)c2ccc(N)cc2)cc(OC)c1,CHEMBL1170893,active,7.443697499232712
COc1cc(/C=C(\Cn2ccnc2)c2ccc([N+](=O)[O-])cc2)cc(OC)c1,CHEMBL1170678,active,7.221993538576491
COc1cc(/C=C/C(=O)OC/C(C)=C/Cc2c(O)ccc(C(=O)/C=C/c3ccc(O)cc3O)c2O)ccc1O,CHEMBL463638,intermediate,5.1487416512809245
COc1cc(/C=C/c2ccc(N)cc2)c(OC)c(OC)c1,CHEMBL1170663,intermediate,5.642065152999546
COc1cc(/C=C/c2ccc(N)cc2)cc(OC)c1,CHEMBL324290,active,6.509002705984747
COc1cc(/C=C/c2ccc(N)cc2)cc(OC)c1OC,CHEMBL87477,active,6.04599883231843
COc1cc(/C=C/c2cccc(N)c2)cc(OC)c1OC,CHEMBL1173065,inactive,4.784626847216578
COc1cc(/C=C/c2ccccc2[N+](=O)[O-])cc(OC)c1,CHEMBL5435609,intermediate,5.407999884206644
COc1cc(/C=C2\C[C@H]3[C@@H]4CC=C5C[C@@H](O)CC[C@]5(C)[C@H]4CC[C@]3(C)[C@H]2O)ccc1OCCCn1ccnc1,CHEMBL3623212,intermediate,5.619788758288394
COc1cc(/C=C2\C[C@H]3[C@@H]4CCC5=CC(=O)CC[C@]5(C)[C@H]4CC[C@]3(C)C2=O)ccc1OCCCn1ccnc1,CHEMBL3752689,intermediate,5.356547323513812
COc1cc(/C=C2\Cc3ccccc3C2=O)ccc1OCCCn1ccnc1,CHEMBL2235950,active,6.259637310505756
COc1cc(=O)n(C)c2c3c(ccc12)OCO3,CHEMBL492762,intermediate,5.406713932979542
COc1cc(C(=O)N(C)C)cc(C=O)c1C(=O)c1c(C)cccc1O,CHEMBL1094149,active,7.764471553092451
COc1cc(C(c2ccc(O)c(OC)c2)n2cncn2)ccc1O,CHEMBL480516,active,6.667561540084395
COc1cc(C2CC(=O)Oc3cc4c(cc32)OCO4)cc(OC)c1O,CHEMBL3623228,inactive,4.91721462968355
COc1cc(C2CC(=O)Oc3cc4c(cc32)OCO4)cc(OC)c1OC(C)=O,CHEMBL3827037,inactive,4.91721462968355
COc1cc(CC(=O)N2CCOC(Cn3ccnc3)C2)cc(OC)c1OC,CHEMBL1784791,active,7.22767829327708
COc1cc(CCc2ccc(N)cc2)cc(OC)c1,CHEMBL1171818,intermediate,5.559090917934782
COc1cc(CCc2ccc(N)cc2)cc(OC)c1OC,CHEMBL86928,intermediate,5.554395796726403
COc1cc(CN(c2ccc(C#N)cc2)n2cnnc2)cc(Cl)c1O,CHEMBL388507,active,9.292429823902063
COc1cc(CN(c2ccc(C#N)cc2)n2cnnc2)cc(Cl)c1OS(N)(=O)=O,CHEMBL390717,active,8.537602002101044
COc1cc(CN(c2ccc(C#N)cc2)n2cnnc2)ccc1O,CHEMBL226791,active,8.55284196865778
COc1cc(CN(c2ccc(C#N)cc2)n2cnnc2)ccc1OS(N)(=O)=O,CHEMBL226736,active,7.376750709602099
COc1cc(COc2ccc3c(Cn4ccnc4)cc(=O)oc3c2)cc(OC)c1OC,CHEMBL3359958,active,6.45717457304082
COc1cc(Cl)c(S(=O)(=O)NCCCn2ccnc2)cc1Cl,CHEMBL1351273,active,7.195860567664649
COc1cc(Cl)ccc1C(O)(c1ccccc1)c1cccnc1,CHEMBL343273,intermediate,5.7450002209360775
COc1cc(Cn2ccnc2)c2ccc(=O)oc2c1,CHEMBL375046,active,6.774690718274137
COc1cc(O)c(C(=O)/C=C/c2ccccc2)c(O)c1,CHEMBL317221,inactive,4.844999987389968
COc1cc(O)c(C=O)c2c1[C@H](O)C[C@@H](c1ccccc1)O2,CHEMBL3134109,active,7.397940008672037
COc1cc(O)c(C=O)c2c1[C@H](OC)C[C@@H](c1ccccc1)O2,CHEMBL3134112,active,7.045757490560675
COc1cc(O)c([C@@H]2C[C@@H](c3ccccc3)Oc3c(C=O)c(O)cc(O)c32)c(O)c1C(=O)/C=C/c1ccccc1,CHEMBL3134107,intermediate,5.481486060122113
COc1cc(O)c([C@H]2C[C@@H](c3ccccc3)Oc3c(C=O)c(O)cc(O)c32)c(O)c1C(=O)/C=C/c1ccccc1,CHEMBL3134108,intermediate,5.7447274948966935
COc1cc(O)c2c(c1)O[C@]1(C)[C@@H](O)[C@@H](C)C[C@H](O)[C@@H]1C2=O,CHEMBL376473,inactive,4.548213564475709
COc1cc(O)c2c(c1C)O[C@H](c1ccccc1)CC2=O,CHEMBL3134115,active,6.221848749616356
COc1cc(O)c2c(c1CC=C(C)C)O[C@H](c1ccc(O)cc1O)CC2,CHEMBL463255,active,7.397940008672037
COc1cc(O)cc(-c2cc3ccc(O)cc3o2)c1CC=C(C)C,CHEMBL463435,active,7.397940008672037
COc1cc(O)ccc1CCCc1ccc(O)c(CC=C(C)C)c1,CHEMBL463254,active,7.397940008672037
COc1cc(O)ccc1CCCc1ccc(O)cc1,CHEMBL463454,active,7.397940008672037
COc1cc(OC)c(OC)cc1CCc1ccc(N)cc1,CHEMBL5423576,intermediate,5.553000204756657
COc1cc(OC)c2[nH]c(=O)cc(C)c2c1,CHEMBL476126,inactive,4.039576792922171
COc1cc(OC)c2[nH]c(=O)cc(C)c2c1OC,CHEMBL493181,inactive,4.8297382846050425
COc1cc(OC)c2c(c(C)cc(=O)n2C)c1OC,CHEMBL449065,active,7.0
COc1cc(OC)c2c(c1)c(C)cc(=O)n2C,CHEMBL493173,active,6.017728766960431
COc1cc(OC)cc(C2COc3ccccc3C2=O)c1,CHEMBL2011184,inactive,4.958607314841775
COc1cc([N+](=O)[O-])ccc1N(C)S(C)(=O)=O,CHEMBL372835,inactive,4.6020599913279625
COc1cc([N+](=O)[O-])ccc1NS(C)(=O)=O,CHEMBL381883,inactive,4.6020599913279625
COc1cc([N+](=O)[O-])ccc1S(=O)(=O)N1CCCC(Cn2ccnc2)C1,CHEMBL3804993,active,6.889410289700751
COc1cc2c(C)cc(=O)[nH]c2c(OC)c1OC,CHEMBL454226,inactive,4.733533104559759
COc1cc2c(C)cc(=O)n(C)c2c(OC)c1OC,CHEMBL492382,intermediate,5.565431095965801
COc1cc2c(cc1-c1cccnc1)CCC(=O)N2,CHEMBL2165314,active,6.349692476868063
COc1cc2c(cc1-c1cccnc1)CCC(=O)N2C,CHEMBL2165315,active,7.309803919971486
COc1cc2c(cc1-c1cncn1CCCn1ccnc1C)OCCCO2.Cl,CHEMBL1784803,active,6.302770657240282
COc1cc2c(cc1Br)CCC1C(c3ccncc3)C21,CHEMBL419619,active,6.036212172654444
COc1cc2c(cc1Br)CC[C@@H]1[C@@H](c3ccncc3)[C@H]21,CHEMBL2096873,intermediate,5.550000451689026
COc1cc2c(cc1Br)CC[C@H]1[C@H](c3ccncc3)[C@@H]21,CHEMBL225497,active,6.030002001401658
COc1cc2c(cc1O)CC[C@@H]1[C@@H]2CC[C@]2(C)C(=O)CC[C@@H]12,CHEMBL425194,inactive,4.769999911123512
COc1cc2c(cc1O)CC[C@@H]1[C@@H]2CC[C@]2(C)[C@@H](O)CC[C@@H]12,CHEMBL299613,inactive,4.698999971689156
COc1cc2c(cc1OC)/C(=C/c1cccnc1)CCC2,CHEMBL366669,active,6.008773924307505
COc1cc2c(cc1OC)/C(=C/c1ccncc1)CCC2,CHEMBL193858,active,7.045757490560675
COc1cc2c(cc1OC)CN(S(=O)(=O)c1ccc(-n3cc(COc4cc(C=O)ccc4OC)nn3)cc1)CC2,CHEMBL3264685,inactive,4.903089986991944
COc1cc2c(cc1OC)CN(S(=O)(=O)c1ccc(-n3cc(COc4ccc([N+](=O)[O-])cc4)nn3)cc1)CC2,CHEMBL3264684,inactive,4.903089986991944
COc1cc2c(cc1OC)CN(S(=O)(=O)c1ccc(-n3cc(COc4ccccc4C(C)=O)nn3)cc1)CC2,CHEMBL3264681,inactive,4.903089986991944
COc1cc2c(cc1OC)CN(S(=O)(=O)c1ccc(-n3cc(COc4ccccc4C)nn3)cc1)CC2,CHEMBL3264679,inactive,4.903089986991944
COc1cc2c(cc1OC)CN(S(=O)(=O)c1cccc(-n3cc(COc4cc(=O)oc5ccccc45)nn3)c1)CC2,CHEMBL3589966,intermediate,5.7447274948966935
COc1cc2c(cc1OC)CN(S(=O)(=O)c1cccc(-n3cc(COc4ccc5ccc(=O)oc5c4)nn3)c1)CC2,CHEMBL3589965,active,6.698970004336019
COc1cc2c(cc1OC)CN(S(=O)(=O)c1cccc(-n3cc(COc4ccc5ccccc5c4)nn3)c1)CC2,CHEMBL5281289,active,7.154901959985743
COc1cc2ccc(Cn3ccnc3)c(C)c2cc1F,CHEMBL5440376,active,6.244003254211103
COc1cc2ccc(Cn3ccnc3)cc2cc1F,CHEMBL5399600,active,6.770011163455189
COc1cc2ccccc2cc1-n1ccnc1,CHEMBL194472,active,6.889410289700751
COc1ccc(-c2[nH]c3cc(Cl)ccc3c2Cn2ccnc2)cc1,CHEMBL4174373,active,6.55783391421528
COc1ccc(-c2[nH]c3cc(Cl)ccc3c2Cn2cncn2)cc1,CHEMBL4159159,active,6.706637445288554
COc1ccc(-c2[nH]c3cc(F)ccc3c2Cn2ccnc2)cc1,CHEMBL4163704,active,7.442492798094342
COc1ccc(-c2[nH]c3cc(F)ccc3c2Cn2cncn2)cc1,CHEMBL4169808,active,7.85078088734462
COc1ccc(-c2c(-n3ccnc3)oc3cc(OC)ccc3c2=O)cc1,CHEMBL189472,intermediate,5.698970004336019
COc1ccc(-c2c(-n3ccnc3)oc3cc(OCc4ccccc4)ccc3c2=O)cc1,CHEMBL189274,intermediate,5.327902142064283
COc1ccc(-c2c(SCc3ccccc3)oc3cc(OCc4ccccc4)ccc3c2=O)cc1,CHEMBL361872,inactive,4.0
COc1ccc(-c2c(SCc3ccncc3)oc3cc(O)ccc3c2=O)cc1,CHEMBL187068,active,6.657992070982661
COc1ccc(-c2c(SCc3ccncc3)oc3cc(OC)ccc3c2=O)cc1,CHEMBL361653,intermediate,5.508999901741964
COc1ccc(-c2c(SCc3ccncc3)oc3cc(OCc4ccccc4)ccc3c2=O)cc1,CHEMBL186079,active,6.276002823808256
COc1ccc(-c2cc(C(=O)O)c3ccc4[nH]ccc4c3n2)cc1,CHEMBL2442763,inactive,5.0
COc1ccc(-c2cc(CO)c3ccc4[nH]ccc4c3n2)cc1,CHEMBL2440145,active,6.035269078946371
COc1ccc(-c2cc(Cn3ccnc3)c3ccc4[nH]ccc4c3n2)cc1,CHEMBL2442757,active,6.342944147142896
COc1ccc(-c2cc(Cn3cncn3)c3ccc4[nH]ccc4c3n2)cc1,CHEMBL2442761,inactive,5.0
COc1ccc(-c2cc(N(Cc3ccc(OS(N)(=O)=O)cc3)n3cnnc3)ccc2C#N)cc1,CHEMBL1672980,active,10.82390874094432
COc1ccc(-c2cc3c(=O)cc(O)oc3cc2SCc2ccncc2)cc1,CHEMBL496375,active,6.657577319177793
COc1ccc(-c2ccc3ccc(=O)oc3c2)cc1,CHEMBL1650711,inactive,5.0
COc1ccc(-c2cnnn2Cc2ccco2)cc1,CHEMBL495563,intermediate,5.508638306165727
COc1ccc(-c2coc3cc(O)cc(O)c3c2=O)cc1,CHEMBL131921,active,7.991399828238082
COc1ccc(-c2csc(-c3cccnc3)n2)cn1,CHEMBL1957223,active,6.229147988357855
COc1ccc(-c2csc(-c3ccncc3)n2)cn1,CHEMBL1957221,intermediate,5.982966660701219
COc1ccc(-c2csc(-c3ncccn3)n2)cc1,CHEMBL4224993,intermediate,5.496525282385568
COc1ccc(-c2nc(-c3cccnc3)cs2)cc1,CHEMBL1957213,inactive,4.7447274948966935
COc1ccc(-c2nsc(-c3ccc(OC)cc3)n2)cc1,CHEMBL1939522,inactive,4.301029995663981
COc1ccc(-c2oc3ccccc3c(=O)c2Cn2ccnc2)cc1,CHEMBL212473,active,7.100015437450609
COc1ccc(-n2c(Cn3ccnc3)cc3ccc(C)cc32)cc1,CHEMBL2336863,active,6.857860919867865
COc1ccc(-n2c(Cn3ccnc3)cc3ccc(Cl)cc32)cc1,CHEMBL2336853,active,6.691777180778978
COc1ccc(-n2c(Cn3ccnc3)cc3ccc(OC)cc32)cc1,CHEMBL2336852,active,6.954325033230895
COc1ccc(-n2c(Cn3ccnc3)cc3ccccc32)cc1,CHEMBL2336858,active,7.111483538925055
COc1ccc(/C(=N/Nc2cnnc(Cl)c2Cl)c2ccccc2)cc1,CHEMBL497614,intermediate,5.251811972993799
COc1ccc(/C=C/C(=O)c2ccc(O)cc2O)cc1CC=C(C)C,CHEMBL389925,inactive,4.081235968972001
COc1ccc(/C=C/C(=O)c2ccc(OC)cc2O)cc1,CHEMBL229907,inactive,3.4538276316830574
COc1ccc(/C=C/C(O)c2ccccc2O)cc1CC=C(C)C,CHEMBL388375,inactive,3.508400209954132
COc1ccc(/C=C/c2c(CC=C(C)C)c(O)cc(O)c2CC(O)=C(C)C)cc1,CHEMBL5429699,inactive,5.0
COc1ccc(/C=C/c2c(CC=C(C)C)c(O)cc(O)c2CC=C(C)C)cc1,CHEMBL4553272,intermediate,5.114000248610755
COc1ccc(/C=C/c2c(CC=C(C)C)c(O)cc(O)c2CC=C(C)C)cc1O,CHEMBL4515706,intermediate,5.276000363966554
COc1ccc(/C=C/c2c(CC=C(C)C)c(O)cc3c2CC(C(C)(C)O)O3)cc1,CHEMBL5419796,inactive,4.954999927666485
COc1ccc(/C=C/c2c(CC=C(C)C)c(O)cc3c2CC(O)C(C)(C)O3)cc1,CHEMBL4517937,intermediate,5.0859997587680645
COc1ccc(/C=C/c2c(CC=C(C)C)c(O)cc3c2CC(O)C(C)(C)O3)cc1O,CHEMBL5418780,intermediate,5.021999905729564
COc1ccc(/C=C/c2c(CC=C(C)C)c(O)cc3c2CCC(C)(C)O3)cc1O,CHEMBL4517895,intermediate,5.300999596114219
COc1ccc(/C=C/c2cc(OC)cc(OC)c2)cc1,CHEMBL296411,inactive,4.866461091629782
COc1ccc(/C=C/c2ccc(N)cc2)c(OC)c1,CHEMBL1170662,active,6.119186407719209
COc1ccc(/C=C/c2ccc(N)cc2)c(OC)c1OC,CHEMBL1173067,intermediate,5.447331783887806
COc1ccc(/C=C/c2ccc(N)cc2)cc1OC,CHEMBL1172937,inactive,4.838332587562264
COc1ccc(/C=C/c2ccc([N+](=O)[O-])cc2)cc1OC,CHEMBL4206988,active,6.16699959088106
COc1ccc(/C=C/c2cccc(N)c2)c(OC)c1,CHEMBL1173641,inactive,4.95311480916229
COc1ccc(/C=C/c2ccccc2[N+](=O)[O-])cc1OC,CHEMBL5432300,intermediate,5.49499933607313
COc1ccc(/C=C2/C[C@H]3[C@@H]4CC[C@H]5C[C@@H](O)CC[C@]5(C)[C@H]4CC[C@]3(C)C2=O)cc1,CHEMBL5275933,intermediate,5.147000018354108
COc1ccc(/C=C2/C[C@H]3[C@@H]4CC[C@H]5C[C@@H](OC(=O)C(F)(F)F)CC[C@]5(C)[C@H]4CC[C@]3(C)C2=O)cc1,CHEMBL5291490,intermediate,5.154999997519168
COc1ccc(/C=C2\Cc3ccccc3C2=O)cc1OCCCn1ccnc1,CHEMBL2235951,intermediate,5.872895201635193
COc1ccc(/C=C\c2c(CC=C(C)C)c(O)cc(O)c2CC=C(C)C)cc1,CHEMBL5413924,intermediate,5.367000431492456
COc1ccc(/C=C\c2c(CC=C(C)C)c(O)cc(O)c2CC=C(C)C)cc1O,CHEMBL5428361,intermediate,5.222000055214808
COc1ccc(/C=C\c2c(CC=C(C)C)c(O)cc3c2CC(C(C)(C)O)O3)cc1O,CHEMBL5429907,inactive,4.950999954790193
COc1ccc(/C=C\c2c(CC=C(C)C)c(O)cc3c2CCC(C)(C)O3)cc1O,CHEMBL5409753,intermediate,5.027000143527919
COc1ccc(Br)c2c1CCC1C(c3ccncc3)C21,CHEMBL63336,intermediate,5.367000431492456
COc1ccc(C(=O)/C=C/c2ccc(O)c(CC=C(C)C)c2)c(O)c1,CHEMBL229841,inactive,3.5294425147827257
COc1ccc(C(=O)/C=C/c2ccc(OC)c(CC=C(C)C)c2)c(O)c1,CHEMBL229633,inactive,3.547064129798821
COc1ccc(C(=O)/C=C/c2ccc(OCC=C(C)C)cc2)c(O)c1,CHEMBL390364,inactive,3.566390156676282
COc1ccc(C(=O)/C=C/c2cccc(CC=C(C)C)c2)c(O)c1,CHEMBL229905,inactive,3.5083582065224137
COc1ccc(C(=O)CC(O)c2ccc(OC)c(CC=C(C)C)c2)c(O)c1,CHEMBL229094,inactive,4.262250926108443
COc1ccc(C(=O)OC(COc2ccccc2)Cn2ccnc2)cc1,CHEMBL1485809,active,7.782516055786093
COc1ccc(C(=O)c2ccc(Cn3ccnc3)cc2)cc1,CHEMBL5278229,active,6.623788149717327
COc1ccc(C(=O)c2cccc(Cn3ccnc3)c2)cc1,CHEMBL5285636,active,7.886056647693163
COc1ccc(C(C)NC(=O)c2ccccc2Cn2cncn2)cc1F,CHEMBL1784800,intermediate,5.508638306165727
COc1ccc(C(CCc2c[nH]cn2)c2ccc(C#N)cc2)cc1,CHEMBL5432857,active,6.071000242946834
COc1ccc(C(CCc2c[nH]cn2)c2ccc(OC)cc2)cc1,CHEMBL5404343,intermediate,5.06599975808587
COc1ccc(C(Cn2ccnc2)Sc2ccc(Cl)c(Cl)c2)cc1,CHEMBL459502,active,7.602059991327962
COc1ccc(C(O)(c2cccnc2)c2cc3ccc(OC)cc3o2)cc1,CHEMBL202020,active,6.795988604538516
COc1ccc(C(O)(c2cccnc2)c2cc3ccccc3o2)cc1,CHEMBL5411393,intermediate,5.88599985905086
COc1ccc(C(O)(c2cncnc2)C2CCCCCCC2)cc1,CHEMBL27797,intermediate,5.208000052636861
COc1ccc(C(O)(c2cncnc2)c2ccc(C)c(C)c2)cc1C,CHEMBL29523,intermediate,5.853999169190227
COc1ccc(C(c2cc3c(cc2O)OCO3)n2ccnc2)cc1,CHEMBL522733,active,7.259637310505756
COc1ccc(C(c2cc3c4c(c2)CCN4C(=O)CC3)n2ccnc2)cc1,CHEMBL2163646,active,7.366531544420414
COc1ccc(C(c2cc3cc(Cl)ccc3o2)n2cncn2)cc1,CHEMBL5185187,active,6.0
COc1ccc(C(c2cc3ccc(OC)cc3o2)n2ccnc2)cc1,CHEMBL382500,active,6.886056647693163
COc1ccc(C(c2cc3ccc(OC)cc3o2)n2cncn2)cc1,CHEMBL379019,active,6.886056647693163
COc1ccc(C(c2ccc(C)cc2)n2ccnc2)cc1,CHEMBL335050,active,7.978810700930062
COc1ccc(C(c2ccc(Cl)cc2)n2ccnc2)cc1,CHEMBL135063,active,8.075979299525933
COc1ccc(C(c2ccc(OC)c(O)c2)n2cncn2)cc1O,CHEMBL480515,active,6.772113295386326
COc1ccc(C(c2ccc(OC)cc2)n2ccnc2)cc1,CHEMBL135494,active,7.903089986991944
COc1ccc(C(c2ccncc2)c2cc3c4c(c2)CCN4C(=O)CC3)cc1,CHEMBL2312957,active,7.036212172654444
COc1ccc(C2=C(c3cc(OC)c(OC)c(OC)c3)COC2=O)cc1OC,CHEMBL1094331,active,7.863279432843593
COc1ccc(C2=C(c3ccc(OC)c(OC)c3)C(=O)OC2)cc1,CHEMBL1096439,active,8.161150909262744
COc1ccc(C2=C(c3ccc(OC)c(OC)c3)C(=O)OC2)cc1OC,CHEMBL1098382,active,9.0
COc1ccc(C2CC(=O)c3c(O)cc(O)cc3O2)cc1O,CHEMBL88169,intermediate,5.480999396660359
COc1ccc(C2CC(=O)c3ccc(O)cc3O2)cc1CC=C(C)C,CHEMBL229789,intermediate,5.38933983691012
COc1ccc(C2CC(=O)c3ccc(OC)cc3O2)cc1,CHEMBL229908,intermediate,5.730487055782084
COc1ccc(C2CC(=O)c3ccccc3O2)cc1CC=C(C)C,CHEMBL1162951,inactive,4.91721462968355
COc1ccc(C2COc3ccccc3C2=O)cc1,CHEMBL2011183,inactive,4.619788758288394
COc1ccc(CC(Cc2ccc(-c3ccccc3)cc2)n2ccnc2)cc1,CHEMBL490584,intermediate,5.774690718274137
COc1ccc(CCC(=O)c2c(O)cc(O)cc2O)cc1O,CHEMBL133081,inactive,4.616000008383734
COc1ccc(CCCc2ccc(O)c(OC)c2)c(OC)c1,CHEMBL465845,active,7.397940008672037
COc1ccc(CCCc2ccc(O)cc2)c(O)c1,CHEMBL465879,inactive,4.522878745280337
COc1ccc(CCCc2ccc(OC)c(O)c2)c(O)c1,CHEMBL464472,active,7.397940008672037
COc1ccc(CCNS(=O)(=O)c2ccc(-n3cc(-c4ccccc4)nn3)cc2)cc1OC,CHEMBL2430499,intermediate,5.337242168318426
COc1ccc(CCNS(=O)(=O)c2ccc(-n3cc(COc4ccc([N+](=O)[O-])cc4)nn3)cc2)cc1OC,CHEMBL2430501,intermediate,5.568636235841013
COc1ccc(CCc2ccc(N)cc2)cc1OC,CHEMBL1171680,active,6.173925197299173
COc1ccc(CN(Cc2ccc(-c3ccccc3)cc2)n2ccnc2)cc1,CHEMBL491215,intermediate,5.815308569182402
COc1ccc(CN(c2ccc(C#N)cc2)n2cnnc2)cc1O,CHEMBL388093,active,8.920818753952375
COc1ccc(CN(c2ccc(C#N)cc2)n2cnnc2)cc1OS(N)(=O)=O,CHEMBL226945,active,7.920818753952375
COc1ccc(CN2C(=O)C3CC(c4ccc(N)cc4)(C3)C2=O)cc1,CHEMBL28290,active,6.620005959834258
COc1ccc(COc2cc([N+](=O)[O-])ccc2N(C)S(C)(=O)=O)cc1,CHEMBL224037,active,6.327902142064283
COc1ccc(COc2cc([N+](=O)[O-])ccc2NS(C)(=O)=O)cc1,CHEMBL223369,intermediate,5.106793246940152
COc1ccc(COc2ccc3c(Cn4ccnc4)cc(=O)oc3c2)cc1,CHEMBL1688898,active,6.896196279044043
COc1ccc(COc2ccc3c(Cn4ccnc4)cc(=O)oc3c2)cc1OC,CHEMBL3359957,active,6.351639989019068
COc1ccc(CS[C@@H]2CC3=CC(=O)CC[C@]3(C)[C@H]3CC[C@]4(C)C(=O)CC[C@H]4[C@H]23)cc1,CHEMBL3245356,active,7.509058794643213
COc1ccc(Cc2cc3cc(OC)ccc3cc2-c2cccnc2)cc1,CHEMBL494713,active,7.42021640338319
COc1ccc(Cc2onc3c2C(=O)CC(C)(C)C3)cc1,CHEMBL4212612,inactive,4.499999953328896
COc1ccc(Cn2ccnc2)c2c(=O)c3ccccc3oc12,CHEMBL2333329,intermediate,5.958607314841775
COc1ccc(N(C)S(=O)(=O)C2CC3OC2C(c2ccc(-n4ccnc4)cc2)=C3c2ccc(O)cc2)cc1,CHEMBL5426251,active,6.542996659596117
COc1ccc(N(C)S(=O)(=O)C2CC3OC2C(c2ccc(-n4cncn4)cc2)=C3c2ccc(O)cc2)cc1,CHEMBL5423258,active,7.661543506395395
COc1ccc(N(CC(F)(F)F)S(=O)(=O)C2CC3OC2C(c2ccc(-n4ccnc4)cc2)=C3c2ccc(O)cc2)cc1,CHEMBL5433532,active,6.42458120878564
COc1ccc(O)c(-c2csc(-c3ncccn3)n2)c1,CHEMBL4229074,intermediate,5.522751370912974
COc1ccc(OC)c(/C=C/c2ccc(N)cc2)c1,CHEMBL1173699,active,6.509002705984747
COc1ccc(OC)c2c(C)cc(=O)[nH]c12,CHEMBL493174,inactive,4.571865205971212
COc1ccc(OC)c2c1c(C)cc(=O)n2C,CHEMBL490867,active,6.017728766960431
COc1ccc(OCc2cn(C(c3ccc(C#N)cc3)c3ccc(C#N)cc3)nn2)cc1,CHEMBL1824753,inactive,4.915066425063284
COc1ccc(OCc2cn(C(c3ccccc3)c3ccccc3)nn2)cc1,CHEMBL1824767,inactive,4.817870785947002
COc1ccc(OCc2cn(Cc3ccc(C#N)cc3)nn2)cc1,CHEMBL1825036,intermediate,5.6307841425898575
COc1ccc(OCc2cn(Cc3ccccc3)nn2)cc1,CHEMBL1825048,inactive,4.760950906859809
COc1ccc(OS(=O)(=O)C2CC3OC2C(c2ccc(-c4cnn(C)c4)cc2)=C3c2ccc(O)cc2)cc1,CHEMBL5404699,active,6.549750891680639
COc1ccc(OS(=O)(=O)C2CC3OC2C(c2ccc(-n4ccnc4)cc2)=C3c2ccc(O)cc2)cc1,CHEMBL5420394,active,6.056802369931074
COc1ccc(OS(=O)(=O)C2CC3OC2C(c2ccc(-n4cncn4)cc2)=C3c2ccc(O)cc2)cc1,CHEMBL5427513,active,6.839891779589049
COc1ccc(S(=O)(=O)N(Cc2nc3ccccc3[nH]2)c2ccc(/N=N/c3ccccc3)cc2)c(OC)c1,CHEMBL4868867,intermediate,5.2441251443275085
COc1ccc(S(=O)(=O)N2CCCC(Cn3ccnc3)C2)c(C)c1C,CHEMBL3805820,active,7.229147988357855
COc1ccc(S(=O)(=O)N2CCCC(Cn3ccnc3)C2)c(OC)c1,CHEMBL3805678,active,6.882728704344236
COc1ccc(S(=O)(=O)N2CCCC(Cn3ccnc3)C2)cc1Br,CHEMBL3805814,active,8.221848749616356
COc1ccc(S(=O)(=O)N2CCCC(Cn3ccnc3)C2)cc1C(C)(C)C,CHEMBL1784801,active,8.045757490560675
COc1ccc(S(=O)(=O)N2CCCC(Cn3ccnc3)C2)cc1F,CHEMBL3805173,active,7.853871964321762
COc1ccc(S(=O)(=O)N2CCCC(Cn3ccnc3)C2)cc1OC,CHEMBL3805149,active,7.376750709602099
COc1ccc(S(=O)(=O)N2CCOC(Cn3ccnc3)C2)cc1.Cc1ccc(S(=O)(=O)O)cc1,CHEMBL1784804,active,7.103473782510445
COc1ccc(S(=O)(=O)NCCCn2ccnc2)cc1C,CHEMBL1784807,active,7.210419287835575
COc1ccc(S(=O)(=O)NCCCn2ccnc2)cc1C(C)(C)C,CHEMBL1784808,active,6.356547323513812
COc1ccc(S(=O)(=O)NCCCn2ccnc2)cc1F,CHEMBL1784809,active,7.0
COc1ccc(S(=O)(=O)NCCc2c(C(c3cc(OC)c(O)c(OC)c3)c3[nH]c4ccccc4c3CCNS(=O)(=O)c3ccc(OC)cc3)[nH]c3ccccc23)cc1,CHEMBL4173619,intermediate,5.6020599913279625
COc1ccc(S(=O)(=O)NCCc2c(C(c3ccc(O)cc3)c3[nH]c4ccccc4c3CCNS(=O)(=O)c3ccc(OC)cc3)[nH]c3ccccc23)cc1,CHEMBL4173941,active,6.154901959985743
COc1ccc(S(=O)(=O)NCCc2c(C(c3ccccc3)c3[nH]c4ccccc4c3CCNS(=O)(=O)c3ccc(OC)cc3)[nH]c3ccccc23)cc1,CHEMBL4165064,intermediate,5.455931955649724
COc1ccc(S(=O)(=O)NCCc2c(C(c3ccccc3O)c3[nH]c4ccccc4c3CCNS(=O)(=O)c3ccc(OC)cc3)[nH]c3ccccc23)cc1,CHEMBL4161859,active,6.096910013008056
COc1ccc(S(=O)(=O)NCCc2c(C3(c4[nH]c5ccccc5c4CCNS(=O)(=O)c4ccc(OC)cc4)C(=O)Nc4ccccc43)[nH]c3ccccc23)cc1,CHEMBL4159550,intermediate,5.552841968657781
COc1ccc(S(=O)(=O)NCc2cccc(CNS(=O)(=O)c3ccc(OC)cc3)c2)cc1,CHEMBL4531367,inactive,4.935542010773082
COc1ccc(S(=O)(=O)Nc2ccc(/N=N/c3ccccc3)cc2)c(OC)c1,CHEMBL4870604,intermediate,5.795880017344075
COc1ccc(S(=O)(=O)Nc2cccc(NS(=O)(=O)c3ccc(OC)cc3)c2)cc1,CHEMBL4543747,active,6.275724130399211
COc1ccc([C@@H]2CC(=O)c3c(O)cc(O)c(CC=C(C)C)c3O2)cc1,CHEMBL556429,active,6.301003938776766
COc1ccc([C@@H]2[C@H]3C[C@H]4[C@@H]5CCC6=CC(=O)C=C[C@]6(C)[C@H]5CC[C@]4(C)C3=NN2C(C)=O)cc1,CHEMBL5283707,intermediate,5.577000022728384
COc1ccc([C@@H]2[C@H]3C[C@H]4[C@@H]5CCC6=CC(=O)C=C[C@]6(C)[C@H]5CC[C@]4(C)C3=NN2C)cc1,CHEMBL3752216,intermediate,5.739928612014925
COc1ccc([C@@H]2[C@H]3C[C@H]4[C@@H]5CCC6=CC(=O)C=C[C@]6(C)[C@H]5CC[C@]4(C)C3=NN2c2ccccc2)cc1,CHEMBL3754378,intermediate,5.740000204918113
COc1ccc([C@@H]2[C@H]3C[C@H]4[C@@H]5CC[C@H]6CC(=O)CC[C@]6(C)[C@H]5CC[C@]4(C)C3=NN2C(C)=O)cc1,CHEMBL5287331,intermediate,5.311000319369515
COc1ccc([C@@H]2[C@H]3C[C@H]4[C@@H]5CC[C@H]6CC(=O)CC[C@]6(C)[C@H]5CC[C@]4(C)C3=NN2C)cc1,CHEMBL5291483,intermediate,5.340999919958486
COc1ccc([C@@H]2[C@H]3C[C@H]4[C@@H]5CC[C@H]6CC(=O)CC[C@]6(C)[C@H]5CC[C@]4(C)C3=NN2c2ccccc2)cc1,CHEMBL5266995,intermediate,5.3809995932774655
COc1ccc([C@@H]2[C@H]3C[C@H]4[C@@H]5CC[C@H]6C[C@@H](O)CC[C@]6(C)[C@H]5CC[C@]4(C)C3=NN2C)cc1,CHEMBL5289628,intermediate,5.213000277821267
COc1ccc([C@@H]2[C@H]3C[C@H]4[C@@H]5CC[C@H]6C[C@@H](O)CC[C@]6(C)[C@H]5CC[C@]4(C)C3=NN2c2ccccc2)cc1,CHEMBL5281951,intermediate,5.227999731430312
COc1ccc([C@@H]2[C@H]3C[C@H]4[C@@H]5CC[C@H]6C[C@@H](OC(=O)C(F)(F)F)CC[C@]6(C)[C@H]5CC[C@]4(C)C3=NN2C(C)=O)cc1,CHEMBL5276919,intermediate,5.190000154058473
COc1ccc([C@@H]2[C@H]3C[C@H]4[C@@H]5CC[C@H]6C[C@@H](OC(=O)C(F)(F)F)CC[C@]6(C)[C@H]5CC[C@]4(C)C3=NN2C)cc1,CHEMBL5269756,intermediate,5.238000035613533
COc1ccc([C@@H]2[C@H]3C[C@H]4[C@@H]5CC[C@H]6C[C@@H](OC(=O)C(F)(F)F)CC[C@]6(C)[C@H]5CC[C@]4(C)C3=NN2c2ccccc2)cc1,CHEMBL5270644,intermediate,5.263999723107736
COc1ccc([C@H]2NN=C3[C@@H]2C[C@H]2[C@@H]4CCC5=CC(=O)C=C[C@]5(C)[C@H]4CC[C@]32C)cc1,CHEMBL5286569,intermediate,5.535999570000415
COc1ccc([C@H]2NN=C3[C@@H]2C[C@H]2[C@@H]4CC[C@H]5CC(=O)CC[C@]5(C)[C@H]4CC[C@]32C)cc1,CHEMBL5283978,intermediate,5.31200043658844
COc1ccc([C@H]2NN=C3[C@@H]2C[C@H]2[C@@H]4CC[C@H]5C[C@@H](O)CC[C@]5(C)[C@H]4CC[C@]32C)cc1,CHEMBL5281207,intermediate,5.165999805327536
COc1ccc([C@](O)(c2cccnc2)c2cc3ccc(OC)cc3o2)cc1,CHEMBL3084324,active,6.795880017344075
COc1ccc2c(-c3ccccc3)c(Cn3ccnc3)c(=O)oc2c1,CHEMBL224787,active,6.97469413473523
COc1ccc2c(=O)c(-c3ccc(C)cc3)c(SCc3ccncc3)oc2c1,CHEMBL184051,intermediate,5.523000364762793
COc1ccc2c(=O)c(-c3ccccc3)c(-n3ccnc3)oc2c1,CHEMBL192306,active,6.113509274827518
COc1ccc2c(=O)c(-c3ccccc3)c(-n3cncn3)oc2c1,CHEMBL190099,inactive,4.7447274948966935
COc1ccc2c(=O)c(-c3ccccc3)c(SCc3ccccc3)oc2c1,CHEMBL189170,inactive,4.0
COc1ccc2c(=O)c(-c3ccccc3)c(SCc3ccccn3)oc2c1,CHEMBL362906,inactive,4.0
COc1ccc2c(=O)c(-c3ccccc3)c(SCc3cccnc3)oc2c1,CHEMBL185819,intermediate,5.036212172654444
COc1ccc2c(=O)c(-c3ccccc3)c(SCc3ccncc3)oc2c1,CHEMBL185809,intermediate,5.79599946475137
COc1ccc2c(=O)c(-c3ccccc3)c(Sc3ncc[nH]3)oc2c1,CHEMBL191488,inactive,4.301029995663981
COc1ccc2c(=O)c(-c3ccccc3)c(Sc3nccn3C)oc2c1,CHEMBL190848,inactive,4.301029995663981
COc1ccc2c(=O)c(-c3ccccc3)c(Sc3nnc[nH]3)oc2c1,CHEMBL190208,inactive,4.301029995663981
COc1ccc2c(=O)c(Cc3c[nH]cn3)coc2c1,CHEMBL3793530,intermediate,5.102372908709558
COc1ccc2c(=O)c(Cn3ccnc3)c(-c3ccc(Br)cc3)oc2c1,CHEMBL209047,intermediate,5.390000296157769
COc1ccc2c(=O)c(Cn3ccnc3)c(-c3ccc(C#N)cc3)oc2c1,CHEMBL377626,intermediate,5.7447274948966935
COc1ccc2c(=O)c(Cn3ccnc3)c(-c3ccc([N+](=O)[O-])cc3)oc2c1,CHEMBL212168,active,6.329995488683631
COc1ccc2c(=O)c(Cn3ccnc3)c(-c3ccccc3)oc2c1,CHEMBL158635,active,6.260000690598032
COc1ccc2c(=O)cc(-c3ccccc3)oc2c1,CHEMBL16782,active,6.292429823902063
COc1ccc2c(C(c3ccccc3)n3ccnc3)cc(=O)oc2c1,CHEMBL1688914,active,6.341988603342887
COc1ccc2c(C)cc(=O)[nH]c2c1OC,CHEMBL503538,inactive,4.501689446210399
COc1ccc2c(C)cc(=O)n(C)c2c1OC,CHEMBL453233,intermediate,5.239577516576788
COc1ccc2c(Cc3ccc(O)cc3)cncc2c1O,CHEMBL523231,inactive,4.525783735923745
COc1ccc2c(Cc3cccc([N+](=O)[O-])c3)cncc2c1O,CHEMBL495777,intermediate,5.853871964321762
COc1ccc2c(Cc3ccccc3)c(-c3ccc(Cl)cc3)c(=O)oc2c1,CHEMBL3818720,active,7.096910013008056
COc1ccc2c(Cl)c(-c3cccnc3)ccc2c1Cl,CHEMBL381014,active,6.013228265733755
COc1ccc2c(Cn3ccnc3)c(-c3ccc(Cl)cc3)[nH]c2c1,CHEMBL4170941,intermediate,5.975514332300833
COc1ccc2c(Cn3ccnc3)c(-c3ccc(F)cc3)[nH]c2c1,CHEMBL4160335,active,6.963770455913705
COc1ccc2c(Cn3ccnc3)cc(=O)oc2c1,CHEMBL225472,active,6.552841968657781
COc1ccc2c(Cn3cncn3)c(-c3ccc(Cl)cc3)[nH]c2c1,CHEMBL4162549,intermediate,5.109467208072255
COc1ccc2c(Cn3cncn3)c(-c3ccc(F)cc3)[nH]c2c1,CHEMBL4173231,active,6.624153563690844
COc1ccc2c(Cn3cncn3)cc(=O)oc2c1,CHEMBL388604,intermediate,5.443697499232712
COc1ccc2c(Cn3cnnc3)cc(=O)oc2c1,CHEMBL5421164,intermediate,5.44000006551306
COc1ccc2c(OCCn3ccnc3)cc(=O)oc2c1,CHEMBL375497,inactive,4.0
COc1ccc2c(c1)/C(=C/c1cccnc1)CC2,CHEMBL366772,intermediate,5.196542884351586
COc1ccc2c(c1)/C(=C/c1ccncc1)CC2,CHEMBL365314,active,6.552841968657781
COc1ccc2c(c1)/C(=C\c1ccncc1)CC2,CHEMBL370281,active,6.113509274827518
COc1ccc2c(c1)C(=O)/C(=C/c1c[nH]cn1)CC2,CHEMBL3219600,active,7.387216143280264
COc1ccc2c(c1)C(=O)/C(=C/c1ccncc1)CC2,CHEMBL419131,intermediate,5.5200002474083645
COc1ccc2c(c1)C(=O)C(Cc1ccncc1)CC2,CHEMBL93666,intermediate,5.102372908709558
COc1ccc2c(c1)C(=O)C(c1ccccc1)CO2,CHEMBL2011180,active,6.585026652029182
COc1ccc2c(c1)C(=O)C(c1cccnc1)CO2,CHEMBL3105526,intermediate,5.6020599913279625
COc1ccc2c(c1)C(N)=C(CC1=CCNC=C1)C2=O,CHEMBL1096024,active,8.455931955649724
COc1ccc2c(c1)C(N)=C(Cc1ccncc1)C2=O,CHEMBL1997442,active,7.0
COc1ccc2c(c1)C/C(=C/c1ccncc1)C2=O,CHEMBL285155,intermediate,5.319000406143307
COc1ccc2c(c1)C/C(=C\c1ccncc1)C2=O,CHEMBL442262,intermediate,5.32000008377078
COc1ccc2c(c1)C1C(CC2)C1(C)c1ccncc1,CHEMBL66867,active,6.431997862495385
COc1ccc2c(c1)C1C(CC2)C1c1ccncc1,CHEMBL294361,active,7.522878745280337
COc1ccc2c(c1)C=C(c1cccnc1)C2,CHEMBL206300,intermediate,5.2441251443275085
COc1ccc2c(c1)CC(Cc1ccncc1)C2,CHEMBL23646,active,6.620005959834258
COc1ccc2c(c1)CC(Cc1ccncc1)C2=O,CHEMBL26279,intermediate,5.469000348574053
COc1ccc2c(c1)CC(Cc1ccncc1)CC2,CHEMBL23365,intermediate,5.367000431492456
COc1ccc2c(c1)CC/C(=C\c1ccncc1)C2=O,CHEMBL328217,intermediate,5.051000057562973
COc1ccc2c(c1)CC/C2=C/c1cccnc1,CHEMBL176101,intermediate,5.254144804826271
COc1ccc2c(c1)CC/C2=C/c1ccncc1,CHEMBL175609,intermediate,5.429457060118103
COc1ccc2c(c1)CC/C2=C/c1cncs1,CHEMBL195354,intermediate,5.316052869248487
COc1ccc2c(c1)CC/C2=C\c1cccnc1,CHEMBL176609,intermediate,5.3655227298392685
COc1ccc2c(c1)CC/C2=C\c1ccncc1,CHEMBL359942,intermediate,5.402304814074488
COc1ccc2c(c1)CC/C2=C\c1cncs1,CHEMBL192155,intermediate,5.363512103646634
COc1ccc2c(c1)CCC(CC1C=NC=N1)=C2C,CHEMBL448463,inactive,4.769551078621726
COc1ccc2c(c1)CCC(Cc1ccncc1)C2,CHEMBL23097,active,6.638272163982407
COc1ccc2c(c1)CCC(Cc1ccncc1)C2=O,CHEMBL88233,intermediate,5.481486060122113
COc1ccc2c(c1)CCC(Cc1cnc[nH]1)=C2C,CHEMBL390569,inactive,4.769551078621726
COc1ccc2c(c1)CCC(c1cccnc1)=C2,CHEMBL206351,active,6.089375595110798
COc1ccc2c(c1)CCC/C2=C/c1cccnc1,CHEMBL176098,intermediate,5.3979400086720375
COc1ccc2c(c1)CCC/C2=C/c1ccncc1,CHEMBL193496,intermediate,5.995678626217358
COc1ccc2c(c1)CCC/C2=C\c1cccnc1,CHEMBL362441,intermediate,5.94692155651658
COc1ccc2c(c1)CCC/C2=C\c1ccncc1,CHEMBL175979,active,6.096910013008056
COc1ccc2c(c1)CCC1C(c3ccncc3)C21,CHEMBL67842,active,7.161150909262744
COc1ccc2c(c1)CCC1C(c3cnc[nH]3)C21,CHEMBL438549,intermediate,5.795880017344075
COc1ccc2c(c1)N[C@H]1c3ccc(O)cc3OC[C@@H]21,CHEMBL3134228,inactive,3.5228787452803374
COc1ccc2c(c1)OC(c1cc(O)cc(O)c1)CC2=O,CHEMBL5420745,intermediate,5.456000207288222
COc1ccc2c(c1)OC(c1ccc(O)c(CC=C(C)C)c1)CC2=O,CHEMBL388374,intermediate,5.323306390375134
COc1ccc2c(c1)OC(c1ccc(O)c(O)c1)CC2=O,CHEMBL3401429,active,7.568636235841013
COc1ccc2c(c1)OC(c1ccc(O)c(OC)c1)CC2=O,CHEMBL5426214,intermediate,5.267999696132879
COc1ccc2c(c1)OC(c1ccc(O)cc1)CC2=O,CHEMBL402970,intermediate,5.43200021111857
COc1ccc2c(c1)OC(c1ccc(OC)c(CC=C(C)C)c1)CC2=O,CHEMBL229635,intermediate,5.43533393574791
COc1ccc2c(c1)OC(c1ccc(OC)c(O)c1)CC2=O,CHEMBL5434837,intermediate,5.208000052636861
COc1ccc2c(c1)OC(c1ccc(OC)c(OC)c1OC)CC2=O,CHEMBL5417396,intermediate,5.319000406143307
COc1ccc2c(c1)OC(c1ccc(OC)cc1OC)CC2=O,CHEMBL5418934,intermediate,5.0970001384638906
COc1ccc2c(c1)OC(c1ccc(OCC=C(C)C)cc1)CC2=O,CHEMBL228985,inactive,4.542875373696592
COc1ccc2c(c1)OC(c1cccc(CC=C(C)C)c1)CC2=O,CHEMBL229906,intermediate,5.330683119433888
COc1ccc2c(c1)OC(c1cccc(O)c1)CC2=O,CHEMBL256407,intermediate,5.456000207288222
COc1ccc2c(c1)OC(c1cccc(OC)c1OC)CC2=O,CHEMBL5405593,intermediate,5.180000294489514
COc1ccc2c(c1)OC(c1ccccc1)/C(=C/c1ccncc1)C2=O,CHEMBL267508,intermediate,5.795880017344075
COc1ccc2c(c1)OC(c1ccccc1)/C(=C\c1ccncc1)C2=O,CHEMBL10137,active,6.2076083105017466
COc1ccc2c(c1)OC(c1ccccc1)CC2=O,CHEMBL9687,intermediate,5.096910013008056
COc1ccc2c(c1)OC(c1ccccc1)CC2n1ccnc1,CHEMBL95109,active,7.221848749616356
COc1ccc2c(c1)OC(c1ccccc1)CC2n1cncn1,CHEMBL185165,intermediate,5.853871964321762
COc1ccc2c(c1)OC(c1ccccc1)CC2n1cnnc1,CHEMBL184952,inactive,4.500312917381596
COc1ccc2c(c1)OC(c1ccccc1OC)CC2=O,CHEMBL5398185,intermediate,5.180000294489514
COc1ccc2c(c1)OC1(CCN(C(=O)Cn3cncn3)CC1)CC2=O,CHEMBL1784792,intermediate,5.237321436272564
COc1ccc2c(c1)OCC(c1ccccc1)C2=O,CHEMBL1165711,inactive,4.3872161432802645
COc1ccc2c(c1)O[C@@H](c1ccccc1)C[C@@H]2n1ccnc1,CHEMBL4583456,active,7.040958607678906
COc1ccc2c(c1)[C@@H]1[C@H](CC2)[C@H]1c1ccncc1,CHEMBL2096872,inactive,5.0
COc1ccc2c(c1)[C@H]1[C@@H](CC2)[C@@H]1c1ccncc1,CHEMBL223717,active,7.519993057042849
COc1ccc2cc(-c3cc4ccc(OC)cc4oc3=O)c(=O)oc2c1,CHEMBL4091260,inactive,5.0
COc1ccc2cc(-c3cccnc3)ccc2c1,CHEMBL362968,active,6.23210238398191
COc1ccc2cc(-c3cccnc3)ccc2c1Br,CHEMBL196328,intermediate,5.040624663424157
COc1ccc2cc(-c3cccnc3)ccc2c1Cl,CHEMBL197576,intermediate,5.743522793758324
COc1ccc2cc(/C=N/NC3=NC(=O)CS3)ccc2c1,CHEMBL5177928,active,7.376750709602099
COc1ccc2cc(C(O)(c3ccc(Br)cc3)c3cccnc3)oc2c1,CHEMBL5271052,active,9.397940008672036
COc1ccc2cc(C(O)(c3ccc(Cl)cc3)c3cccnc3)oc2c1,CHEMBL202612,active,9.337242168318426
COc1ccc2cc(C(O)(c3ccc(F)cc3)c3cccnc3)oc2c1,CHEMBL372999,active,9.130768280269024
COc1ccc2cc(C(O)(c3cccnc3)c3ccc(Cl)cc3Cl)oc2c1,CHEMBL5278036,active,8.721246399047171
COc1ccc2cc(C(c3ccc(C#N)cc3)n3cncn3)oc2c1,CHEMBL197650,active,9.958607314841776
COc1ccc2cc(C(c3ccc(C(F)(F)F)cc3)n3cncn3)oc2c1,CHEMBL202065,active,6.886056647693163
COc1ccc2cc(C(c3ccc(C)cc3)n3cncn3)oc2c1,CHEMBL201831,active,7.0
COc1ccc2cc(C(c3ccc(Cl)cc3)n3cncn3)oc2c1,CHEMBL382902,active,9.327902142064282
COc1ccc2cc(C(c3ccc(F)cc3)n3cncn3)oc2c1,CHEMBL198291,active,9.82390874094432
COc1ccc2cc(C(c3ccc([N+](=O)[O-])cc3)n3cncn3)oc2c1,CHEMBL199334,active,7.590404980603184
COc1ccc2cc(Cn3ccnc3)c(=O)oc2c1,CHEMBL387892,intermediate,5.550000451689026
COc1ccc2cc(Cn3ccnc3)ccc2c1,CHEMBL5413419,intermediate,5.770000934050708
COc1ccc2cc(Cn3ccnc3)n(-c3ccc(C#N)cc3)c2c1,CHEMBL2336850,active,7.328641996556509
COc1ccc2cc(Cn3ccnc3)n(-c3ccc(C(F)(F)F)cc3)c2c1,CHEMBL2336849,active,7.592439150513638
COc1ccc2cc(Cn3ccnc3)n(-c3ccc(C)cc3)c2c1,CHEMBL2336851,active,7.240861183718834
COc1ccc2cc(Cn3ccnc3)n(-c3ccc(F)cc3)c2c1,CHEMBL2336848,active,7.310424784240062
COc1ccc2cc(Cn3ccnc3)n(-c3ccccc3)c2c1,CHEMBL2336847,active,8.20551195334083
COc1ccc2ccc(-c3cccnc3)c(Cl)c2c1,CHEMBL371430,intermediate,5.698970004336019
COc1ccc2ccc(-c3cccnc3)c(Cl)c2c1F,CHEMBL2420677,intermediate,5.698970004336019
COc1ccc2ccc(-c3cccnc3)c(F)c2c1,CHEMBL2420675,intermediate,5.698970004336019
COc1ccc2ccc(-c3cccnc3)cc2c1,CHEMBL193863,intermediate,5.698970004336019
COc1ccc2ccc(-c3cncc(F)c3)c(Cl)c2c1,CHEMBL2420679,intermediate,5.698970004336019
COc1ccc2ccc(-c3cncc(O)c3)c(Cl)c2c1,CHEMBL2420683,intermediate,5.698970004336019
COc1ccc2ccc(-c3cncc4ccccc34)c(Cl)c2c1,CHEMBL2420687,intermediate,5.698970004336019
COc1ccc2ccc(-c3cncnc3)c(Cl)c2c1,CHEMBL2420685,intermediate,5.698970004336019
COc1ccc2ccc(=O)oc2c1,CHEMBL49732,inactive,5.0
COc1ccc2ccc(=O)oc2c1Cn1ccnc1,CHEMBL223983,inactive,4.499999953328896
COc1ccc2nc3cc(Cl)ccc3c(Nc3cccnc3)c2c1,CHEMBL495567,active,7.119186407719209
COc1ccc2oc(C(c3ccc(Cl)cc3)n3cncn3)cc2c1,CHEMBL5186519,active,8.69680394257951
COc1cccc(-c2csc(-c3cccc(OC)c3)n2)c1,CHEMBL2208141,inactive,4.301029995663981
COc1cccc(-c2csc(-c3ccccc3)n2)c1,CHEMBL2208140,inactive,4.301029995663981
COc1cccc(-c2csc(-c3ncccn3)n2)c1,CHEMBL4228753,active,6.752468613766431
COc1cccc(-c2nc(-c3ccccc3)cs2)c1,CHEMBL2208131,inactive,4.301029995663981
COc1cccc(-c2nc(-c3cccnc3)ns2)c1,CHEMBL1957209,inactive,4.826813731587726
COc1cccc(-c2nsc(-c3cccc(OC)c3)n2)c1,CHEMBL1939550,inactive,4.301029995663981
COc1cccc(/C=C/c2ccc(N)cc2)c1,CHEMBL1173573,intermediate,5.511449283499556
COc1cccc(/C=C/c2ccc(N)cc2)c1OC,CHEMBL1173700,active,6.008999993530386
COc1cccc(C(O)(c2ccc(Cl)cc2)c2cncnc2)c1Cl,CHEMBL5426057,intermediate,5.367000431492456
COc1cccc(C(c2ccncc2)c2cc3c4c(c2)CCN4C(=O)CC3)c1,CHEMBL2312956,active,7.229147988357855
COc1cccc(C2=CC(=O)c3ccc4c(c3=N2)=CC=N4)c1,CHEMBL2442766,active,6.229147988357855
COc1cccc(C2COc3ccccc3C2=O)c1,CHEMBL2011182,inactive,4.00436480540245
COc1cccc(COc2ccc3c(Cn4ccnc4)cc(=O)oc3c2)c1,CHEMBL3359952,active,6.260427655549908
COc1cccc(Oc2ccc3c(Cn4ccnc4)cc(=O)oc3c2)c1,CHEMBL1688904,active,6.534617148551582
COc1cccc2c(C)cc(=O)[nH]c12,CHEMBL453417,inactive,3.975514332300833
COc1cccc2c(C)cc(=O)n(C)c12,CHEMBL506858,intermediate,5.694648630553377
COc1cccc2c1/C(=C/c1cccnc1)CC2,CHEMBL175791,intermediate,5.011441043121384
COc1cccc2c1C/C(=C/c1ccncc1)C2=O,CHEMBL23334,intermediate,5.431798275933005
COc1cccc2c1C/C(=C\c1ccncc1)C2=O,CHEMBL288093,inactive,4.639999934172963
COc1cccc2c1CC(Cc1ccncc1)C2,CHEMBL24115,intermediate,5.397999728269116
COc1cccc2c1CC(Cc1ccncc1)C2=O,CHEMBL283782,inactive,4.854000100094879
COc1cccc2c1CC/C(=C\c1ccncc1)C2=O,CHEMBL91101,intermediate,5.201000126152667
COc1cccc2c1CCC(Cc1ccncc1)C2,CHEMBL23148,active,6.229147988357855
COc1cccc2c1CCC(Cc1ccncc1)C2=O,CHEMBL90427,intermediate,5.6579999748624346
COc1cccc2c1CCC1C(c3ccncc3)C21,CHEMBL66673,intermediate,5.475000569383954
COc1cccc2cc(Cn3ccnc3)c(=O)oc12,CHEMBL5414372,intermediate,5.550000451689026
COc1ccccc1-c1csc(-c2ncccn2)n1,CHEMBL4224728,intermediate,5.92761773812812
COc1ccccc1/C=C/c1ccc(OC)c(OC)c1,CHEMBL3132924,inactive,4.070581074285707
COc1ccccc1C(c1ccccc1)n1ccnc1,CHEMBL137002,active,7.179995693191682
COc1ccccc1C(c1cccnc1)c1cc2c3c(c1)CCN3C(=O)CC2,CHEMBL2312969,intermediate,5.436518914605589
COc1ccccc1C(c1ccncc1)c1cc2c3c(c1)CCN3C(=O)CC2,CHEMBL2312955,active,7.091514981121351
COc1ccccc1C1COc2ccccc2C1=O,CHEMBL2011181,inactive,4.013228265733755
COc1ccccc1CC(Cc1ccc(-c2ccccc2)cc1)n1ccnc1,CHEMBL521600,active,6.292429823902063
COc1ccccc1CN(Cc1ccc(-c2ccccc2)cc1)n1ccnc1,CHEMBL491214,intermediate,5.82102305270683
COc1cnc(NS(=O)(=O)c2ccc(N/C=C\C(=O)c3cc4ccccc4oc3=O)cc2)nc1,CHEMBL3924170,intermediate,5.221848749616356
COc1cncc(-c2cc(F)c3c(c2)CCc2nnc(C)n2-3)c1,CHEMBL3415166,inactive,5.0
COc1cncc(-c2ccc3ccc(O)cc3c2Cl)c1,CHEMBL2420682,intermediate,5.698970004336019
COc1cncc(-c2ccc3ccc(OC)cc3c2Cl)c1,CHEMBL2420681,intermediate,5.698970004336019
COc1ncnc(NS(=O)(=O)c2ccc(N/C=C\C(=O)c3cc4ccccc4oc3=O)cc2)c1OC,CHEMBL3926174,intermediate,5.33161408331
CS(=O)(=O)CS(=O)(=O)N1CCN(c2ccc(OC[C@@H]3CO[C@@](Cn4ccnc4)(c4ccc(Cl)cc4Cl)O3)cc2)CC1,CHEMBL3980889,active,6.0
CS(=O)(=O)N1CCN(c2ccc(OC[C@@H]3CO[C@@](Cn4ccnc4)(c4ccc(Cl)cc4Cl)O3)cc2)CC1,CHEMBL3983734,active,6.013228265733755
CS(=O)(=O)Nc1ccc([N+](=O)[O-])cc1OC1CCCC1,CHEMBL437497,active,6.060480747381382
CS(=O)(=O)Nc1ccc([N+](=O)[O-])cc1OC1CCCCC1,CHEMBL7162,active,6.167491087293763
CS(=O)(=O)Nc1ccc([N+](=O)[O-])cc1OCC1CCCCC1,CHEMBL204501,intermediate,5.91721462968355
CS(=O)(=O)Nc1ccc([N+](=O)[O-])cc1OCCc1ccccc1,CHEMBL374651,active,6.638272163982407
CS(=O)(=O)Nc1ccc([N+](=O)[O-])cc1OCc1ccc(-c2ccccc2)cc1,CHEMBL426541,active,6.070581074285707
CS(=O)(=O)Nc1ccc([N+](=O)[O-])cc1OCc1ccc(Br)cc1,CHEMBL220829,intermediate,5.232844133917819
CS(=O)(=O)Nc1ccc([N+](=O)[O-])cc1OCc1ccc(Cl)cc1,CHEMBL220774,active,6.537602002101044
CS(=O)(=O)Nc1ccc([N+](=O)[O-])cc1OCc1ccc(F)cc1,CHEMBL373427,active,6.236572006437063
CS(=O)(=O)Nc1ccc([N+](=O)[O-])cc1OCc1ccc([N+](=O)[O-])cc1,CHEMBL223109,active,6.3979400086720375
CS(=O)(=O)Nc1ccc([N+](=O)[O-])cc1OCc1ccc2ccccc2c1,CHEMBL223161,intermediate,5.663540266151471
CS(=O)(=O)Nc1ccc([N+](=O)[O-])cc1OCc1cccc2ccccc12,CHEMBL220885,intermediate,5.241088107602026
CS(=O)(=O)Nc1ccc([N+](=O)[O-])cc1OCc1ccccc1,CHEMBL223108,intermediate,5.669586226650809
CS(=O)(=O)Nc1ccc([N+](=O)[O-])cc1OCc1ccccc1-c1ccccc1,CHEMBL223162,active,6.585026652029182
CS(=O)(=O)Nc1ccc([N+](=O)[O-])cc1Oc1ccccc1,CHEMBL56367,inactive,4.568636235841013
CS(=O)(=O)c1ccc(S(=O)(=O)N2CCCC(Cn3ccnc3)C2)cc1,CHEMBL3805657,active,7.318758762624412
CSC(=O)C[C@]12CCC(=O)C=C1CCC1C2CC[C@]2(C)C(=O)CCC12,CHEMBL164993,active,7.376750709602099
CSC(C[C@]12CCC(=O)C=C1CCC1C2=CC[C@]2(C)C(=O)CCC12)SC,CHEMBL351226,active,6.0
CSC1=C2CCC3C(CC[C@]4(C)C(=O)CCC34)[C@@]2(C)CCC1=O,CHEMBL39248,intermediate,5.356547323513812
CSC1=C2CC[C@@H]3[C@H](CC[C@]4(C)C(=O)CC[C@@H]34)[C@@]2(C)CCC1=O,CHEMBL3752500,intermediate,5.356999620028794
CSCCC[C@]12CCC(=O)C=C1CCC1C2=CC[C@]2(C)C(=O)CCC12,CHEMBL164746,inactive,5.0
CSCC[C@]12CCC(=O)C=C1CCC1C2=CC[C@]2(C)C(=O)CCC12,CHEMBL349704,active,7.920818753952375
CSCC[C@]12CCC(=O)C=C1CCC1C2CC[C@]2(C)C(=O)CCC12,CHEMBL350074,active,7.657577319177793
CSCC[C@]12CCC(=O)C=C1CC[C@@H]1C2=CC[C@]2(C)C(=O)CC[C@@H]12,CHEMBL3752510,active,7.920818753952375
CSCSC1=C2CCC3C(CC[C@]4(C)C(=O)CCC34)[C@@]2(C)CCC1=O,CHEMBL39434,intermediate,5.920818753952375
CSCSC1=C2CC[C@@H]3C(=CC[C@]4(C)C(=O)CC[C@@H]34)[C@@]2(C)CCC1=O,CHEMBL5283375,intermediate,5.920999747696151
CSCSCC[C@]12CCC(=O)C=C1CCC1C2=CC[C@]2(C)C(=O)CCC12,CHEMBL353571,active,6.2441251443275085
CSSCC[C@]12CCC(=O)C=C1CCC1C2=CC[C@]2(C)C(=O)CCC12,CHEMBL352891,active,6.0
CS[C@]12CCC(=O)C=C1CCC1C2=CC[C@]2(C)C(=O)CCC12,CHEMBL165342,intermediate,5.130768280269024
CSc1cc2c(cc1C(F)(F)F)N(C(=O)Nc1cccnc1)CC2,CHEMBL276140,inactive,4.0
CSc1nc2ccccn2c(=N)c1S(=O)(=O)c1ccccc1,CHEMBL355905,active,6.0655015487564325
C[C@@H](OC(=O)C12CC3CC(CC(C3)C1)C2)c1cccnc1,CHEMBL325461,intermediate,5.336999597634908
C[C@@H](OC(=O)C12CC3CC(CC(C3)C1)C2)c1ccncc1,CHEMBL112292,intermediate,5.25199969081543
C[C@@H]1C(OC(=O)C(C)(C)c2cccnc2)CC2CC1C2(C)C,CHEMBL337251,inactive,4.522878745280337
C[C@@H]1C(OC(=O)C(C)(C)c2ccncc2)CC2CC1C2(C)C,CHEMBL135070,intermediate,5.414539270491499
C[C@@H]1C(OC(=O)Cc2ccccn2)CC2CC1C2(C)C,CHEMBL134748,inactive,4.698970004336019
C[C@@H]1C(OC(=O)Cc2cccnc2)CC2CC1C2(C)C,CHEMBL131984,intermediate,5.251811972993799
C[C@@H]1C(OC(=O)Cc2ccncc2)CC2CC1C2(C)C,CHEMBL132072,active,6.920818753952375
C[C@@H]1CC2=CC(=O)CC[C@]2(C)[C@H]2CC[C@]3(C)C(=O)CC[C@H]3[C@H]12,CHEMBL487113,active,6.568636235841013
C[C@@H]1CC2=CCCC[C@]2(C)[C@H]2CC[C@]3(C)C(=O)CC[C@H]3[C@H]12,CHEMBL4451962,active,6.392544976785332
C[C@@H]1CC2C(CCC3(C)C(=O)CCC23)C2(C)C=CC(=O)C=C12,CHEMBL8315,active,6.2839966563652006
C[C@@H]1CC2C(CCC3(C)C(O)CCC23)C2(C)CCCC=C12,CHEMBL73367,active,8.795880017344075
C[C@@H]1CC2C3CCC(=O)C3(C)CCC2C2(C)CCC(=O)C=C12,CHEMBL284238,active,6.142667503568731
C[C@@H]1CC2C3CCC(=O)C3(C)CCC2C2(C)CCCC=C12,CHEMBL305205,active,10.309803919971486
C[C@@H]1CCC2C(C)(C)C3CC21CC[C@@]3(C)OC(=O)C(C)(C)c1cccnc1,CHEMBL444068,inactive,4.094204119632131
C[C@@H]1CCC2C(C)(C)C3CC21CC[C@@]3(C)OC(=O)Cc1cccnc1,CHEMBL135095,intermediate,5.769551078621726
C[C@@H]1CCC2C(C)(C)C3CC21CC[C@@]3(C)OC(=O)Cc1ccncc1,CHEMBL134442,active,6.356547323513812
C[C@@H]1CC[C@]23C[C@@H]1C(C)(C)[C@@H]2CC[C@@]3(C)OC(=O)C(C)(C)c1ccccn1,CHEMBL5397043,inactive,4.094000022216298
C[C@@H]1CC[C@]23C[C@@H]1C(C)(C)[C@@H]2CC[C@@]3(C)OC(=O)Cc1cccnc1,CHEMBL5401526,intermediate,5.770000934050708
C[C@@H]1CC[C@]23C[C@@H]1C(C)(C)[C@@H]2CC[C@@]3(C)OC(=O)Cc1ccncc1,CHEMBL5430729,active,6.357001596156081
C[C@@H]1C[C@@H]2[C@H](CC[C@]3(C)C(=O)CC[C@@H]23)[C@@]2(C)C=CC(=O)C=C12,CHEMBL5283920,active,6.2839966563652006
C[C@@H]1C[C@@H]2[C@H](CC[C@]3(C)C(=O)CC[C@@H]23)[C@@]2(C)CCC(=O)C=C12,CHEMBL3754220,active,6.142999383073641
C[C@@H]1C[C@@H]2[C@H](CC[C@]3(C)C(=O)CC[C@@H]23)[C@@]2(C)CCCC=C12,CHEMBL3754711,active,7.309981219211305
C[C@@H]1C[C@@H]2[C@H](CC[C@]3(C)C(=O)CC[C@@H]23)c2ccc(O)cc21,CHEMBL3754482,intermediate,5.480999396660359
C[C@@H]1C[C@@H]2[C@H](CC[C@]3(C)C(O)CC[C@@H]23)[C@@]2(C)CCCC=C12,CHEMBL5285526,intermediate,5.43200021111857
C[C@@H]1C[C@@H]2[C@H](CC[C@]3(C)[C@@H](O)CC[C@@H]23)c2ccc(O)cc21,CHEMBL3753034,inactive,4.214999998033624
C[C@@H]1C[C@@]2(C)C(=CC1=O)CC[C@@H]1[C@@H]2CC[C@]2(C)C(=O)CC[C@@H]12,CHEMBL3752414,active,6.602007879116804
C[C@@H]1C[C@@]2(C=O)C(=CC1=O)CC[C@@H]1[C@@H]2CC[C@]2(C)C(=O)CC[C@@H]12,CHEMBL5268471,inactive,4.9210001097592295
C[C@@H]1C[C@@]2(CO)C(=CC1=O)CC[C@@H]1[C@@H]2CC[C@]2(C)C(=O)CC[C@@H]12,CHEMBL5286895,inactive,4.958999936548504
C[C@@H]1OC(=O)C[C@H]2[C@@H]3CC=C4CC(O)CC[C@]4(C)[C@H]3CC[C@]12C,CHEMBL3623209,active,6.6020599913279625
C[C@@H]1O[C@@H](O[C@H]2[C@H](Oc3cc(O)c4c(c3)O[C@H](c3ccc(O)cc3)CC4=O)O[C@H](CO)[C@@H](O)[C@@H]2O)[C@H](O)[C@H](O)[C@H]1O,CHEMBL451532,intermediate,5.301029995663981
C[C@@H]1O[C@]2(C(C)(C)O)C=C3CC[C@H]4C(C)(C)CCC[C@]4(C)[C@@]31OO2,CHEMBL4859743,inactive,4.97061622231479
C[C@@H]1[C@@H](OC(=O)C(C)(C)c2cccnc2)C[C@H]2C[C@@H]1C2(C)C,CHEMBL5407494,inactive,4.522999930346892
C[C@@H]1[C@@H](OC(=O)C(C)(C)c2ccncc2)C[C@H]2C[C@@H]1C2(C)C,CHEMBL5415900,intermediate,5.414999753878066
C[C@@H]1[C@@H](OC(=O)Cc2cccnc2)C[C@H]2C[C@@H]1C2(C)C,CHEMBL5433734,intermediate,5.25199969081543
C[C@@H]1[C@@H](OC(=O)Cc2ccncc2)C[C@H]2C[C@]1(C)C2(C)C,CHEMBL5421289,active,6.920999747696151
C[C@@H]1[C@H]2C[C@@H](C[C@H]1OC(=O)Cc1ccncc1)C2(C)C,CHEMBL5425135,active,7.018000285870122
C[C@H](NC(=O)/C=C/c1ccccc1)c1cccc(N2CCOCC2)c1,CHEMBL317935,inactive,4.886056647693163
C[C@H](O)C/C=C/CCCCC1Cc2cc(O)cc(O)c2C(=O)O1,CHEMBL3799189,inactive,4.909741947068683
C[C@H](OC(=O)C12CC3CC(CC(C3)C1)C2)c1cccnc1,CHEMBL112509,intermediate,5.337242168318426
C[C@H](OC(=O)C12CC3CC(CC(C3)C1)C2)c1ccncc1,CHEMBL110524,intermediate,5.251811972993799
C[C@H]1C2=CC(=O)CCC(C)(O2)[C@H]2CC[C@]3(C)C(=O)CC[C@H]3[C@H]12,CHEMBL574960,intermediate,5.008773924307505
C[C@H]1CC2C(CCC3(C)C(=O)CCC23)C2(C)C=CC(=O)C=C12,CHEMBL274878,active,6.2076083105017466
C[C@H]1CC2C(CCC3(C)C(O)CCC23)C2(C)CCCC=C12,CHEMBL70959,active,8.431798275933005
C[C@H]1CC2C3CCC(=O)C3(C)CCC2C2(C)CCC(=O)C=C12,CHEMBL25588,active,6.455931955649724
C[C@H]1CC2C3CCC(=O)C3(C)CCC2C2(C)CCCC=C12,CHEMBL310735,active,10.431798275933003
C[C@H]1CCC[C@@]2(C)C1=CC[C@@H]1[C@@H]2CC[C@]2(C)C(=O)CC[C@@H]12,CHEMBL1630276,intermediate,5.7450002209360775
C[C@H]1CC[C@@H](OC(=O)Cc2ccncc2)CC1,CHEMBL5417558,intermediate,5.699000406013823
C[C@H]1C[C@@H]2[C@H](CC[C@]3(C)C(=O)CC[C@@H]23)[C@@]2(C)C=CC(=O)C=C12,CHEMBL5273618,active,6.208000753744525
C[C@H]1C[C@@H]2[C@H](CC[C@]3(C)C(=O)CC[C@@H]23)[C@@]2(C)CCC(=O)C=C12,CHEMBL3754471,active,7.221848749616356
C[C@H]1C[C@@H]2[C@H](CC[C@]3(C)C(=O)CC[C@@H]23)[C@@]2(C)CCC=C[C@H]12,CHEMBL4564333,active,6.251811972993799
C[C@H]1C[C@@H]2[C@H](CC[C@]3(C)C(=O)CC[C@@H]23)[C@@]2(C)CCCC=C12,CHEMBL3751881,active,7.432033093176845
C[C@H]1C[C@@H]2[C@H](CC[C@]3(C)C(=O)CC[C@@H]23)[C@@]2(C)CC[C@H]3O[C@H]3[C@H]12,CHEMBL4460869,active,6.756961951313706
C[C@H]1C[C@@H]2[C@H](CC[C@]3(C)C(=O)CC[C@@H]23)c2ccc(O)cc21,CHEMBL3752447,inactive,4.88599985905086
C[C@H]1C[C@@H]2[C@H](CC[C@]3(C)C(O)CC[C@@H]23)[C@@]2(C)CCCC=C12,CHEMBL5275593,active,6.584993246046173
C[C@H]1C[C@@H]2[C@H](CC[C@]3(C)[C@@H](O)CC[C@@H]23)c2ccc(O)cc21,CHEMBL3754457,inactive,4.721000063947474
C[C@H]1C[C@@]2(C)C(=CC1=O)CC[C@@H]1[C@@H]2CC[C@]2(C)C(=O)CC[C@@H]12,CHEMBL3753403,active,6.6020599913279625
C[C@H]1C[C@]2(O)O[C@@]1(C)C=C1CC[C@H]3C(C)(C)CCC[C@]3(C)[C@H]12,CHEMBL4866633,inactive,4.928117992693875
C[C@H]1[C@H](C)CC[C@]2(C(=O)NCCCN3CCN(CCCN)CC3)CC[C@]3(C)C(=CC[C@@H]4[C@@]5(C)CC[C@H](O)C(C)(C)[C@@H]5CC[C@]43C)[C@H]12,CHEMBL264924,inactive,3.3010299956639813
C[C@H]1[C@H](C)CC[C@]2(C(=O)O)CC[C@]3(C)C(=CC[C@@H]4[C@@]5(C)CC/C(=N\O)C(C)(C)[C@@H]5CC[C@]43C)[C@H]12,CHEMBL487888,inactive,3.3010299956639813
C[C@H]1[C@H](C)CC[C@]2(C(=O)O)CC[C@]3(C)C(=CC[C@@H]4[C@@]5(C)CCC(=O)C(C)(C)[C@@H]5CC[C@]43C)[C@H]12,CHEMBL487887,inactive,3.3010299956639813
C[C@H]1[C@H](C)CC[C@]2(C(=O)O)CC[C@]3(C)C(=CC[C@@H]4[C@@]5(C)CCC(=O)NC(C)(C)[C@@H]5CC[C@]43C)[C@H]12,CHEMBL454421,inactive,3.3010299956639813
C[C@H]1[C@H](C)CC[C@]2(C(=O)O)CC[C@]3(C)C(=CC[C@@H]4[C@@]5(C)CC[C@H](O)C(C)(C)[C@@H]5CC[C@]43C)[C@H]12,CHEMBL169,active,7.853871964321762
C[C@](O)(c1cncc(-c2nc3ccc(F)cn3c2C2CC2)c1)C(F)(F)F,CHEMBL3923127,intermediate,5.113509274827518
C[C@](O)(c1cncc(-n2nc(C(F)(F)F)c3ccccc32)c1)C(F)(F)F,CHEMBL4071689,intermediate,5.267606240177032
C[C@]1(c2ccncc2)CCC(=O)NC1=O,CHEMBL89046,inactive,3.6108339156354674
C[C@]12C=C(Br)C(=O)C=C1CC[C@@H]1[C@@H]2CC[C@]2(C)C(=O)CC[C@@H]12,CHEMBL5289932,intermediate,5.735000472208071
C[C@]12C=C(CCCCc3ccccc3)C(=O)C=C1CC[C@@H]1[C@@H]2CC[C@]2(C)C(=O)CC[C@@H]12,CHEMBL5273309,inactive,4.46600005399
C[C@]12C=C(CCCc3ccccc3)C(=O)C=C1CC[C@@H]1[C@@H]2CC[C@]2(C)C(=O)CC[C@@H]12,CHEMBL3753611,active,6.853871964321762
C[C@]12C=C(CCc3ccc(C(F)(F)F)cc3)C(=O)C=C1CC[C@@H]1[C@@H]2CC[C@]2(C)C(=O)CC[C@@H]12,CHEMBL5285274,inactive,4.467000014793213
C[C@]12C=C(CCc3ccccc3)C(=O)C=C1CC[C@@H]1[C@@H]2CC[C@]2(C)C(=O)CC[C@@H]12,CHEMBL5284198,intermediate,5.589999287456538
C[C@]12C=C(Cc3ccccc3)C(=O)C=C1CC[C@@H]1[C@@H]2CC[C@]2(C)C(=O)CC[C@@H]12,CHEMBL5277286,inactive,4.063000009427148
C[C@]12C=C(O)C(=O)C=C1C(=O)C[C@@H]1[C@@H]2CC[C@]2(C)C(=O)CC[C@@H]12,CHEMBL5268836,intermediate,5.25199969081543
C[C@]12C=CC(=O)C(Sc3ccccc3)=C1C=C[C@@H]1[C@@H]2CC[C@]2(C)C(=O)CC[C@@H]12,CHEMBL3752174,active,7.18701983396052
C[C@]12C=CC(=O)C(Sc3ccccc3)=C1CC[C@@H]1[C@@H]2CC[C@]2(C)C(=O)CC[C@@H]12,CHEMBL3752288,active,6.301003938776766
C[C@]12C=CC(=O)C=C1C(CCCCCc1ccccc1)=C[C@@H]1[C@@H]2CC[C@]2(C)C(=O)CC[C@@H]12,CHEMBL5291085,active,7.0
C[C@]12C=CC(=O)C=C1C(CCCCc1ccccc1)=C[C@@H]1[C@@H]2CC[C@]2(C)C(=O)CC[C@@H]12,CHEMBL5271771,active,6.823995608527747
C[C@]12C=CC(=O)C=C1C(CCCc1ccccc1)=C[C@@H]1[C@@H]2CC[C@]2(C)C(=O)CC[C@@H]12,CHEMBL5277945,active,6.455994002150566
C[C@]12C=CC(=O)C=C1C(CCc1ccccc1)=C[C@@H]1[C@@H]2CC[C@]2(C)C(=O)CC[C@@H]12,CHEMBL3752155,active,7.136974703770529
C[C@]12C=CC(=O)C=C1C(CO)=C[C@@H]1[C@@H]2CC[C@]2(C)C(=O)CC[C@@H]12,CHEMBL3407539,active,6.173925197299173
C[C@]12C=CC(=O)C=C1C(Cc1ccccc1)=C[C@@H]1[C@@H]2CC[C@]2(C)C(=O)CC[C@@H]12,CHEMBL5269707,active,7.031984286006358
C[C@]12C=CC(=O)C=C1C(c1ccccc1)=C[C@@H]1[C@@H]2CC[C@]2(C)C(=O)CC[C@@H]12,CHEMBL5285898,active,6.268000501111618
C[C@]12C=CC(=O)C=C1C=C(CCc1ccccc1)[C@@H]1[C@@H]2CC[C@]2(C)C(=O)CC[C@@H]12,CHEMBL3754054,active,6.763992073967879
C[C@]12C=CC(=O)C=C1C=C(Cc1ccccc1)[C@@H]1[C@@H]2CC[C@]2(C)C(=O)CC[C@@H]12,CHEMBL3754204,active,7.215026290045599
C[C@]12C=CC(=O)C=C1C=C(c1ccccc1)[C@@H]1[C@@H]2CC[C@]2(C)C(=O)CC[C@@H]12,CHEMBL3752208,intermediate,5.6539992990432495
C[C@]12C=CC(=O)C=C1C=C[C@@H]1[C@@H]2CC[C@]2(C)C(=O)CC[C@@H]12,CHEMBL2311178,active,6.346999859889158
C[C@]12C=CC(=O)C=C1CC[C@@H]1[C@@H]2CC[C@]2(C)C(=O)/C(=C/c3ccc4c(c3)OCO4)C[C@@H]12,CHEMBL3752285,intermediate,5.1938200260161125
C[C@]12C=CC(=O)C=C1CC[C@@H]1[C@@H]2CC[C@]2(C)C(=O)C(Br)C[C@@H]12,CHEMBL5279864,inactive,4.878999879761405
C[C@]12C=CC(=O)C=C1CC[C@@H]1[C@@H]2CC[C@]2(C)C(=O)C(n3ccnc3)C[C@@H]12,CHEMBL3818725,active,6.774690718274137
C[C@]12C=CC(=O)C=C1CC[C@@H]1[C@@H]2CC[C@]2(C)C(=O)CC[C@@H]12,CHEMBL1078534,active,6.522878745280337
C[C@]12C=CC(=O)C=C1CC[C@@H]1[C@@H]2CC[C@]2(C)C(=O)[C@@H](n3ccnc3)C[C@@H]12,CHEMBL3623214,active,6.795988604538516
C[C@]12C=CC(=O)C=C1CC[C@@H]1[C@@H]2CC[C@]2(C)C3=NN(c4ccccc4)[C@H](c4ccccc4)[C@H]3C[C@@H]12,CHEMBL3754253,intermediate,5.739928612014925
C[C@]12C=CC(=O)C=C1CC[C@@H]1[C@@H]2CC[C@]2(C)C3=NN[C@H](c4ccccc4)[C@H]3C[C@@H]12,CHEMBL5286151,intermediate,5.520999426926838
C[C@]12C=CC(=O)C=C1C[C@@H](CCCc1ccc(N)cc1)[C@@H]1[C@@H]2CC[C@]2(C)C(=O)CC[C@@H]12,CHEMBL5284734,active,6.802003102402864
C[C@]12C=CC(=O)C=C1C[C@@H](CCCc1ccc([N+](=O)[O-])cc1)[C@@H]1[C@@H]2CC[C@]2(C)C(=O)CC[C@@H]12,CHEMBL3753373,active,7.88907375773358
C[C@]12C=CC(=O)C=C1C[C@@H](CCCc1ccccc1)[C@@H]1[C@@H]2CC[C@]2(C)C(=O)CC[C@@H]12,CHEMBL3753447,active,8.114017188645027
C[C@]12C=CC(=O)C=C1C[C@@H](CCc1ccc(N)cc1)[C@@H]1[C@@H]2CC[C@]2(C)C(=O)CC[C@@H]12,CHEMBL3754055,active,7.72792621249999
C[C@]12C=CC(=O)C=C1C[C@@H](CCc1ccc([N+](=O)[O-])cc1)[C@@H]1[C@@H]2CC[C@]2(C)C(=O)CC[C@@H]12,CHEMBL3752221,active,7.827105302247824
C[C@]12C=CC(=O)C=C1C[C@@H](CCc1cccc([N+](=O)[O-])c1)[C@@H]1[C@@H]2CC[C@]2(C)C(=O)CC[C@@H]12,CHEMBL5282027,active,6.876998186693976
C[C@]12C=CC(=O)C=C1C[C@@H](CCc1ccccc1)[C@@H]1[C@@H]2CC[C@]2(C)C(=O)CC[C@@H]12,CHEMBL3754259,active,7.777023550106609
C[C@]12C=CC(=O)C=C1C[C@@H](Cc1ccccc1)[C@@H]1[C@@H]2CC[C@]2(C)C(=O)CC[C@@H]12,CHEMBL3752591,active,7.716925025264528
C[C@]12C=CC(=O)C=C1C[C@H](c1ccc(N)cc1)[C@@H]1[C@@H]2CC[C@]2(C)C(=O)CC[C@@H]12,CHEMBL5286289,active,8.004014002086201
C[C@]12C=CC(=O)C=C1[C@@H](CC=O)C[C@@H]1[C@@H]2CC[C@]2(C)C(=O)CC[C@@H]12,CHEMBL3753463,intermediate,5.6020599913279625
C[C@]12C=CC(=O)C=C1[C@@H](CCCCCc1ccccc1)C[C@@H]1[C@@H]2CC[C@]2(C)C(=O)CC[C@@H]12,CHEMBL5275780,active,6.480999396660359
C[C@]12C=CC(=O)C=C1[C@@H](CCCCc1ccccc1)C[C@@H]1[C@@H]2CC[C@]2(C)C(=O)CC[C@@H]12,CHEMBL5287563,active,6.638007891242187
C[C@]12C=CC(=O)C=C1[C@@H](CCCc1ccccc1)C[C@@H]1[C@@H]2CC[C@]2(C)C(=O)CC[C@@H]12,CHEMBL5277644,active,6.292004253577071
C[C@]12C=CC(=O)C=C1[C@@H](CC[N+](=O)[O-])C[C@@H]1[C@@H]2CC[C@]2(C)C(=O)CC[C@@H]12,CHEMBL3751946,active,6.040958607678906
C[C@]12C=CC(=O)C=C1[C@@H](CCc1ccccc1)C[C@@H]1[C@@H]2CC[C@]2(C)C(=O)CC[C@@H]12,CHEMBL5290344,active,6.49499933607313
C[C@]12C=CC(=O)C=C1[C@@H](Cc1ccccc1)C[C@@H]1[C@@H]2CC[C@]2(C)C(=O)CC[C@@H]12,CHEMBL5282619,active,6.5690063480624525
C[C@]12C=CC(=O)C=C1[C@@H](OCc1ccccc1)C[C@@H]1[C@@H]2CC[C@]2(C)C(=O)CC[C@@H]12,CHEMBL5266984,intermediate,5.720999607054854
C[C@]12C=CC(=O)C=C1[C@@H](Oc1ccccc1)C[C@@H]1[C@@H]2CC[C@]2(C)C(=O)CC[C@@H]12,CHEMBL5289279,active,6.276002823808256
C[C@]12C=CC(=O)C=C1[C@@H](c1ccccc1)C[C@@H]1[C@@H]2CC[C@]2(C)C(=O)CC[C@@H]12,CHEMBL5290646,active,6.16699959088106
C[C@]12C=CC(=O)C=C1[C@@]1(CO1)C[C@@H]1[C@@H]2CC[C@]2(C)C(=O)CC[C@@H]12,CHEMBL3407536,active,6.2076083105017466
C[C@]12C=CC(=O)C=C1[C@H](CCCCCc1ccccc1)C[C@@H]1[C@@H]2CC[C@]2(C)C(=O)CC[C@@H]12,CHEMBL5281469,active,7.0
C[C@]12C=CC(=O)C=C1[C@H](CCCCc1ccccc1)C[C@@H]1[C@@H]2CC[C@]2(C)C(=O)CC[C@@H]12,CHEMBL5289592,active,6.328003797349959
C[C@]12C=CC(=O)C=C1[C@H](CCCc1ccccc1)C[C@@H]1[C@@H]2CC[C@]2(C)C(=O)CC[C@@H]12,CHEMBL5290751,active,6.155001238642457
C[C@]12C=CC(=O)C=C1[C@H](CCc1ccccc1)C[C@@H]1[C@@H]2CC[C@]2(C)C(=O)CC[C@@H]12,CHEMBL5284938,active,6.236999022944533
C[C@]12C=CC(=O)C=C1[C@H](Cc1ccccc1)C[C@@H]1[C@@H]2CC[C@]2(C)C(=O)CC[C@@H]12,CHEMBL5291192,active,6.229000794836059
C[C@]12C=CC(=O)C=C1[C@H](OCC#CCO)C[C@@H]1[C@@H]2CC[C@]2(C)C(=O)CC[C@@H]12,CHEMBL2179114,active,7.698970004336019
C[C@]12C=CC(=O)C=C1[C@H](OCc1ccccc1)C[C@@H]1[C@@H]2CC[C@]2(C)C(=O)CC[C@@H]12,CHEMBL5267234,active,6.823995608527747
C[C@]12C=CC(=O)C=C1[C@H](Oc1ccccc1)C[C@@H]1[C@@H]2CC[C@]2(C)C(=O)CC[C@@H]12,CHEMBL5270927,inactive,4.796000007769141
C[C@]12C=CC(=O)C=C1[C@H](c1ccccc1)C[C@@H]1[C@@H]2CC[C@]2(C)C(=O)CC[C@@H]12,CHEMBL5282687,active,6.276002823808256
C[C@]12CC(C#N)=C(O)C(=O)[C@@H]1CC[C@@H]1[C@@H]2CC[C@]2(C)[C@@H](O)CC[C@@H]12,CHEMBL3623216,active,6.0
C[C@]12CC=C3C(CCC4=CC(=O)CC[C@@]43CCI)C1CCC2=O,CHEMBL166060,inactive,5.0
C[C@]12CC=C3C(CCC4=CC(=O)CC[C@@]43CCOS(C)(=O)=O)C1CCC2=O,CHEMBL424185,inactive,5.0
C[C@]12CC=C3C(CCC4=CC(=O)CC[C@@]43CCSC#N)C1CCC2=O,CHEMBL166032,active,6.0
C[C@]12CC=C3C(CCC4=CC(=O)CC[C@@]43CCSC(F)F)C1CCC2=O,CHEMBL166148,active,6.0
C[C@]12CC=C3C(CCC4=CC(=O)CC[C@@]43CCSC3CC3)C1CCC2=O,CHEMBL166079,active,6.0
C[C@]12CC=C3C(CCC4=CC(=O)CC[C@@]43CCSCCCl)C1CCC2=O,CHEMBL351850,active,6.0
C[C@]12CC=C3C(CCC4=CC(=O)CC[C@@]43CCSCCO)C1CCC2=O,CHEMBL423096,active,6.0
C[C@]12CC=C3C(CCC4=CC(=O)CC[C@@]43CCSCCS)C1CCC2=O,CHEMBL165279,active,6.0
C[C@]12CC=C3C(CCC4=CC(=O)CC[C@@]43CCSCF)C1CCC2=O,CHEMBL165106,active,7.301029995663981
C[C@]12CC=C3C(CCC4=CC(=O)CC[C@@]43CCSSc3ccc([N+](=O)[O-])cc3[N+](=O)[O-])C1CCC2=O,CHEMBL165552,active,6.0
C[C@]12CC=C3C(CCC4=CC(=O)CC[C@@]43CCSSc3ccccc3)C1CCC2=O,CHEMBL349851,active,6.0
C[C@]12CC=C3C(CCC4=CC(=O)CC[C@@]43CCSc3ccccc3)C1CCC2=O,CHEMBL349963,active,6.3979400086720375
C[C@]12CC=C3C(CCC4=CC(=O)CC[C@@]43CC[Se]c3ccccc3)C1CCC2=O,CHEMBL164821,active,6.0
C[C@]12CC=C3[C@@H](CCC4=CC(=O)CC[C@@]43CCSCF)[C@@H]1CCC2=O,CHEMBL3753104,active,7.301029995663981
C[C@]12CC=CC[C@@H]1CC[C@@H]1[C@@H]2CC[C@]2(C)C(=O)CC[C@@H]12,CHEMBL2058267,intermediate,5.761201437286083
C[C@]12CCC(=O)C(F)=C1CC[C@@H]1[C@@H]2CC[C@]2(C)C(=O)CC[C@@H]12,CHEMBL3753063,active,6.319003122003004
C[C@]12CCC(=O)C(O)=C1C(=O)C[C@@H]1[C@@H]2CC[C@]2(C)C(=O)CC[C@@H]12,CHEMBL3754696,active,6.336996766870358
C[C@]12CCC(=O)C(O)=C1C=C[C@@H]1[C@@H]2CC[C@]2(C)C(=O)CC[C@@H]12,CHEMBL3753695,active,6.0
C[C@]12CCC(=O)C(O)=C1CCC1C2=CC[C@]2(C)C(=O)CCC12,CHEMBL288190,active,6.455931955649724
C[C@]12CCC(=O)C(O)=C1CCC1C2CC[C@]2(C)OC(=O)CCC12,CHEMBL197451,intermediate,5.732828271596986
C[C@]12CCC(=O)C(O)=C1CC[C@@H]1C2=CC[C@]2(C)C(=O)CC[C@@H]12,CHEMBL5266491,active,6.455994002150566
C[C@]12CCC(=O)C(O)=C1CC[C@@H]1[C@@H]2CC[C@]2(C)C(=O)CC[C@@H]12,CHEMBL132530,active,7.522878745280337
C[C@]12CCC(=O)C(O)=C1CC[C@@H]1[C@@H]2CC[C@]2(C)OC(=O)CC[C@@H]12,CHEMBL1630909,intermediate,5.732828271596986
C[C@]12CCC(=O)C(Oc3ccccc3)=C1CC[C@@H]1[C@@H]2CC[C@]2(C)C(=O)CC[C@@H]12,CHEMBL484584,active,6.275724130399211
C[C@]12CCC(=O)C(Oc3ccccc3)=C1C[C@@H](Sc1ccccc1)[C@@H]1[C@@H]2CC[C@]2(C)C(=O)CC[C@@H]12,CHEMBL3754489,intermediate,5.782516055786093
C[C@]12CCC(=O)C(S)=C1CCC1C2=CC[C@]2(C)C(=O)CCC12,CHEMBL41033,intermediate,5.42021640338319
C[C@]12CCC(=O)C(S)=C1CCC1C2CC[C@]2(C)C(=O)CCC12,CHEMBL288242,intermediate,5.455931955649724
C[C@]12CCC(=O)C(S)=C1CC[C@@H]1C2=CC[C@]2(C)C(=O)CC[C@@H]12,CHEMBL5271543,intermediate,5.420000452721523
C[C@]12CCC(=O)C(S)=C1CC[C@@H]1[C@@H]2CC[C@]2(C)C(=O)CC[C@@H]12,CHEMBL5277901,intermediate,5.456000207288222
C[C@]12CCC(=O)C(SC(F)F)=C1CC[C@@H]1[C@@H]2CC[C@]2(C)C(=O)CC[C@@H]12,CHEMBL2113524,intermediate,5.568999908632387
C[C@]12CCC(=O)C(SCC#N)=C1CC[C@@H]1[C@@H]2CC[C@]2(C)C(=O)CC[C@@H]12,CHEMBL2113619,intermediate,5.431798275933005
C[C@]12CCC(=O)C(SCCl)=C1CCC1C2=CC[C@]2(C)C(=O)CCC12,CHEMBL442542,active,6.0655015487564325
C[C@]12CCC(=O)C(SCCl)=C1CCC1C2CC[C@]2(C)C(=O)CCC12,CHEMBL40432,active,6.026872146400302
C[C@]12CCC(=O)C(SCCl)=C1CC[C@@H]1C2=CC[C@]2(C)C(=O)CC[C@@H]12,CHEMBL5268776,active,6.066001780383496
C[C@]12CCC(=O)C(SCCl)=C1CC[C@@H]1[C@@H]2CC[C@]2(C)C(=O)CC[C@@H]12,CHEMBL3754724,active,6.027001529984912
C[C@]12CCC(=O)C(SCF)=C1CCC1C2CC[C@]2(C)C(=O)CCC12,CHEMBL41517,active,6.096910013008056
C[C@]12CCC(=O)C(SCF)=C1CC[C@@H]1[C@@H]2CC[C@]2(C)C(=O)CC[C@@H]12,CHEMBL3752892,active,6.097002310392405
C[C@]12CCC(=O)C(Sc3ccccc3)=C1C=C[C@@H]1[C@@H]2CC[C@]2(C)C(=O)CC[C@@H]12,CHEMBL3753109,active,7.602059991327962
C[C@]12CCC(=O)C(Sc3ccccc3)=C1CC[C@@H]1[C@@H]2CC[C@]2(C)C(=O)CC[C@@H]12,CHEMBL3754241,active,6.744992978208245
C[C@]12CCC(=O)C(c3ccc(OS(N)(=O)=O)cc3)=C1CC[C@@H]1[C@@H]2CC[C@]2(C)C(=O)CC[C@@H]12,CHEMBL3754538,active,6.00436480540245
C[C@]12CCC(=O)C3=C1C(=Nc1ccccc1S3)C[C@@H]1[C@@H]2CC[C@]2(C)C(=O)CC[C@@H]12,CHEMBL3754157,inactive,4.373659632624958
C[C@]12CCC(=O)C=C1C(=O)C[C@@H]1[C@@H]2CC[C@]2(C)C(=O)CC[C@@H]12,CHEMBL5290788,active,6.552997101533838
C[C@]12CCC(=O)C=C1C(=O)[C@@H](O)[C@@H]1[C@@H]2CC[C@]2(C)C(=O)CC[C@@H]12,CHEMBL5274299,inactive,4.958999936548504
C[C@]12CCC(=O)C=C1C(CCCCCc1ccccc1)=C[C@@H]1[C@@H]2CC[C@]2(C)C(=O)CC[C@@H]12,CHEMBL5268215,active,6.522994572586506
C[C@]12CCC(=O)C=C1C(CCCCc1ccccc1)=C[C@@H]1[C@@H]2CC[C@]2(C)C(=O)CC[C@@H]12,CHEMBL5288515,active,6.552997101533838
C[C@]12CCC(=O)C=C1C(CCCc1ccccc1)=C[C@@H]1[C@@H]2CC[C@]2(C)C(=O)CC[C@@H]12,CHEMBL5290564,active,6.602007879116804
C[C@]12CCC(=O)C=C1C(CCc1ccccc1)=C[C@@H]1[C@@H]2CC[C@]2(C)C(=O)CC[C@@H]12,CHEMBL3752788,active,7.036023390003394
C[C@]12CCC(=O)C=C1C(Cc1ccccc1)=C[C@@H]1[C@@H]2CC[C@]2(C)C(=O)CC[C@@H]12,CHEMBL3754168,active,7.108016769148033
C[C@]12CCC(=O)C=C1C(N=[N+]=[N-])=C[C@@H]1[C@@H]2CC[C@]2(C)C(=O)CC[C@@H]12,CHEMBL5270108,intermediate,5.3420000574143325
C[C@]12CCC(=O)C=C1C(c1ccccc1)=C[C@@H]1[C@@H]2CC[C@]2(C)C(=O)CC[C@@H]12,CHEMBL5267688,active,6.698991719603
C[C@]12CCC(=O)C=C1C1C([C@@H]3[C@@H]2CC[C@]2(C)C(=O)CC[C@@H]32)C1(F)F,CHEMBL5271680,active,6.051000545973047
C[C@]12CCC(=O)C=C1C1OC1[C@@H]1[C@@H]2CC[C@]2(C)C(=O)CC[C@@H]12,CHEMBL5275153,inactive,4.408999985161117
C[C@]12CCC(=O)C=C1C=C(CCc1ccc(N)cc1)[C@@H]1[C@@H]2CC[C@]2(C)C(=O)CC[C@@H]12,CHEMBL5276820,active,7.056011124926228
C[C@]12CCC(=O)C=C1C=C(CCc1ccc([N+](=O)[O-])cc1)[C@@H]1[C@@H]2CC[C@]2(C)C(=O)CC[C@@H]12,CHEMBL5265837,active,7.022002190041261
C[C@]12CCC(=O)C=C1C=C(CCc1ccccc1)[C@@H]1[C@@H]2CC[C@]2(C)C(=O)CC[C@@H]12,CHEMBL3753089,active,6.7590017137846825
C[C@]12CCC(=O)C=C1C=C(Cc1ccc(N)cc1)[C@@H]1[C@@H]2CC[C@]2(C)C(=O)CC[C@@H]12,CHEMBL5290960,active,7.056011124926228
C[C@]12CCC(=O)C=C1C=C(Cc1ccc([N+](=O)[O-])cc1)[C@@H]1[C@@H]2CC[C@]2(C)C(=O)CC[C@@H]12,CHEMBL5269293,active,7.027010773144651
C[C@]12CCC(=O)C=C1C=C(Cc1ccccc1)[C@@H]1[C@@H]2CC[C@]2(C)C(=O)CC[C@@H]12,CHEMBL3754505,active,7.215026290045599
C[C@]12CCC(=O)C=C1C=C(c1ccccc1)[C@@H]1[C@@H]2CC[C@]2(C)C(=O)CC[C@@H]12,CHEMBL3754260,intermediate,5.845999266920004
C[C@]12CCC(=O)C=C1C=C[C@@H]1[C@@H]2CC[C@]2(C)C(=O)CC[C@@H]12,CHEMBL3754473,intermediate,5.6579999748624346
C[C@]12CCC(=O)C=C1CCC1C2CC[C@]2(C)C(c3cccnc3)=CCC12,CHEMBL432751,intermediate,5.7447274948966935
C[C@]12CCC(=O)C=C1CC[C@@H]1C2=CC[C@]2(C)C(=O)CC[C@@H]12,CHEMBL3799363,active,6.6020599913279625
C[C@]12CCC(=O)C=C1CC[C@@H]1[C@@H]2CC[C@]2(C)C(=O)/C(=C/c3ccc(OCCCn4ccnc4)cc3)C[C@@H]12,CHEMBL2282047,inactive,4.924453038607469
C[C@]12CCC(=O)C=C1CC[C@@H]1[C@@H]2CC[C@]2(C)C(=O)/C(=C/c3cccc(OCCCn4ccnc4)c3)C[C@@H]12,CHEMBL2282050,intermediate,5.356547323513812
C[C@]12CCC(=O)C=C1CC[C@@H]1[C@@H]2CC[C@]2(C)C(=O)/C(=C/c3ccncc3)C[C@@H]12,CHEMBL2003274,intermediate,5.2839966563652006
C[C@]12CCC(=O)C=C1CC[C@@H]1[C@@H]2CC[C@]2(C)C(=O)C(Br)C[C@@H]12,CHEMBL5289229,intermediate,5.577000022728384
C[C@]12CCC(=O)C=C1CC[C@@H]1[C@@H]2CC[C@]2(C)C(=O)C(n3ccnc3)C[C@@H]12,CHEMBL3819184,active,6.7447274948966935
C[C@]12CCC(=O)C=C1CC[C@@H]1[C@@H]2CC[C@]2(C)C(=O)CC[C@@H]12,CHEMBL274826,active,6.585026652029182
C[C@]12CCC(=O)C=C1CC[C@@H]1[C@@H]2CC[C@]2(C)C(=O)[C@@H](n3ccnc3)C[C@@H]12,CHEMBL3623213,active,6.744992978208245
C[C@]12CCC(=O)C=C1CC[C@@H]1[C@@H]2CC[C@]2(C)C(=O)[C@H](O)C[C@@H]12,CHEMBL1908014,inactive,3.6989999934053786
C[C@]12CCC(=O)C=C1C[C@@H](CCCc1ccccc1)[C@@H]1[C@@H]2CC[C@]2(C)C(=O)CC[C@@H]12,CHEMBL3349657,active,6.681999308182079
C[C@]12CCC(=O)C=C1C[C@@H](CCc1ccccc1)[C@@H]1[C@@H]2CC[C@]2(C)C(=O)CC[C@@H]12,CHEMBL3349549,active,6.859995049380551
C[C@]12CCC(=O)C=C1C[C@@H](Cc1ccccc1)[C@@H]1[C@@H]2CC[C@]2(C)C(=O)CC[C@@H]12,CHEMBL3349550,active,6.483993769613952
C[C@]12CCC(=O)C=C1C[C@@H](SCCc1ccccc1)[C@@H]1[C@@H]2CC[C@]2(C)C(=O)CC[C@@H]12,CHEMBL3245353,active,7.208028798979232
C[C@]12CCC(=O)C=C1C[C@@H](SCc1ccccc1)[C@@H]1[C@@H]2CC[C@]2(C)C(=O)CC[C@@H]12,CHEMBL3245350,active,7.161025045044532
C[C@]12CCC(=O)C=C1C[C@@H](Sc1ccc(N)cc1)[C@@H]1[C@@H]2CC[C@]2(C)C(=O)CC[C@@H]12,CHEMBL3245357,active,6.795988604538516
C[C@]12CCC(=O)C=C1C[C@@H](Sc1ccccc1)[C@@H]1[C@@H]2CC[C@]2(C)C(=O)CC[C@@H]12,CHEMBL3245349,active,6.187086643357144
C[C@]12CCC(=O)C=C1C[C@H](CCc1ccccc1)[C@@H]1[C@@H]2CC[C@]2(C)C(=O)CC[C@@H]12,CHEMBL3349655,active,7.3959900675877694
C[C@]12CCC(=O)C=C1C[C@H](Cc1ccccc1)[C@@H]1[C@@H]2CC[C@]2(C)C(=O)CC[C@@H]12,CHEMBL3349656,active,7.352030541637028
C[C@]12CCC(=O)C=C1[C@@H](CCCCCc1ccccc1)C[C@@H]1[C@@H]2CC[C@]2(C)C(=O)CC[C@@H]12,CHEMBL5281163,inactive,3.2520000011599985
C[C@]12CCC(=O)C=C1[C@@H](CCCCc1ccccc1)C[C@@H]1[C@@H]2CC[C@]2(C)C(=O)CC[C@@H]12,CHEMBL5269252,inactive,3.4690000033124746
C[C@]12CCC(=O)C=C1[C@@H](CCCc1ccccc1)C[C@@H]1[C@@H]2CC[C@]2(C)C(=O)CC[C@@H]12,CHEMBL5284738,inactive,3.397999999740579
C[C@]12CCC(=O)C=C1[C@@H](CCc1ccccc1)C[C@@H]1[C@@H]2CC[C@]2(C)C(=O)CC[C@@H]12,CHEMBL3752252,inactive,3.854000007004324
C[C@]12CCC(=O)C=C1[C@@H](Cc1ccccc1)C[C@@H]1[C@@H]2CC[C@]2(C)C(=O)CC[C@@H]12,CHEMBL3752347,active,6.180002266489224
C[C@]12CCC(=O)C=C1[C@@H](F)C[C@@H]1[C@@H]2CC[C@]2(C)C(=O)CC[C@@H]12,CHEMBL3752818,active,6.3980051577306245
C[C@]12CCC(=O)C=C1[C@@H](O)C[C@@H]1[C@@H]2CC[C@]2(C)C(=O)CC[C@@H]12,CHEMBL4520027,active,6.055517327849832
C[C@]12CCC(=O)C=C1[C@@H](OC(=O)CBr)C[C@@H]1[C@@H]2CC[C@]2(C)C(=O)CC[C@@H]12,CHEMBL3753645,intermediate,5.553000204756657
C[C@]12CCC(=O)C=C1[C@@H](OCc1ccccc1)C[C@@H]1[C@@H]2CC[C@]2(C)C(=O)CC[C@@H]12,CHEMBL3752038,intermediate,5.601999194356185
C[C@]12CCC(=O)C=C1[C@@H](Oc1ccccc1)C[C@@H]1[C@@H]2CC[C@]2(C)C(=O)CC[C@@H]12,CHEMBL5268139,active,7.0
C[C@]12CCC(=O)C=C1[C@@H](c1ccccc1)C[C@@H]1[C@@H]2CC[C@]2(C)C(=O)CC[C@@H]12,CHEMBL5279628,intermediate,5.958998355870358
C[C@]12CCC(=O)C=C1[C@@H]1N[C@@H]1[C@@H]1[C@@H]2CC[C@]2(C)C(=O)CC[C@@H]12,CHEMBL5273350,inactive,4.308000031493928
C[C@]12CCC(=O)C=C1[C@@H]1[C@H]([C@@H]3[C@@H]2CC[C@]2(C)C(=O)CC[C@@H]32)C1(F)F,CHEMBL3754061,intermediate,5.939000146781711
C[C@]12CCC(=O)C=C1[C@H](Br)C[C@@H]1[C@@H]2CC[C@]2(C)C(=O)CC[C@@H]12,CHEMBL5275714,active,6.097002310392405
C[C@]12CCC(=O)C=C1[C@H](CCCCCc1ccccc1)C[C@@H]1[C@@H]2CC[C@]2(C)C(=O)CC[C@@H]12,CHEMBL5287546,inactive,3.347000004724818
C[C@]12CCC(=O)C=C1[C@H](CCCCc1ccccc1)C[C@@H]1[C@@H]2CC[C@]2(C)C(=O)CC[C@@H]12,CHEMBL3752440,inactive,3.869999994395436
C[C@]12CCC(=O)C=C1[C@H](CCCc1ccccc1)C[C@@H]1[C@@H]2CC[C@]2(C)C(=O)CC[C@@H]12,CHEMBL5287766,inactive,3.537999998156502
C[C@]12CCC(=O)C=C1[C@H](CCc1ccccc1)C[C@@H]1[C@@H]2CC[C@]2(C)C(=O)CC[C@@H]12,CHEMBL5268166,inactive,2.978999999442339
C[C@]12CCC(=O)C=C1[C@H](Cc1ccccc1)C[C@@H]1[C@@H]2CC[C@]2(C)C(=O)CC[C@@H]12,CHEMBL5291270,intermediate,5.397999728269116
C[C@]12CCC(=O)C=C1[C@H](F)C[C@@H]1[C@@H]2CC[C@]2(C)C(=O)CC[C@@H]12,CHEMBL3752871,active,6.097002310392405
C[C@]12CCC(=O)C=C1[C@H](N=[N+]=[N-])C(O)[C@@H]1[C@@H]2CC[C@]2(C)C(=O)CC[C@@H]12,CHEMBL5268519,inactive,4.328000007953276
C[C@]12CCC(=O)C=C1[C@H](O)C(N=[N+]=[N-])[C@@H]1[C@@H]2CC[C@]2(C)C(=O)CC[C@@H]12,CHEMBL5270168,intermediate,5.519000491856262
C[C@]12CCC(=O)C=C1[C@H](O)C[C@@H]1[C@@H]2CC[C@]2(C)C(=O)CC[C@@H]12,CHEMBL4515880,active,6.075720713938118
C[C@]12CCC(=O)C=C1[C@H](OC(=O)CBr)C[C@@H]1[C@@H]2CC[C@]2(C)C(=O)CC[C@@H]12,CHEMBL5287003,inactive,4.346999956446259
C[C@]12CCC(=O)C=C1[C@H](OCc1ccccc1)C[C@@H]1[C@@H]2CC[C@]2(C)C(=O)CC[C@@H]12,CHEMBL5280059,active,7.070990014506039
C[C@]12CCC(=O)C=C1[C@H](Oc1ccccc1)C[C@@H]1[C@@H]2CC[C@]2(C)C(=O)CC[C@@H]12,CHEMBL5281249,inactive,4.637999965544002
C[C@]12CCC(=O)C=C1[C@H](c1ccccc1)C[C@@H]1[C@@H]2CC[C@]2(C)C(=O)CC[C@@H]12,CHEMBL5278102,intermediate,5.770000934050708
C[C@]12CCC(=O)C[C@@H]1C(=O)C[C@@H]1[C@@H]2CC[C@]2(C)C(=O)CC[C@@H]12,CHEMBL5290784,intermediate,5.397999728269116
C[C@]12CCC(=O)C[C@@H]1CC[C@@H]1[C@@H]2CC[C@]2(C)C(=O)CC[C@@H]12,CHEMBL1230438,active,6.04599883231843
C[C@]12CCC(=O)C[C@@H]1CC[C@@H]1[C@@H]2CC[C@]2(C)C3=NN(c4ccccc4)[C@H](c4ccccc4)[C@H]3C[C@@H]12,CHEMBL5288725,intermediate,5.369999510099088
C[C@]12CCC(=O)C[C@@H]1CC[C@@H]1[C@@H]2CC[C@]2(C)C3=NN[C@H](c4ccccc4)[C@H]3C[C@@H]12,CHEMBL5267423,intermediate,5.281000362121282
C[C@]12CCC(=O)c3[nH]nc(c31)C[C@@H]1[C@@H]2CC[C@]2(C)C(=O)CC[C@@H]12,CHEMBL5266594,active,6.626995995232726
C[C@]12CCC(=O)c3c1c(nn3C/C=C/c1ccccc1)C[C@@H]1[C@@H]2CC[C@]2(C)C(=O)CC[C@@H]12,CHEMBL5267610,active,6.04599883231843
C[C@]12CCC(=O)c3c1c(nn3Cc1ccc([N+](=O)[O-])cc1)C[C@@H]1[C@@H]2CC[C@]2(C)C(=O)CC[C@@H]12,CHEMBL5276932,active,6.181998571866692
C[C@]12CCC(=O)c3c1c(nn3Cc1ccccc1)C[C@@H]1[C@@H]2CC[C@]2(C)C(=O)CC[C@@H]12,CHEMBL5284841,active,6.465999292024629
C[C@]12CCC(=O)c3nn(C/C=C/c4ccccc4)c(c31)C[C@@H]1[C@@H]2CC[C@]2(C)C(=O)CC[C@@H]12,CHEMBL5279731,active,6.022002190041261
C[C@]12CCC(=O)c3nn(Cc4cccc([N+](=O)[O-])c4)c(c31)C[C@@H]1[C@@H]2CC[C@]2(C)C(=O)CC[C@@H]12,CHEMBL5285807,active,6.309998953116936
C[C@]12CCC(=O)c3nn(Cc4ccccc4)c(c31)C[C@@H]1[C@@H]2CC[C@]2(C)C(=O)CC[C@@H]12,CHEMBL5274890,active,6.610993481693768
C[C@]12CCC(=O)c3onc(c31)C[C@@H]1[C@@H]2CC[C@]2(C)C(=O)CC[C@@H]12,CHEMBL3752050,intermediate,5.723768042078167
C[C@]12CCC3C(CCC4=C(O)C(=O)CC[C@@]43C(F)F)C1CCC2=O,CHEMBL99057,intermediate,5.481486060122113
C[C@]12CCC3C(CC[C@H]4C=CCC[C@]34C)C1CCC2=O,CHEMBL194641,active,6.647817481888637
C[C@]12CCC3C(CC[C@H]4CC(=O)CC[C@]34C)C1CC=C2c1cccnc1,CHEMBL84230,inactive,4.301029995663981
C[C@]12CCC3[C@@H](CC(=O)[C@]45O[C@H]4CCC[C@]35C=O)C1CCC2=O,CHEMBL5274832,inactive,3.82400001028115
C[C@]12CCC=CC1=CC(=O)[C@@H]1[C@@H]2CC[C@]2(C)C(=O)CC[C@@H]12,CHEMBL5266519,intermediate,5.7450002209360775
C[C@]12CCC=CC1=CC(=O)[C@@H]1[C@@H]2CC[C@]2(C)C(O)CC[C@@H]12,CHEMBL5290103,inactive,4.3769999834366455
C[C@]12CCC=CC1=CC[C@@H]1[C@@H]2CC[C@]2(C)C(=O)CC[C@@H]12,CHEMBL3752366,active,6.468993954885645
C[C@]12CCC=CC1=CC[C@@H]1[C@@H]2CC[C@]2(C)C(O)CC[C@@H]12,CHEMBL5281055,inactive,4.744999979509871
C[C@]12CCC=C[C@@H]1CC[C@@H]1[C@@H]2CC[C@]2(C)C(=O)CC[C@@H]12,CHEMBL1629800,active,6.647991234434225
C[C@]12CCC=C[C@@H]1CC[C@@H]1[C@@H]2CC[C@]2(C)[C@@H](O)CC[C@@H]12,CHEMBL1629801,inactive,4.522878745280337
C[C@]12CCCC(=O)C1=CC(=O)[C@@H]1[C@@H]2CC[C@]2(C)C(=O)CC[C@@H]12,CHEMBL5266298,intermediate,5.444000404604937
C[C@]12CCCC(=O)C1=CC[C@@H]1[C@@H]2CC[C@]2(C)C(=O)CC[C@@H]12,CHEMBL3754425,intermediate,5.920999747696151
C[C@]12CCCC(=O)C1CC[C@@H]1[C@@H]2CC[C@]2(C)C(=O)CC[C@@H]12,CHEMBL5278613,intermediate,5.620000528471499
C[C@]12CCCC(=O)[C@@H]1CC[C@@H]1[C@@H]2CC[C@]2(C)C(=O)CC[C@@H]12,CHEMBL1630279,intermediate,5.619788758288394
C[C@]12CCCC(O)C1=CC[C@@H]1[C@@H]2CC[C@]2(C)C(=O)CC[C@@H]12,CHEMBL5266626,active,6.552997101533838
C[C@]12CCCC(OC(=O)c3ccccc3)=C1CC[C@@H]1[C@@H]2CC[C@]2(C)C(=O)CC[C@@H]12,CHEMBL1630263,active,6.194003282659082
C[C@]12CCCC=C1C(=O)C[C@@H]1[C@@H]2CC[C@]2(C)C(=O)CC[C@@H]12,CHEMBL3752280,active,6.782990090195795
C[C@]12CCCC=C1CC[C@@H]1[C@@H]2CC[C@]2(C)C(=O)CC[C@@H]12,CHEMBL1629804,active,10.221848749616356
C[C@]12CCCC=C1CC[C@@H]1[C@@H]2CC[C@]2(C)C(=O)[C@@H](Br)C[C@@H]12,CHEMBL3754485,intermediate,5.229000058993779
C[C@]12CCCC=C1CC[C@@H]1[C@@H]2CC[C@]2(C)C(=O)[C@H](Br)C[C@@H]12,CHEMBL3752674,intermediate,5.387000109034796
C[C@]12CCCC=C1CC[C@@H]1[C@@H]2CC[C@]2(C)C(=O)[C@H](O)C[C@@H]12,CHEMBL5281733,intermediate,5.397999728269116
C[C@]12CCCC=C1[C@@H](O)C[C@@H]1[C@@H]2CC[C@]2(C)C(=O)CC[C@@H]12,CHEMBL1629806,active,6.721246399047171
C[C@]12CCCC=C1[C@H](O)C[C@@H]1[C@@H]2CC[C@]2(C)C(=O)CC[C@@H]12,CHEMBL1630261,active,7.301029995663981
C[C@]12CCCC=C1[C@H]1C[C@H]1[C@@H]1[C@@H]2CC[C@]2(C)C(=O)CC[C@@H]12,CHEMBL5289394,active,6.823995608527747
C[C@]12CCCCC1=CC(=O)[C@@H]1[C@@H]2CC[C@]2(C)C(=O)CC[C@@H]12,CHEMBL3752149,intermediate,5.638000342954921
C[C@]12CCCCC1=CC(=O)[C@@H]1[C@@H]2CC[C@]2(C)C(O)CC[C@@H]12,CHEMBL5269817,intermediate,5.79599946475137
C[C@]12CCCCC1=CC[C@@H]1[C@@H]2CC[C@]2(C)C(=O)CC[C@@H]12,CHEMBL2311169,active,6.180456064458132
C[C@]12CCCCC1=CC[C@@H]1[C@@H]2CC[C@]2(C)C(=O)[C@H](Br)C[C@@H]12,CHEMBL5280552,inactive,4.259999979340046
C[C@]12CCCCC1=CC[C@@H]1[C@@H]2CC[C@]2(C)C(O)CC[C@@H]12,CHEMBL5281465,inactive,4.522999930346892
C[C@]12CCCC[C@@H]1CC[C@@H]1[C@@H]2CC[C@]2(C)C(=O)CC[C@@H]12,CHEMBL2057976,intermediate,5.638000342954921
C[C@]12CCC[C@@H](O)C1=CC[C@@H]1[C@@H]2CC[C@]2(C)C(=O)CC[C@@H]12,CHEMBL3349856,active,6.066001780383496
C[C@]12CCC[C@H](O)C1=CC(=O)[C@@H]1[C@@H]2CC[C@]2(C)C(=O)CC[C@@H]12,CHEMBL5289821,intermediate,5.201000126152667
C[C@]12CCC[C@H](O)C1=CC[C@@H]1[C@@H]2CC[C@]2(C)C(=O)CC[C@@H]12,CHEMBL3349864,active,6.552997101533838
C[C@]12CC[C@@H](O)C(=O)[C@@H]1CC[C@@H]1[C@@H]2CC[C@]2(C)C(=O)CC[C@@H]12,CHEMBL1630280,active,6.173925197299173
C[C@]12CC[C@@H](O)C(=O)[C@H]1CC[C@@H]1[C@@H]2CC[C@]2(C)[C@@H](O)CC[C@@H]12,CHEMBL2431526,intermediate,5.4089353929735005
C[C@]12CC[C@@H]3C4CCC(=O)C(F)=C4CC[C@H]3[C@@H]1CCC2=O,CHEMBL5268383,active,6.3980051577306245
C[C@]12CC[C@@H]3C4CCC(=O)C=C4C(=O)C[C@H]3[C@@H]1CCC2=O,CHEMBL5269555,inactive,4.9210001097592295
C[C@]12CC[C@@H]3C4CCC(=O)C=C4CC[C@H]3[C@@H]1CCC2=O,CHEMBL5271509,intermediate,5.920999747696151
C[C@]12CC[C@@H]3C4CCC=CC4=CC(=O)[C@H]3[C@@H]1CCC2=O,CHEMBL5291258,inactive,4.481000053945843
C[C@]12CC[C@@H]3C4CCCCC4=CC(=O)[C@H]3[C@@H]1CCC2=O,CHEMBL5287841,inactive,4.553000049594989
C[C@]12CC[C@@H]3c4cc(Br)c(O)cc4CC[C@H]3[C@@H]1CCC2=O,CHEMBL189051,intermediate,5.620000528471499
C[C@]12CC[C@@H]3c4cc(Br)c(O)cc4CC[C@H]3[C@@H]1CC[C@@H]2O,CHEMBL1628064,inactive,4.045999991082351
C[C@]12CC[C@@H]3c4cc(C=O)c(O)cc4CC[C@H]3[C@@H]1CCC2=O,CHEMBL1835547,inactive,4.958999936548504
C[C@]12CC[C@@H]3c4cc(C=O)c(O)cc4CC[C@H]3[C@@H]1CC[C@@H]2O,CHEMBL1627841,inactive,3.9959999940086175
C[C@]12CC[C@@H]3c4cc(Cl)c(O)cc4CC[C@H]3[C@@H]1CCC2=O,CHEMBL1079595,intermediate,5.638000342954921
C[C@]12CC[C@@H]3c4cc(F)c(O)cc4CC[C@H]3[C@@H]1CCC2=O,CHEMBL3754305,inactive,4.936000133482268
C[C@]12CC[C@@H]3c4cc(F)c(O)cc4CC[C@H]3[C@@H]1CC[C@@H]2O,CHEMBL1627334,inactive,4.114000022748096
C[C@]12CC[C@@H]3c4cc(N)c(O)cc4CC[C@H]3[C@@H]1CCC2=O,CHEMBL5184565,inactive,4.509000041953673
C[C@]12CC[C@@H]3c4cc(NC(=O)c5ccccn5)c(O)cc4CC[C@H]3[C@@H]1CCC2=O,CHEMBL5283138,inactive,3.6800000064135183
C[C@]12CC[C@@H]3c4cc(NC(=O)c5cccnc5)c(O)cc4CC[C@H]3[C@@H]1CCC2=O,CHEMBL5281632,inactive,4.122999979093211
C[C@]12CC[C@@H]3c4cc(NC(=O)c5ccncc5)c(O)cc4CC[C@H]3[C@@H]1CCC2=O,CHEMBL3623220,inactive,4.508638306165727
C[C@]12CC[C@@H]3c4cc([N+](=O)[O-])c(O)cc4CC[C@H]3[C@@H]1CCC2=O,CHEMBL1835542,inactive,4.823999952363053
C[C@]12CC[C@@H]3c4ccc(O)c(C=O)c4CC[C@H]3[C@@H]1CC[C@@H]2O,CHEMBL5282717,inactive,4.547999999355685
C[C@]12CC[C@@H]3c4ccc(O)c(F)c4CC[C@H]3[C@@H]1CCC2=O,CHEMBL1835539,inactive,4.58499992703721
C[C@]12CC[C@@H]3c4ccc(O)c(F)c4CC[C@H]3[C@@H]1CC[C@@H]2O,CHEMBL1627337,inactive,4.056000008315555
C[C@]12CC[C@@H]3c4ccc(O)c(NC(=O)c5ccccn5)c4CC[C@H]3[C@@H]1CCC2=O,CHEMBL5289056,inactive,3.692000002336962
C[C@]12CC[C@@H]3c4ccc(O)c(NC(=O)c5cccnc5)c4CC[C@H]3[C@@H]1CCC2=O,CHEMBL5267929,inactive,4.018999986976005
C[C@]12CC[C@@H]3c4ccc(O)c(NC(=O)c5ccncc5)c4CC[C@H]3[C@@H]1CCC2=O,CHEMBL3623221,inactive,4.552841968657781
C[C@]12CC[C@@H]3c4ccc(O)cc4CC[C@H]3[C@@H]1CCC2=O,CHEMBL1405,inactive,4.58499992703721
C[C@]12CC[C@@H]3c4ccc(O)cc4[C@@H](Cc4ccccc4)C[C@H]3[C@@H]1CCC2=O,CHEMBL3754455,intermediate,5.456000207288222
C[C@]12CC[C@@H]3c4ccc(O)cc4[C@@H](c4ccccc4)C[C@H]3[C@@H]1CCC2=O,CHEMBL5284742,intermediate,5.853999169190227
C[C@]12CC[C@@H]3c4ccc(O)cc4[C@@H](c4ccccc4)C[C@H]3[C@@H]1CC[C@@H]2O,CHEMBL5280449,inactive,3.8889999911250577
C[C@]12CC[C@@H]3c4ccc(O)cc4[C@H](CCCc4ccccc4)C[C@H]3[C@@H]1CCC2=O,CHEMBL3753258,inactive,4.522999930346892
C[C@]12CC[C@@H]3c4ccc(O)cc4[C@H](CCCc4ccccc4)C[C@H]3[C@@H]1CC[C@@H]2O,CHEMBL3753971,inactive,4.553000049594989
C[C@]12CC[C@@H]3c4ccc(O)cc4[C@H](c4ccccc4)C[C@H]3[C@@H]1CCC2=O,CHEMBL5284594,inactive,4.9210001097592295
C[C@]12CC[C@@H]3c4ccc(O)cc4[C@H](c4ccccc4)C[C@H]3[C@@H]1CC[C@@H]2O,CHEMBL5285390,inactive,3.8889999911250577
C[C@]12CC[C@@H]3c4ccc(OC(=O)c5ccno5)cc4CC[C@H]3[C@@H]1CCC2=O,CHEMBL5286458,inactive,3.613000003272382
C[C@]12CC[C@H](O)C=C1CC[C@@H]1[C@@H]2CC[C@]2(C)C(=O)CC[C@@H]12,CHEMBL1077603,active,6.853871964321762
C[C@]12CC[C@H](O)CC1=CC[C@@H]1[C@@H]2CC[C@]2(C)C(=O)[C@@H](n3ccnc3)C[C@@H]12,CHEMBL5290731,intermediate,5.480999396660359
C[C@]12CC[C@H](O)CC1=CC[C@@H]1[C@@H]2CC[C@]2(C)C(c3ccccn3)=CC[C@@H]12,CHEMBL2112301,inactive,4.698970004336019
C[C@]12CC[C@H](O)CC1=CC[C@@H]1[C@@H]2CC[C@]2(C)C(c3cccnc3)=CC[C@@H]12,CHEMBL254328,intermediate,5.301029995663981
C[C@]12CC[C@H](O)CC1=CC[C@@H]1[C@@H]2CC[C@]2(C)C(c3ccncc3)=CC[C@@H]12,CHEMBL2112299,inactive,4.698970004336019
C[C@]12CC[C@H](O)C[C@@H]1CC[C@@H]1[C@@H]2CC[C@]2(C)C(=O)/C(=C\c3ccccc3)C[C@@H]12,CHEMBL5267936,intermediate,5.137999883359545
C[C@]12CC[C@H](O)C[C@@H]1CC[C@@H]1[C@@H]2CC[C@]2(C)C3=NN(c4ccccc4)[C@H](c4ccccc4)[C@H]3C[C@@H]12,CHEMBL5274777,intermediate,5.2209998103550905
C[C@]12CC[C@H](O)C[C@@H]1CC[C@@H]1[C@@H]2CC[C@]2(C)C3=NN[C@H](c4ccccc4)[C@H]3C[C@@H]12,CHEMBL5283268,intermediate,5.160999876577549
C[C@]12CC[C@H](OC(=O)C(F)(F)F)C[C@@H]1CC[C@@H]1[C@@H]2CC[C@]2(C)C(=O)/C(=C\c3ccccc3)C[C@@H]12,CHEMBL5285644,intermediate,5.147999703018011
C[C@]12CC[C@H](OC(=O)C(F)(F)F)C[C@@H]1CC[C@@H]1[C@@H]2CC[C@]2(C)C3=NN(c4ccccc4)[C@H](c4ccccc4)[C@H]3C[C@@H]12,CHEMBL5270920,intermediate,5.245999698052224
C[C@]12CC[C@H](OC=O)C=C1C(=O)C[C@@H]1[C@@H]2CC[C@]2(C)C(=O)CC[C@@H]12,CHEMBL3754516,intermediate,5.769551078621726
C[C@]12CC[C@H]3C[C@H]3[C@@H]1CC[C@@H]1[C@@H]2CC[C@]2(C)C(=O)CC[C@@H]12,CHEMBL3798461,active,6.958607314841775
C[C@]12CC[C@H]3O[C@H]3[C@@H]1CC[C@@H]1[C@@H]2CC[C@]2(C)C(=O)CC[C@@H]12,CHEMBL1629802,active,6.838991562693998
C[C@]12CC[C@H]3O[C@H]3[C@@H]1CC[C@@H]1[C@@H]2CC[C@]2(C)[C@@H](O)CC[C@@H]12,CHEMBL1629803,intermediate,5.187086643357144
C[C@]12CC[C@H]3[C@@H](/C(=N/OCCCn4ccnc4)C=C4C[C@@H](O)CC[C@@]43C)[C@@H]1CC[C@@H]2O,CHEMBL3753778,intermediate,5.508638306165727
C[C@]12CC[C@H]3[C@@H](C(=O)C=C4C(=O)CCC[C@@]43C)[C@@H]1CC[C@@H]2O,CHEMBL5275758,inactive,4.243999978886229
C[C@]12CC[C@H]3[C@@H](C(=O)C=C4C(=O)CCC[C@@]43C=O)[C@@H]1CCC2=O,CHEMBL5278253,inactive,4.291999999979078
C[C@]12CC[C@H]3[C@@H](C(=O)C=C4C(=O)CCC[C@@]43CO)[C@@H]1CCC2=O,CHEMBL5283697,inactive,4.3190000440299645
C[C@]12CC[C@H]3[C@@H](C(=O)C=C4C=CCC[C@@]43C=O)[C@@H]1CCC2=O,CHEMBL5275668,inactive,4.958999936548504
C[C@]12CC[C@H]3[C@@H](C(=O)C=C4C=CCC[C@@]43CO)[C@@H]1CCC2=O,CHEMBL5273164,inactive,4.221999982807178
C[C@]12CC[C@H]3[C@@H](C(=O)C=C4CCCC[C@@]43C=O)[C@@H]1CCC2=O,CHEMBL5288188,inactive,4.221999982807178
C[C@]12CC[C@H]3[C@@H](C(=O)C=C4CCCC[C@@]43CO)[C@@H]1CCC2=O,CHEMBL3753191,intermediate,5.480999396660359
C[C@]12CC[C@H]3[C@@H](C(=O)C=C4CCCC[C@@]43CO)[C@@H]1CCC2O,CHEMBL5288418,inactive,4.367000027061367
C[C@]12CC[C@H]3[C@@H](C=CC45OC4C(=O)CC[C@]35C)[C@@H]1CCC2=O,CHEMBL5266698,inactive,4.815000130956587
C[C@]12CC[C@H]3[C@@H](C=CC4=CC(=O)C=C[C@@]43CBr)[C@@H]1CCC2=O,CHEMBL5268650,intermediate,5.677999975920387
C[C@]12CC[C@H]3[C@@H](C=CC4=CC(=O)C=C[C@@]43CCl)[C@@H]1CCC2=O,CHEMBL5271092,intermediate,5.876001442143877
C[C@]12CC[C@H]3[C@@H](C=CC4=CC(=O)C=C[C@@]43CI)[C@@H]1CCC2=O,CHEMBL5275448,intermediate,5.328000100377192
C[C@]12CC[C@H]3[C@@H](C=CC4=CC(=O)CC[C@@]43CBr)[C@@H]1CCC2=O,CHEMBL5280069,intermediate,5.853999169190227
C[C@]12CC[C@H]3[C@@H](C=CC4=CC(=O)CC[C@@]43CCl)[C@@H]1CCC2=O,CHEMBL5270933,active,6.118997873412474
C[C@]12CC[C@H]3[C@@H](C=CC4=CC(=O)CC[C@@]43CI)[C@@H]1CCC2=O,CHEMBL5286833,intermediate,5.214999926783721
C[C@]12CC[C@H]3[C@@H](CC(=O)C4=CC(=O)CC[C@@]43C)[C@@H]1CC[C@@H]2OC(=O)CBr,CHEMBL5291408,inactive,4.3769999834366455
C[C@]12CC[C@H]3[C@@H](CC(=O)C4=CCCC[C@@]43C)[C@@H]1CC[C@@H]2O,CHEMBL5275798,intermediate,5.7450002209360775
C[C@]12CC[C@H]3[C@@H](CC(=O)C4=CCCC[C@@]43C=O)[C@@H]1CCC2=O,CHEMBL5268672,intermediate,5.236999772465367
C[C@]12CC[C@H]3[C@@H](CC(=O)C4=CCCC[C@@]43CO)[C@@H]1CCC2=O,CHEMBL5278675,intermediate,5.236999772465367
C[C@]12CC[C@H]3[C@@H](CC(=O)C4=CCCC[C@@]43CO)[C@@H]1CC[C@@H]2O,CHEMBL5275068,inactive,4.602000062824431
C[C@]12CC[C@H]3[C@@H](CC(=O)[C@]45O[C@H]4CCC[C@]35C)C1CCC2=O,CHEMBL5291323,inactive,4.939000146781711
C[C@]12CC[C@H]3[C@@H](CC=C4C(=O)CCC[C@@]43C)[C@@H]1CC[C@@H]2O,CHEMBL5269737,inactive,5.0
C[C@]12CC[C@H]3[C@@H](CC=C4C(=O)CCC[C@@]43C=O)[C@@H]1CCC2=O,CHEMBL5288646,inactive,4.569000069616974
C[C@]12CC[C@H]3[C@@H](CC=C4C(=O)CCC[C@@]43CO)[C@@H]1CCC2=O,CHEMBL5282836,inactive,4.6579999748624346
C[C@]12CC[C@H]3[C@@H](CC=C4C(=O)CCC[C@@]43CO)[C@@H]1CC[C@@H]2O,CHEMBL5287480,inactive,3.5230000027495114
C[C@]12CC[C@H]3[C@@H](CC=C4CCCC[C@@]43C=O)[C@@H]1CCC2=O,CHEMBL5288289,intermediate,5.045999797954816
C[C@]12CC[C@H]3[C@@H](CC=C4CCCC[C@@]43CO)[C@@H]1CCC2=O,CHEMBL1630911,intermediate,5.161150909262744
C[C@]12CC[C@H]3[C@@H](CC=C4CCCC[C@@]43CO)[C@@H]1CCC2O,CHEMBL5274863,inactive,4.207999982526157
C[C@]12CC[C@H]3[C@@H](CC=C4CCCC[C@]43C)[C@@H]1CCC2=O,CHEMBL1630910,active,6.180456064458132
C[C@]12CC[C@H]3[C@@H](CC=C4C[C@@H](O)CC[C@@]43C)[C@@H]1C/C(=C\c1cccc(OCCCn3ccnc3)c1)[C@@H]2O,CHEMBL2282053,intermediate,5.040958607678906
C[C@]12CC[C@H]3[C@@H](CC=C4C[C@@H](O)CC[C@@]43C)[C@@H]1CC[C@@H]2[C@H]1CN1,CHEMBL2111947,inactive,4.301029995663981
C[C@]12CC[C@H]3[C@@H](CC=C4[C@@H](O)CCC[C@@]43CO)[C@@H]1CCC2=O,CHEMBL1630274,active,7.509058794643213
C[C@]12CC[C@H]3[C@@H](CC=C4[C@@H](O)CCC[C@]43C)[C@@H]1CCC2=O,CHEMBL1630268,active,6.552841968657781
C[C@]12CC[C@H]3[C@@H](CC=C4[C@H](O)CCC[C@@]43CO)[C@@H]1CCC2=O,CHEMBL1630273,intermediate,5.167491087293763
C[C@]12CC[C@H]3[C@@H](CC=C4[C@H](O)CCC[C@]43C)[C@@H]1CCC2=O,CHEMBL1630272,active,6.0655015487564325
C[C@]12CC[C@H]3[C@@H](CCC4=C(O)C(=O)CC[C@@]43C(F)F)[C@@H]1CCC2=O,CHEMBL5268515,intermediate,5.601999194356185
C[C@]12CC[C@H]3[C@@H](CCC4=C(O)C(=O)CC[C@@]43C)[C@@H]1CC[C@@H]2O,CHEMBL2431525,inactive,4.328000007953276
C[C@]12CC[C@H]3[C@@H](CCC4=C(Sc5ccccc5)C(=O)CC[C@@]43C)[C@@H]1C[C@H](C#N)[C@@H]2O,CHEMBL3623217,active,6.771343041891065
C[C@]12CC[C@H]3[C@@H](CCC4=CC(=O)C(O)C[C@@]43C(F)F)[C@@H]1CCC2=O,CHEMBL5273506,intermediate,5.420000452721523
C[C@]12CC[C@H]3[C@@H](CCC4=CC(=O)C=C[C@@]43CBr)[C@@H]1CCC2=O,CHEMBL5285921,active,6.0
C[C@]12CC[C@H]3[C@@H](CCC4=CC(=O)C=C[C@@]43CCl)[C@@H]1CCC2=O,CHEMBL5271891,active,6.022002190041261
C[C@]12CC[C@H]3[C@@H](CCC4=CC(=O)C=C[C@@]43CI)[C@@H]1CCC2=O,CHEMBL5273177,intermediate,5.259999900311453
C[C@]12CC[C@H]3[C@@H](CCC4=CC(=O)CC[C@@]43C#N)[C@@H]1CCC2=O,CHEMBL5274998,inactive,4.602000062824431
C[C@]12CC[C@H]3[C@@H](CCC4=CC(=O)CC[C@@]43C(=O)C(F)(F)F)[C@@H]1CCC2=O,CHEMBL3753182,inactive,4.585026652029182
C[C@]12CC[C@H]3[C@@H](CCC4=CC(=O)CC[C@@]43C(F)F)[C@@H]1CCC2=O,CHEMBL3753997,intermediate,5.397999728269116
C[C@]12CC[C@H]3[C@@H](CCC4=CC(=O)CC[C@@]43C(F)F)[C@@H]1CC[C@@H]2O,CHEMBL5282258,active,6.376998948809717
C[C@]12CC[C@H]3[C@@H](CCC4=CC(=O)CC[C@@]43C)[C@@H]1CC[C@@H]2OC(=O)CBr,CHEMBL5277888,inactive,4.30100003037852
C[C@]12CC[C@H]3[C@@H](CCC4=CC(=O)CC[C@@]43C)[C@@H]1C[C@@H](O)[C@@H]2O,CHEMBL411316,inactive,3.04600000073873
C[C@]12CC[C@H]3[C@@H](CCC4=CC(=O)CC[C@@]43C=O)[C@@H]1CCC2=O,CHEMBL5280521,intermediate,5.920999747696151
C[C@]12CC[C@H]3[C@@H](CCC4=CC(=O)CC[C@@]43CBr)[C@@H]1CCC2=O,CHEMBL5282922,intermediate,5.853999169190227
C[C@]12CC[C@H]3[C@@H](CCC4=CC(=O)CC[C@@]43CC#N)[C@@H]1CCC2=O,CHEMBL5267873,intermediate,5.58499992703721
C[C@]12CC[C@H]3[C@@H](CCC4=CC(=O)CC[C@@]43CC(F)F)[C@@H]1CCC2=O,CHEMBL5271963,intermediate,5.397999728269116
C[C@]12CC[C@H]3[C@@H](CCC4=CC(=O)CC[C@@]43CCCl)[C@@H]1CCC2=O,CHEMBL5266109,intermediate,5.0970001384638906
C[C@]12CC[C@H]3[C@@H](CCC4=CC(=O)CC[C@@]43CCF)[C@@H]1CCC2=O,CHEMBL5275846,active,6.155001238642457
C[C@]12CC[C@H]3[C@@H](CCC4=CC(=O)CC[C@@]43CCl)[C@@H]1CCC2=O,CHEMBL5288833,intermediate,5.853999169190227
C[C@]12CC[C@H]3[C@@H](CCC4=CC(=O)CC[C@@]43CF)[C@@H]1CCC2=O,CHEMBL484579,intermediate,5.523000364762793
C[C@]12CC[C@H]3[C@@H](CCC4=CC(=O)CC[C@@]43CI)[C@@H]1CCC2=O,CHEMBL5284085,intermediate,5.387000109034796
C[C@]12CC[C@H]3[C@@H](CCC4=CC(=O)CC[C@@]43CO)[C@@H]1CCC2=O,CHEMBL4517318,inactive,4.88599985905086
C[C@]12CC[C@H]3[C@@H](CCC4=CC(=O)CC[C@@]43CO)[C@@H]1C[C@@H](O)C2=O,CHEMBL5283592,inactive,3.096999997288913
C[C@]12CC[C@H]3[C@@H](CCC4=CC(=O)CC[C@@]43CO)[C@@H]1C[C@@H](O)[C@@H]2O,CHEMBL5274867,inactive,2.6199999998224843
C[C@]12CC[C@H]3[C@@H](CCC4=CCCC[C@@]43C(F)F)[C@@H]1CCC2=O,CHEMBL3753398,intermediate,5.920999747696151
C[C@]12CC[C@H]3[C@@H](CCC4=CCCC[C@@]43C(F)F)[C@@H]1CC[C@@H]2O,CHEMBL2112309,inactive,4.585026652029182
C[C@]12CC[C@H]3[C@@H](CCC4=CCCC[C@@]43C)[C@@H]1C[C@@H](O)[C@@H]2O,CHEMBL5265802,inactive,3.154999997519168
C[C@]12CC[C@H]3[C@@H](CCC4=CCCC[C@@]43C=O)[C@@H]1C[C@@H](O)C2=O,CHEMBL5284435,inactive,4.553000049594989
C[C@]12CC[C@H]3[C@@H](CCC4=CCCC[C@@]43CO)[C@@H]1CCC2=O,CHEMBL1629805,active,7.309803919971486
C[C@]12CC[C@H]3[C@@H](CCC4=CCCC[C@@]43CO)[C@@H]1CCC2O,CHEMBL5271982,intermediate,5.638000342954921
C[C@]12CC[C@H]3[C@@H](CCC4=CCCC[C@@]43CO)[C@@H]1C[C@@H](O)C2=O,CHEMBL5290876,intermediate,5.045999797954816
C[C@]12CC[C@H]3[C@@H](CCC4=CCCC[C@@]43CO)[C@@H]1C[C@@H](O)[C@@H]2O,CHEMBL5277659,inactive,3.012999998767381
C[C@]12CC[C@H]3[C@@H](CCC4C(=O)[C@H](O)CC[C@@]43C)[C@@H]1CC[C@@H]2O,CHEMBL5268832,intermediate,5.408999985161117
C[C@]12CC[C@H]3[C@@H](CC[C@@]4(O)[C@@H](O)C(=O)CC[C@]34C)[C@@H]1CCC2=O,CHEMBL2431524,inactive,4.536107011014093
C[C@]12CC[C@H]3[C@@H](CC[C@@]45O[C@@H]4CCC[C@]35C)[C@@H]1CCC2=O,CHEMBL2058266,active,6.013228265733755
C[C@]12CC[C@H]3[C@@H](CC[C@]4(F)[C@@H](O)C(=O)CC[C@]34C)[C@@H]1CCC2=O,CHEMBL5273549,intermediate,5.538000537775312
C[C@]12CC[C@H]3[C@@H](CC[C@]45O[C@H]4CCC[C@]35C)[C@@H]1CCC2=O,CHEMBL3800417,active,6.275724130399211
C[C@]12CC[C@H]3[C@@H](C[C@@H](O)C4=CCCC[C@@]43CO)[C@@H]1CCC2=O,CHEMBL1630267,active,6.027001529984912
C[C@]12CC[C@H]3[C@@H](C[C@H](O)C4=CCCC[C@@]43CO)[C@@H]1CCC2=O,CHEMBL1630266,active,6.0
C[C@]12CC[C@H]3[C@@H](C[C@H]4OC[C@@]35CCC(=O)C=C45)[C@@H]1CCC2=O,CHEMBL3623222,inactive,4.356547323513812
C[C@]12CC[C@H]3[C@@H](C[C@H]4O[C@]45C(=O)CCC[C@]35C)C1CCC2=O,CHEMBL5283967,inactive,4.9030000104965366
C[C@]12CC[C@H]3[C@@H](C[C@H]4O[C@]45C(=O)CCC[C@]35C=O)C1CCC2=O,CHEMBL5274708,inactive,3.677999996611521
C[C@]12CC[C@H]3[C@@H](Cc4n[nH]c5c4[C@]3(C)CCC5=O)[C@@H]1CC[C@@H]2O,CHEMBL3751984,active,6.627087997029894
C[C@]12CC[C@H]3[C@@H](Cc4nn(Cc5ccccc5)c5c4[C@]3(C)CCC5=O)[C@@H]1CC[C@@H]2O,CHEMBL3751913,active,6.610833915635467
C[C@]12CC[C@H]3[C@@H](Cc4noc5c4[C@]3(C)CCC5=O)[C@@H]1CC[C@@H]2O,CHEMBL3752637,inactive,4.73118809626022
C[C@]12CC[C@H]3[C@@H](Cc4noc5c4[C@]3(C)CC[C@@H]5O)[C@@H]1CC[C@@H]2O,CHEMBL3751861,inactive,3.919012953089113
C[C@]12CC[C@H]3[C@@H]([C@@H]4C[C@@H]4C4=CCCC[C@@]43C)[C@@H]1CC[C@@H]2O,CHEMBL5281772,intermediate,5.568999908632387
C[C@]12CC[C@H]3[C@@H]([C@H](CCc4ccccc4)CC4=CC(=O)CC[C@@]43C)[C@@H]1CC[C@@H]2O,CHEMBL3349659,active,7.444059562181489
C[C@]12CC[C@H]3[C@@H]([C@H](Cc4ccccc4)CC4=CC(=O)CC[C@@]43C)[C@@H]1CC[C@@H]2O,CHEMBL3349658,active,7.402963335022346
C[C@]12C[C@@H](Br)C(=O)C=C1CC[C@@H]1[C@@H]2CC[C@]2(C)C(=O)CC[C@@H]12,CHEMBL3753620,intermediate,5.6579999748624346
C[C@]12C[C@@H](CCCCc3ccccc3)C(=O)C=C1CC[C@@H]1[C@@H]2CC[C@]2(C)C(=O)CC[C@@H]12,CHEMBL5291212,inactive,3.6540000038766296
C[C@]12C[C@@H](CCCc3ccccc3)C(=O)C=C1CC[C@@H]1[C@@H]2CC[C@]2(C)C(=O)CC[C@@H]12,CHEMBL5269208,inactive,4.2989999909417005
C[C@]12C[C@@H](CCc3ccc(C(F)(F)F)cc3)C(=O)C=C1CC[C@@H]1[C@@H]2CC[C@]2(C)C(=O)CC[C@@H]12,CHEMBL5285813,inactive,4.3319999939582745
C[C@]12C[C@@H](CCc3ccccc3)C(=O)C=C1CC[C@@H]1[C@@H]2CC[C@]2(C)C(=O)CC[C@@H]12,CHEMBL5268195,inactive,3.9000000040686618
C[C@]12C[C@@H](Cc3ccccc3)C(=O)C=C1CC[C@@H]1[C@@H]2CC[C@]2(C)C(=O)CC[C@@H]12,CHEMBL5279752,inactive,3.332000003286184
C[C@]12C[C@@H](Cl)C(=O)C=C1CC[C@@H]1[C@@H]2CC[C@]2(C)C(=O)CC[C@@H]12,CHEMBL3754720,intermediate,5.853999169190227
C[C@]12C[C@@H](F)C(=O)C=C1CC[C@@H]1[C@@H]2CC[C@]2(C)C(=O)CC[C@@H]12,CHEMBL3623218,active,6.013228265733755
C[C@]12C[C@@H](F)C(=O)C=C1[C@H](F)C[C@@H]1[C@@H]2CC[C@]2(C)C(=O)CC[C@@H]12,CHEMBL5273116,active,6.0
C[C@]12C[C@@H](O)C(=O)C=C1CC[C@@H]1[C@@H]2CC[C@]2(C)C(=O)CC[C@@H]12,CHEMBL3752976,inactive,4.815000130956587
C[C@]12C[C@@H](O)[C@H]3[C@@H](CCC4=C(O)C(=O)CC[C@@]43C)[C@@H]1CC[C@@H]2O,CHEMBL2431527,inactive,4.962573502059376
C[C@]12C[C@H]3O[C@H]3C[C@@H]1CC[C@@H]1[C@@H]2CC[C@]2(C)C(=O)CC[C@@H]12,CHEMBL2058268,intermediate,5.939302159646388
C[C@]12Cc3cc[nH]c3C(=O)[C@@H]1CC[C@@H]1[C@@H]2CC[C@]2(C)[C@@H](O)CC[C@@H]12,CHEMBL3818442,active,6.29073003902417
C[C@]12Cc3cn[nH]c3C(=O)[C@@H]1CC[C@@H]1[C@@H]2CC[C@]2(C)[C@@H](O)CC[C@@H]12,CHEMBL3623215,active,6.292429823902063
Cc1[nH]c2ccccc2c1/C=N\Nc1ccc(Cl)cc1,CHEMBL4564431,intermediate,5.059483515067432
Cc1c(-c2csc(Cl)n2)c(=O)n(-c2ccccc2)n1C,CHEMBL5271636,active,8.481486060122112
Cc1c(-c2nocc2C(=O)SC#N)c(=O)n(-c2ccccc2)n1C,CHEMBL5195433,active,8.638272163982407
Cc1c(-c2nocc2SC#N)c(=O)n(-c2ccccc2)n1C,CHEMBL5281972,active,8.638272163982407
Cc1c(Cl)cccc1-c1nsc(-c2cccc(Cl)c2C)n1,CHEMBL1939538,inactive,4.301029995663981
Cc1c(Cn2ccnc2)ccc2c(F)cc(F)cc12,CHEMBL5396048,active,10.051978466858897
Cc1c(Cn2ccnc2)ccc2ccc(F)cc12,CHEMBL5405156,active,6.292004253577071
Cc1c(F)cncc1-c1cc(F)c2c(c1)CCc1nnc(C)n1-2,CHEMBL3415173,inactive,5.0
Cc1c(F)cncc1-c1cc(F)c2c(c1)CCc1nncn1-2,CHEMBL3415175,inactive,5.0
Cc1c(F)cncc1-c1nc2ccc(F)cn2c1C1CC1,CHEMBL3924257,active,6.376750709602099
Cc1cc(-n2ccc3ccncc32)ccc1Cl,CHEMBL1956186,active,7.229147988357855
Cc1cc(=O)[nH]c2c3c(ccc12)OCO3,CHEMBL482693,inactive,4.0066078625509975
Cc1cc(=O)[nH]c2ccccc12,CHEMBL424414,inactive,3.900664722314042
Cc1cc(=O)n(C)c2c1C(=O)C=CC2=O,CHEMBL450666,inactive,4.007004901568658
Cc1cc(=O)n(C)c2c3c(ccc12)OCO3,CHEMBL492763,intermediate,5.903089986991944
Cc1cc(=O)n(C)c2ccccc12,CHEMBL60376,inactive,3.9370421659154897
Cc1cc(Br)ccc1-c1nsc(-c2ccc(Br)cc2C)n1,CHEMBL1939543,inactive,4.301029995663981
Cc1cc(C(=O)O)c2ccc3[nH]ccc3c2n1,CHEMBL2442764,intermediate,5.207958689287918
Cc1cc(C)c(C)c(S(=O)(=O)NCc2ccc(CNS(=O)(=O)c3c(C)c(C)cc(C)c3C)cc2)c1C,CHEMBL4585518,inactive,4.903089986991944
Cc1cc(C)c(C)c(S(=O)(=O)NCc2cccc(CNS(=O)(=O)c3c(C)c(C)cc(C)c3C)c2)c1C,CHEMBL4436270,intermediate,5.494850021680094
Cc1cc(C)c(S(=O)(=O)NCCCn2ccnc2)cc1C,CHEMBL1303900,active,6.764471553092451
Cc1cc(CO)c2ccc3[nH]ccc3c2n1,CHEMBL2442754,intermediate,5.381742655159599
Cc1cc(Cl)ccc1-c1nsc(-c2ccc(Cl)cc2C)n1,CHEMBL1939533,inactive,4.301029995663981
Cc1cc(Cn2ccnc2)c2ccc3[nH]ccc3c2n1,CHEMBL2442759,active,8.221848749616356
Cc1cc(F)ccc1S(=O)(=O)N1CCCC(Cn2ccnc2)C1,CHEMBL3806185,active,7.318758762624412
Cc1cc(O)c2c(c1-c1ccc3c(c1O)C(=O)C[C@](C)([C@@H]1OC(=O)C[C@@H]1C)O3)O[C@](C)([C@@H]1OC(=O)C[C@H]1O)CC2=O,CHEMBL586557,inactive,4.61261017366127
Cc1cc(O)cc2c1Oc1cc(O)cc(C)c1C(=O)O2,CHEMBL3221175,intermediate,5.275724130399211
Cc1cc(S(=O)(=O)N2CCCC(Cn3ccnc3)C2)ccc1F,CHEMBL3805310,active,7.619788758288394
Cc1cc2c(c(O)c1-c1ccc3c(c1O)C(=O)C[C@](C)([C@@H]1OC(=O)C[C@@H]1C)O3)C(=O)C[C@@](C)([C@@H]1OC(=O)C[C@H]1O)O2,CHEMBL576579,inactive,4.782516055786093
Cc1cc2c(cc1Cl)N(C(=O)Nc1ccc(Oc3cccnc3C)nc1)CC2,CHEMBL14563,inactive,4.0
Cc1cc2c(cc1O)CC[C@@H]1[C@@H]2CC[C@]2(C)C(=O)CC[C@@H]12,CHEMBL3753425,intermediate,5.367000431492456
Cc1ccc(-c2nsc(-c3ccc(C)cc3)n2)cc1,CHEMBL1939539,inactive,4.301029995663981
Cc1ccc(-c2nsc(-c3ccc(C)cc3Br)n2)c(Br)c1,CHEMBL1939545,inactive,4.301029995663981
Cc1ccc(-n2c(Cn3ccnc3)cc3ccc(C)cc32)cc1,CHEMBL2336862,active,6.7851296713887805
Cc1ccc(-n2c(Cn3ccnc3)cc3ccc(Cl)cc32)cc1,CHEMBL2336854,active,6.628322705191338
Cc1ccc(-n2c(Cn3ccnc3)cc3ccccc32)cc1,CHEMBL2336857,active,6.827017810494131
Cc1ccc(C(=O)NCCCn2ccnc2)cc1[N+](=O)[O-],CHEMBL1521315,active,6.0
Cc1ccc(C(=O)NCCCn2ccnc2)cn1,CHEMBL1389987,inactive,4.97469413473523
Cc1ccc(C(C2Cc3ccccc3O2)n2cncn2)cc1,CHEMBL65328,active,6.229147988357855
Cc1ccc(C(CCCc2c[nH]cn2)c2ccc(C)cc2)cc1,CHEMBL5424130,intermediate,5.456000207288222
Cc1ccc(C(CCc2c[nH]cn2)c2ccc(C)cc2)cc1,CHEMBL5401856,inactive,4.854000100094879
Cc1ccc(C(CCc2c[nH]cn2)c2ccccc2)cc1,CHEMBL5429779,intermediate,5.148999857982862
Cc1ccc(C(O)(c2ccc(C)cc2)c2cncnc2)cc1,CHEMBL283085,active,6.387004343967653
Cc1ccc(C(O)(c2ccc(Cl)cc2)c2cccnc2)cc1,CHEMBL138538,active,6.638007891242187
Cc1ccc(C(O)(c2ccccc2)c2cncnc2)cc1C,CHEMBL540958,intermediate,5.49499933607313
Cc1ccc(C(c2cc3ccccc3o2)n2cncn2)cc1,CHEMBL5413902,active,6.229000794836059
Cc1ccc(C(c2ccc(C)cc2)n2ccnc2)cc1,CHEMBL135381,active,8.194023649282437
Cc1ccc(C)c(COc2cc([N+](=O)[O-])ccc2NS(C)(=O)=O)c1,CHEMBL220886,active,6.431798275933005
Cc1ccc(C2CCCc3cncn32)cc1,CHEMBL350072,active,7.753994095923971
Cc1ccc(C2CCCc3cncn32)cc1.Cl,CHEMBL1203757,active,7.75448733218585
Cc1ccc(C2COc3ccccc3C2=O)cc1,CHEMBL2011175,inactive,4.3872161432802645
Cc1ccc(CC(Cc2ccc(-c3ccccc3)cc2)n2ccnc2)cc1,CHEMBL522089,intermediate,5.87942606879415
Cc1ccc(CCC2=C[C@@]3(C)C(=CC2=O)CC[C@@H]2[C@@H]3CC[C@]3(C)C(=O)CC[C@@H]23)cc1,CHEMBL5270259,intermediate,5.196999953415758
Cc1ccc(CCCCC(c2ccc(F)cc2)c2c[nH]cn2)cc1,CHEMBL5423512,intermediate,5.071000242946834
Cc1ccc(CC[C@@H]2C[C@@]3(C)C(=CC2=O)CC[C@@H]2[C@@H]3CC[C@]3(C)C(=O)CC[C@@H]23)cc1,CHEMBL5269029,inactive,4.410999961947548
Cc1ccc(CN(Cc2ccc(-c3ccccc3)cc2)n2ccnc2)cc1,CHEMBL490187,intermediate,5.657577319177793
Cc1ccc(COc2cc([N+](=O)[O-])ccc2N(C)S(C)(=O)=O)cc1,CHEMBL222260,intermediate,5.632644078973981
Cc1ccc(COc2cc([N+](=O)[O-])ccc2NS(C)(=O)=O)cc1,CHEMBL387386,intermediate,5.756961951313706
Cc1ccc(Cl)cc1-c1nsc(-c2cc(Cl)ccc2C)n1,CHEMBL1939542,inactive,4.301029995663981
Cc1ccc(Cn2ccnc2)cc1,CHEMBL212741,inactive,4.610833915635467
Cc1ccc(O)c(-c2csc(-c3ncccn3)n2)c1,CHEMBL4228236,intermediate,5.444767663645219
Cc1ccc(OCc2cn(-c3ccc(S(=O)(=O)NCCc4ccccc4)cc3)nn2)cc1,CHEMBL2430509,intermediate,5.096910013008056
Cc1ccc(OCc2cn(C(c3ccc(C#N)cc3)c3ccc(C#N)cc3)nn2)cc1,CHEMBL1824752,inactive,4.960585880823863
Cc1ccc(OCc2cn(C(c3ccccc3)c3ccccc3)nn2)cc1,CHEMBL1824766,inactive,4.572351628813068
Cc1ccc(OCc2cn(Cc3ccc(C#N)cc3)nn2)cc1,CHEMBL1825035,intermediate,5.379863945026242
Cc1ccc(OCc2cn(Cc3ccccc3)nn2)cc1,CHEMBL1825047,intermediate,5.6439741428068775
Cc1ccc(OS(=O)(=O)C2CC3OC2C(c2ccc(-n4ccnc4)cc2)=C3c2ccc(O)cc2)cc1,CHEMBL5417452,active,7.689944262249108
Cc1ccc(OS(=O)(=O)C2CC3OC2C(c2ccc(-n4cncn4)cc2)=C3c2ccc(O)cc2)cc1,CHEMBL5426947,active,7.490797477668897
Cc1ccc(Oc2ccc3c(Cn4ccnc4)cc(=O)oc3c2)cc1,CHEMBL1688905,active,6.161150909262744
Cc1ccc(S(=O)(=O)N2[C@@H]3[C@@H]4[C@H](CC[C@]5(C)C(=O)CC[C@@H]45)[C@@]4(C)CCC(=O)C=C4[C@@H]32)cc1,CHEMBL5287894,inactive,4.268999985893544
Cc1ccc(S(=O)(=O)N2[C@H]3[C@@H]4[C@H](CC[C@]5(C)C(=O)CC[C@@H]45)[C@@]4(C)CCC(=O)C=C4[C@H]32)cc1,CHEMBL5267859,inactive,4.031999993819582
Cc1ccc(S(=O)(=O)NCCc2c(C(c3ccccc3)c3[nH]c4ccccc4c3CCNS(=O)(=O)c3ccc(C)cc3)[nH]c3ccccc23)cc1,CHEMBL4170393,inactive,4.924453038607469
Cc1ccc(S(=O)(=O)NCCc2c(C(c3ccccc3O)c3[nH]c4ccccc4c3CCNS(=O)(=O)c3ccc(C)cc3)[nH]c3ccccc23)cc1,CHEMBL4162163,intermediate,5.3872161432802645
Cc1ccc(S(=O)(=O)NCc2cccc(CNS(=O)(=O)c3ccc(C)cc3)c2)cc1,CHEMBL4449929,active,6.886056647693163
Cc1ccc(S(=O)(=O)Nc2ccc([N+](=O)[O-])cc2OCc2ccccc2)cc1,CHEMBL272464,inactive,4.760200181552901
Cc1ccc(S(=O)(=O)Nc2ccc3cc[nH]c3c2)cc1,CHEMBL4516755,active,6.309803919971486
Cc1ccc(S(=O)(=O)n2cc(C(c3ccccc3)n3ccnc3)c3ccccc32)cc1,CHEMBL324070,intermediate,5.267999696132879
Cc1ccc(S(=O)(=O)n2cc(Cn3ccnc3)c3ccccc32)cc1,CHEMBL5430016,intermediate,5.6579999748624346
Cc1ccc2c(c1)/C(=C/c1cccnc1)CC2,CHEMBL175550,intermediate,5.405607449624573
Cc1ccc2c(c1)/C(=C/c1ccncc1)CC2,CHEMBL371742,intermediate,5.892790030352131
Cc1ccc2c(c1)/C(=C\c1cccnc1)CC2,CHEMBL366570,intermediate,5.337242168318426
Cc1ccc2c(c1)/C(=C\c1ccncc1)CC2,CHEMBL192077,intermediate,5.767003889607846
Cc1ccc2c(c1)C(=O)C(c1ccccc1)CO2,CHEMBL2011172,inactive,4.356547323513812
Cc1ccc2c(c1)OCC(c1ccccc1)C2=O,CHEMBL2011173,inactive,4.7447274948966935
Cc1ccc2cc(Cn3ccnc3)n(-c3ccc(C#N)cc3)c2c1,CHEMBL2336865,active,7.568475415812549
Cc1ccc2cc(Cn3ccnc3)n(-c3ccc(F)cc3)c2c1,CHEMBL2336864,active,7.24542234395527
Cc1ccc2cc(Cn3ccnc3)n(-c3ccccc3)c2c1,CHEMBL2336861,active,7.669789215428472
Cc1cccc(-c2nsc(-c3cccc(C)c3)n2)c1,CHEMBL1939534,inactive,4.301029995663981
Cc1cccc(C(CCCc2c[nH]cn2)c2cccc(C)c2)c1,CHEMBL5423113,inactive,4.553000049594989
Cc1cccc(C(CCCc2c[nH]cn2)c2ccccc2)c1,CHEMBL5404404,intermediate,5.601999194356185
Cc1cccc(C(CCc2c[nH]cn2)c2cccc(C)c2)c1,CHEMBL5398069,inactive,4.698999971689156
Cc1cccc(C(c2cccnc2)c2cc3c4c(c2)CCN4C(=O)CC3)c1,CHEMBL2312970,intermediate,5.301029995663981
Cc1cccc(C(c2ccncc2)c2cc3c4c(c2)CCN4C(=O)CC3)c1,CHEMBL2312962,active,7.494850021680094
Cc1cccc(C2COc3ccccc3C2=O)c1,CHEMBL2011174,inactive,4.698970004336019
Cc1cccc(CCCCC(c2ccc(F)cc2)c2c[nH]cn2)c1,CHEMBL5403263,intermediate,5.420000452721523
Cc1cccc(COc2ccc3c(Cn4ccnc4)cc(=O)oc3c2)c1,CHEMBL1688893,active,6.943095148663527
Cc1cccc(O)c1C(=O)c1c(O)cc(C(=O)O)cc1C=O,CHEMBL1097763,active,7.764471553092451
Cc1cccc2c1CC/C2=C/c1cccnc1,CHEMBL176009,inactive,4.898596649444669
Cc1cccc2c1CC/C2=C\c1cccnc1,CHEMBL368305,intermediate,5.3260580013659125
Cc1ccccc1-c1cc2cc([N+](=O)[O-])ccc2[nH]1,CHEMBL4212655,intermediate,5.16304326294045
Cc1ccccc1C(CCCc1c[nH]cn1)c1ccccc1,CHEMBL5425445,intermediate,5.469000348574053
Cc1ccccc1C(CCc1c[nH]cn1)c1ccccc1C,CHEMBL5398810,inactive,4.481000053945843
Cc1ccccc1CC(Cc1ccc(-c2ccccc2)cc1)n1ccnc1,CHEMBL489187,intermediate,5.982966660701219
Cc1ccccc1CCCCC(c1ccc(F)cc1)c1c[nH]cn1,CHEMBL5439274,intermediate,5.456000207288222
Cc1ccccc1CN(Cc1ccc(-c2ccccc2)cc1)n1ccnc1,CHEMBL490795,intermediate,5.528708288941061
Cc1ccccc1OCc1cn(-c2ccc(S(=O)(=O)NCCc3ccccc3)cc2)nn1,CHEMBL2430512,intermediate,5.468521082957745
Cc1ccnc(NS(=O)(=O)c2ccc(N/C=C\C(=O)c3cc4ccccc4oc3=O)cc2)n1,CHEMBL3914106,intermediate,5.021363051615525
Cc1ccncc1-c1cc(F)c2c(c1)CCc1nnc(C)n1-2,CHEMBL3313969,inactive,5.0
Cc1cn2cc(-c3ccc(O)c(O)c3O)nc2s1,CHEMBL2430197,intermediate,5.494850021680094
Cc1cncc(Cc2ccc(-c3ccccc3)nc2)c1,CHEMBL2417553,intermediate,5.301029995663981
Cc1cnccc1-c1nc(-c2cccnc2)cs1,CHEMBL1957218,active,7.107905397309519
Cc1cncn1Cc1ccc(C#N)cc1,CHEMBL162496,active,7.823908740944319
Cc1nc2c(cc1C#N)C(Nc1ccc(Cl)cc1)Oc1ccc([N+](=O)[O-])cc1-2,CHEMBL572637,active,6.168770306132936
Cc1nc2ccc(Cl)c(-n3ccnc3)c2cc1CCn1ccnc1,CHEMBL495565,active,7.017728766960431
Cc1ncc(CNc2ccc(OCC(O)Cn3ccnc3)cc2)cn1.O=C(O)CC(O)(CC(=O)O)C(=O)O,CHEMBL1784796,intermediate,5.455931955649724
Cc1ncc2c(n1)-c1ccccc1C2n1ccnc1,CHEMBL375292,intermediate,5.550000451689026
Cc1nn(-c2cncc(C(C)(C)O)c2)c2cccc(F)c12,CHEMBL4080420,intermediate,5.161150909262744
Cc1nn(-c2cncc([C@@](C)(O)C(F)(F)F)c2)c2ccccc12,CHEMBL4080256,intermediate,5.207608310501746
Cc1nn(-c2cncc([C@](C)(O)C(F)(F)F)c2)c2ccccc12,CHEMBL4098297,intermediate,5.200659450546418
Cc1nnc2n1-c1c(F)cc(-c3cccnc3)cc1CC2,CHEMBL3415155,inactive,5.0
Cc1nnc2n1-c1c(F)cc(-c3cncc(-c4ccccc4)c3)cc1CC2,CHEMBL3415171,inactive,5.0
Cc1nnc2n1-c1c(F)cc(-c3cncc(C#N)c3)cc1CC2,CHEMBL3415170,inactive,5.0
Cc1nnc2n1-c1c(F)cc(-c3cncc(C(C)O)c3)cc1CC2,CHEMBL3415167,inactive,5.0
Cc1nnc2n1-c1c(F)cc(-c3cncc(C(F)(F)F)c3)cc1CC2,CHEMBL3415169,inactive,5.0
Cc1nnc2n1-c1c(F)cc(-c3cncc(F)c3)cc1CC2,CHEMBL2331699,inactive,5.0
Cc1nnc2n1-c1c(F)cc(-c3cncc4ccccc34)cc1CC2,CHEMBL3415172,inactive,5.0
Cc1nnc2n1-c1cc(F)c(-c3cccnc3)cc1CC2,CHEMBL3415154,inactive,5.0
Cc1nnc2n1-c1ccc(-c3cncc([C@](C)(O)C(F)(F)F)c3)cc1CC2,CHEMBL3622445,inactive,4.522878745280337
Cc1oc2c(C#N)ccc(Cn3ccnc3)c2c1C,CHEMBL224391,active,7.739928612014925
Cl.N#Cc1ccc(C2CCCc3cncn32)cc1,CHEMBL468419,active,10.522878745280336
Cl.N#Cc1ccc(C2CCc3cncn32)cc1,CHEMBL1203762,active,8.698970004336019
Cl.N#Cc1ccc([C@@H]2CCCc3cncn32)cc1,CHEMBL481092,active,8.494850021680094
Cl.N#Cc1ccc([C@H]2CCCc3cncn32)cc1,CHEMBL480718,active,6.167491087293763
Clc1cc(-c2nc(-c3cccnc3)cs2)ccn1,CHEMBL1957216,active,6.785156151952302
Clc1cc(Cl)c2oc(Cn3ccnc3)cc2c1,CHEMBL5411965,intermediate,5.203999786577704
Clc1ccc(-c2[nH]c3cc(Cl)ccc3c2Cn2ccnc2)cc1,CHEMBL4164126,active,6.583692412940118
Clc1ccc(-c2[nH]c3cc(Cl)ccc3c2Cn2cncn2)cc1,CHEMBL4169419,active,6.682981898951889
Clc1ccc(-c2[nH]c3cc4c(cc3c2Cn2ccnc2)OCO4)cc1,CHEMBL4172433,intermediate,5.579219380451435
Clc1ccc(-c2[nH]c3cc4c(cc3c2Cn2cncn2)OCO4)cc1,CHEMBL4170868,active,6.169154807691388
Clc1ccc(-c2csc(-c3ncccn3)n2)cc1,CHEMBL4229272,intermediate,5.467341150827568
Clc1ccc(-c2nc(-c3cccnc3)cs2)cc1,CHEMBL1957211,intermediate,5.621602099051862
Clc1ccc(-c2nsc(-c3ccc(Cl)c(Cl)c3)n2)cc1Cl,CHEMBL1939537,inactive,4.301029995663981
Clc1ccc(-c2nsc(-c3ccc(Cl)cc3)n2)cc1,CHEMBL1939519,inactive,4.301029995663981
Clc1ccc(-c2nsc(-c3ccc(Cl)cc3Cl)n2)c(Cl)c1,CHEMBL1939546,inactive,4.301029995663981
Clc1ccc(-n2c(Cn3ccnc3)cc3ccc(Cl)cc32)cc1,CHEMBL2336855,active,6.662680534143072
Clc1ccc(-n2ccc3ccncc32)cc1,CHEMBL1956183,active,6.281498311132726
Clc1ccc(C(C2Cc3ccccc3O2)n2cncn2)c(Cl)c1,CHEMBL304788,active,6.055517327849832
Clc1ccc(C(C2Cc3ccccc3O2)n2cncn2)cc1,CHEMBL291646,active,6.698970004336019
Clc1ccc(C(C2Cc3ccccc3O2)n2cnnn2)c(Cl)c1,CHEMBL65549,inactive,4.283829652140146
Clc1ccc(C(C2Cc3ccccc3O2)n2cnnn2)cc1,CHEMBL294357,intermediate,5.522878745280337
Clc1ccc(C(Cc2ccccc2)(c2ccc(Cl)cc2)c2cncnc2)cc1,CHEMBL29997,intermediate,5.996001241917648
Clc1ccc(C(Cl)(c2ccc(Cl)cc2)c2cccnc2)cc1,CHEMBL334958,active,6.698991719603
Clc1ccc(C(Cl)(c2ccc(Cl)cc2)c2cncnc2)cc1,CHEMBL26208,active,6.560999075920496
Clc1ccc(C(c2cc3ccccc3o2)n2ccnc2)cc1,CHEMBL1097980,active,8.05551732784983
Clc1ccc(C(c2cc3ccccc3o2)n2cncn2)c(Cl)c1,CHEMBL5419730,active,6.056001243480467
Clc1ccc(C(c2cc3ccccc3o2)n2cncn2)cc1,CHEMBL5421772,active,6.698991719603
Clc1ccc(C(c2cc3ccccc3o2)n2cnnn2)c(Cl)c1,CHEMBL5421179,inactive,4.283999997104834
Clc1ccc(C(c2cc3ccccc3o2)n2cnnn2)cc1,CHEMBL5424344,intermediate,5.523000364762793
Clc1ccc(C(c2ccc(Cl)cc2)(c2c[nH]cn2)n2ccnc2)cc1,CHEMBL344904,active,7.795880017344075
Clc1ccc(C(c2ccc(Cl)cc2)(c2c[nH]nn2)n2ccnc2)cc1,CHEMBL135378,active,7.744968836654449
Clc1ccc(C(c2ccc(Cl)cc2)(c2cc[nH]n2)n2ccnc2)cc1,CHEMBL336708,active,7.215026290045599
Clc1ccc(C(c2ccc(Cl)cc2)(c2ccccn2)n2ccnc2)cc1,CHEMBL133198,active,7.54500278269054
Clc1ccc(C(c2ccc(Cl)cc2)(c2cccnc2)n2ccnc2)cc1,CHEMBL137049,active,7.301029995663981
Clc1ccc(C(c2ccc(Cl)cc2)(c2ccsn2)n2ccnc2)cc1,CHEMBL5398859,active,7.243972787026559
Clc1ccc(C(c2ccc(Cl)cc2)(c2cn[nH]c2)n2ccnc2)cc1,CHEMBL137001,active,7.959002307576509
Clc1ccc(C(c2ccc(Cl)cc2)(c2cscn2)n2ccnc2)cc1,CHEMBL5427411,active,7.770062314092066
Clc1ccc(C(c2ccc(Cl)cc2)(c2nc[nH]n2)n2ccnc2)cc1,CHEMBL135172,active,7.94692155651658
Clc1ccc(C(c2ccc(Cl)cc2)(c2ncc[nH]2)n2ccnc2)cc1,CHEMBL137604,active,8.027010773144651
Clc1ccc(C(c2ccc(Cl)cc2)N2CCNCC2)cc1,CHEMBL422093,intermediate,5.713999621676019
Clc1ccc(C(c2ccc(Cl)cc2)c2cccnc2)cc1,CHEMBL415725,active,7.075979299525932
Clc1ccc(C(c2ccc(Cl)cc2)c2cncnc2)cc1,CHEMBL29669,active,7.26003230324049
Clc1ccc(C(c2ccc(Cl)cc2)n2ccnc2)cc1,CHEMBL335215,active,7.376957565753618
Clc1ccc(C(c2ccc(Cl)cc2)n2ccnn2)cc1,CHEMBL132929,active,7.733063088840827
Clc1ccc(C(c2ccc(Cl)cc2)n2cncn2)cc1,CHEMBL341386,active,8.056011124926227
Clc1ccc(C(c2ccc(Cl)cc2)n2cnnc2)cc1,CHEMBL135563,active,8.031984286006358
Clc1ccc(C(c2ccc(Cl)cc2)n2ncnn2)cc1,CHEMBL135340,active,6.823995608527747
Clc1ccc(C(c2ccc3[nH]ccc3c2)n2ccnc2)cc1,CHEMBL204039,active,8.045757490560675
Clc1ccc(C(c2ccccc2)n2ccnc2)cc1,CHEMBL343072,active,7.698970004336019
Clc1ccc(C(c2ccncc2)(c2ccc(Cl)cc2)n2ccnc2)cc1,CHEMBL137396,active,7.301029995663981
Clc1ccc(C(c2ccncc2)c2ccc(Cl)cc2)cc1,CHEMBL1195457,active,6.795988604538516
Clc1ccc(CC(Cc2ccc(-c3ccccc3)cc2)n2ccnc2)c(Cl)c1,CHEMBL489359,intermediate,5.906578314837765
Clc1ccc(CC(Cc2ccc(-c3ccccc3)cc2)n2ccnc2)s1,CHEMBL475944,intermediate,5.97061622231479
Clc1ccc(CC(Cc2ccccc2)n2ccnc2)s1,CHEMBL518586,active,6.060480747381382
Clc1ccc(CC(c2ccc3[nH]ccc3c2)n2ccnc2)cc1,CHEMBL5440983,active,7.815024809301739
Clc1ccc(CN(CC/C=C/c2ccccc2)n2cncn2)c(Cl)c1,CHEMBL478023,inactive,4.761953896871205
Clc1ccc(CN(Cc2ccc(-c3ccccc3)cc2)n2ccnc2)c(Cl)c1,CHEMBL490194,intermediate,5.437707135543525
Clc1ccc(CN(Cc2ccc(-c3ccccc3)cc2)n2ccnc2)cc1,CHEMBL491013,intermediate,5.928117992693875
Clc1ccc(CN(Cc2ccc(-c3ccccc3)cc2)n2ccnc2)s1,CHEMBL476979,intermediate,5.982966660701219
Clc1ccc(CN(Cc2ccc(Cl)s2)n2ccnc2)c(Cl)c1,CHEMBL517347,active,6.494850021680094
Clc1ccc(CN(Cc2cccc3ccccc23)n2ccnc2)c(Cl)c1,CHEMBL478648,intermediate,5.3979400086720375
Clc1ccc(CN(Cc2cccc3ccsc23)n2ccnc2)c(Cl)c1,CHEMBL514514,intermediate,5.603800652904264
Clc1ccc(CN(Cc2ccccc2)n2ccnc2)s1,CHEMBL476143,intermediate,5.97469413473523
Clc1ccc(COC(Cn2cccc2)c2ccc(Cl)cc2Cl)cc1,CHEMBL317581,active,7.522878745280337
Clc1ccc(COC(Cn2ccnc2)c2ccc(Cl)cc2Cl)c(Cl)c1,CHEMBL91,active,6.221848749616356
Clc1ccc(Cl)c(-c2nsc(-c3cc(Cl)ccc3Cl)n2)c1,CHEMBL1939536,inactive,4.301029995663981
Clc1ccc(Cn2cc(Cn3ccnc3)c3ccccc32)cc1,CHEMBL488050,active,7.159016162679622
Clc1ccc(Cn2cc(Cn3cncn3)c3ccccc32)cc1,CHEMBL5400511,active,6.740000204918113
Clc1ccc(Cn2ccnc2)cc1,CHEMBL441367,active,7.154901959985743
Clc1ccc(OCc2cn(C(c3ccccc3)c3ccccc3)nn2)cc1,CHEMBL1824763,inactive,4.873868592738016
Clc1ccc(OCc2cn(Cc3ccccc3)nn2)cc1,CHEMBL1825044,intermediate,5.297569463554475
Clc1ccc2[nH]c(-c3ccccc3)cc2c1,CHEMBL1424243,inactive,4.641874714723351
Clc1ccc2c(c1)/C(=C/c1c[nH]cn1)CCC2,CHEMBL175144,active,6.920818753952375
Clc1ccc2c(c1)CC/C2=C/c1c[nH]cn1,CHEMBL175688,active,7.4089353929735005
Clc1ccc2c(c1)CC/C2=C/c1cccnc1,CHEMBL193652,intermediate,5.392544976785332
Clc1ccc2c(c1)CC/C2=C/c1ccncc1,CHEMBL175799,intermediate,5.701146923590294
Clc1ccc2c(c1)CC/C2=C\c1c[nH]cn1,CHEMBL177692,active,6.481486060122113
Clc1ccc2c(c1)CC/C2=C\c1cccnc1,CHEMBL383807,intermediate,5.370590400897281
Clc1ccc2c(c1)CC/C2=C\c1ccncc1,CHEMBL175554,intermediate,5.265200170411153
Clc1ccc2oc(Cn3ccnc3)cc2c1,CHEMBL5395333,intermediate,5.408999985161117
Clc1cccc(-c2csc(-c3ncccn3)n2)c1,CHEMBL4225257,intermediate,5.487678556692999
Clc1cccc(-c2nsc(-c3cccc(Cl)c3Cl)n2)c1Cl,CHEMBL1939532,inactive,4.301029995663981
Clc1cccc(C(c2ccc3[nH]ccc3c2)n2ccnc2)c1,CHEMBL204483,active,7.527243550682788
Clc1cccc(C(c2ccc3[nH]cnc3c2)n2ccnc2)c1,CHEMBL389433,active,8.301029995663981
Clc1cccc(CC(c2ccc3[nH]ccc3c2)n2ccnc2)c1,CHEMBL5425929,active,7.5269511949114625
Clc1cccc2c1CC/C2=C/c1cccnc1,CHEMBL369623,active,6.638272163982407
Clc1cccc2c1CC/C2=C\c1cccnc1,CHEMBL176287,active,6.886056647693163
Clc1ccccc1-c1csc(-c2ncccn2)n1,CHEMBL4229012,intermediate,5.7687292518523545
Clc1ccccc1-c1nsc(-c2ccccc2Cl)n1,CHEMBL1939524,inactive,4.301029995663981
Clc1ccccc1C(c1ccccc1)(c1ccccc1)n1ccnc1,CHEMBL104,active,8.744727494896694
Clc1ccccc1C(c1ccccc1Cl)n1ccnc1,CHEMBL133145,active,7.119015009513246
Clc1ccccc1CC(Cc1ccc(-c2ccccc2)cc1)n1ccnc1,CHEMBL489188,intermediate,5.962573502059376
Clc1ccccc1CC(c1cn(Cc2ccccc2Cl)c2ccc(Br)cc12)n1ccnn1,CHEMBL5408745,active,6.008999993530386
Clc1ccccc1CN(Cc1ccc(-c2ccccc2)cc1)n1ccnc1,CHEMBL521591,active,6.522878745280337
Clc1ccccc1Cn1cc(Cc2c[nH]nn2)c2ccccc21,CHEMBL5400021,intermediate,5.456000207288222
Clc1ccccc1Cn1cc(Cn2ccnc2)c2ccccc21,CHEMBL112021,active,7.268008550981071
Clc1ccccc1Cn1cc(Cn2ccnn2)c2ccccc21,CHEMBL5393912,active,6.762004107228148
Cn1c(-c2ccccc2)cc2cc([N+](=O)[O-])ccc21,CHEMBL4216885,intermediate,5.411168274405792
Cn1c(-c2csc(-c3ncccn3)n2)nc2ccccc21,CHEMBL4228031,intermediate,5.702370781635852
Cn1c(=O)sc2cc(C(c3ccccc3)n3ccnc3)ccc21,CHEMBL1097041,active,7.886056647693163
Cn1cc(-c2ccc(C3=C(c4ccc(O)cc4)C4CC(S(=O)(=O)N(CC(F)(F)F)c5ccccc5)C3O4)cc2)cn1,CHEMBL5394007,active,7.046723663332696
Cn1cc(-c2ccc(C3=C(c4ccc(O)cc4)C4CC(S(=O)(=O)Oc5ccc(C(F)(F)F)cc5)C3O4)cc2)cn1,CHEMBL5400203,active,7.576426480267265
Cn1cc(C(c2ccc(F)cc2)n2ccnc2)c2cc(Br)ccc21,CHEMBL111868,active,7.105130343254747
Cn1cc(CCN(c2ccc(C#N)cc2)n2cnnc2)c2cc(O)ccc21,CHEMBL5424630,active,8.823908740944319
Cn1cc(CCN(c2ccc(C#N)cc2)n2cnnc2)c2cc(OS(N)(=O)=O)ccc21,CHEMBL3622066,active,8.638272163982407
Cn1ccc2cc(C(Cc3ccc(Br)cc3)n3ccnc3)ccc21,CHEMBL5416003,active,7.625068446021812
Cn1ccc2cc(C(c3ccc(Cl)cc3)n3ccnc3)ccc21,CHEMBL382679,active,7.625251653989896
Cn1ccc2cc3c(cc21)CCN3C(=O)Nc1cccnc1,CHEMBL297784,inactive,4.0
Cn1ccnc1S(=O)(=O)N1CCN(c2ccc(OC[C@@H]3CO[C@@](Cn4ccnc4)(c4ccc(Cl)cc4Cl)O3)cc2)CC1,CHEMBL3891718,inactive,5.0
Cn1nnc2ccc(C(c3ccc(Cl)cc3)n3cncn3)cc21,CHEMBL100749,active,8.853871964321762
Cn1nnc2ccc(C(c3ccc(O)cc3)n3cncn3)cc21,CHEMBL5421450,active,8.419987887470576
Cn1nnc2ccc(C(c3ccc(OS(N)(=O)=O)cc3)n3cncn3)cc21,CHEMBL3622363,active,7.538051504796238
Cn1nnc2ccc([C@@H](c3ccc(Cl)cc3)n3cncn3)cc21,CHEMBL519436,active,8.860120913598763
Cn1nnc2ccc([C@H](c3ccc(Cl)cc3)n3cncn3)cc21,CHEMBL224060,active,8.860120913598763
FC(F)(F)c1ccc(-c2ccncc2)c(OCCc2ccccc2)c1,CHEMBL3421778,intermediate,5.679853713888946
FC(F)(F)c1ccc(-c2nsc(-c3ccc(C(F)(F)F)cc3)n2)cc1,CHEMBL1939525,inactive,4.301029995663981
FC(F)(F)c1ccc(-n2c(Cn3ccnc3)cc3ccccc32)cc1,CHEMBL2336859,active,8.30715308072277
FC(F)(F)c1ccc(C(CCCc2c[nH]cn2)c2ccc(C(F)(F)F)cc2)cc1,CHEMBL5401971,inactive,3.921000001140274
FC(F)(F)c1ccc(C(CCc2c[nH]cn2)c2ccc(C(F)(F)F)cc2)cc1,CHEMBL5436915,inactive,4.495000014892132
FC(F)(F)c1ccc(C(c2ccc(Cl)cc2)n2ccnc2)cc1,CHEMBL135595,active,7.966978555317089
FC(F)(F)c1ccccc1-c1nsc(-c2ccccc2C(F)(F)F)n1,CHEMBL1939535,inactive,4.301029995663981
FC(c1ccc(Cl)cc1)(c1ccc(Cl)cc1)c1cccnc1,CHEMBL133079,active,6.698991719603
FC(c1ccc(Cl)cc1)(c1ccc(Cl)cc1)c1cncnc1,CHEMBL283671,active,7.108016769148033
Fc1cc(-c2cccnc2)cc2c1-n1c(nnc1-c1ccccc1)CC2,CHEMBL3415161,inactive,5.0
Fc1cc(-c2cccnc2)cc2c1-n1c(nnc1-c1ccncc1)CC2,CHEMBL3415165,inactive,5.0
Fc1cc(-c2cccnc2)cc2c1-n1cnnc1CC2,CHEMBL3415153,inactive,5.0
Fc1cc(F)c2ccc(Cn3ccnc3)cc2c1,CHEMBL5426314,active,6.443999197391357
Fc1cc2c(cc1-c1cccnc1)CCc1nnc(-c3ccccc3)n1-2,CHEMBL3415160,inactive,5.0
Fc1cc2c(cc1-c1cccnc1)CCc1nnc(-c3ccncc3)n1-2,CHEMBL3415164,inactive,5.0
Fc1cc2c(cc1-c1cccnc1)CCc1nnc(Cc3ccccc3)n1-2,CHEMBL3415162,inactive,5.0
Fc1cc2c(cc1-c1cccnc1)CCc1nncn1-2,CHEMBL3415152,inactive,5.0
Fc1cc2nc(-c3cncnc3C(F)(F)F)n(C3CC3)c2cc1F,CHEMBL4439573,intermediate,5.190777078310578
Fc1ccc(-c2[nH]c3cc(Cl)ccc3c2Cn2ccnc2)cc1,CHEMBL4171996,active,7.490797477668897
Fc1ccc(-c2[nH]c3cc(Cl)ccc3c2Cn2cncn2)cc1,CHEMBL4161492,active,7.013676222949234
Fc1ccc(-c2[nH]c3cc(F)ccc3c2Cn2ccnc2)cc1,CHEMBL4175438,active,7.290730039024169
Fc1ccc(-c2[nH]c3cc(F)ccc3c2Cn2cncn2)cc1,CHEMBL4176600,active,7.26440110030182
Fc1ccc(-c2[nH]c3cc4c(cc3c2Cn2ccnc2)OCO4)cc1,CHEMBL4161789,active,6.676541633150532
Fc1ccc(-c2[nH]c3cc4c(cc3c2Cn2cncn2)OCO4)cc1,CHEMBL4162931,active,7.2343314452409855
Fc1ccc(-c2cc(-n3cccc3)c3ccccc3n2)cc1,CHEMBL3818279,active,6.096910013008056
Fc1ccc(-c2nc(-c3cccnc3)cs2)cc1,CHEMBL1957210,inactive,4.754981129262247
Fc1ccc(-c2nsc(-c3ccc(F)cc3)n2)cc1,CHEMBL1939520,inactive,4.301029995663981
Fc1ccc(-n2c(Cn3ccnc3)cc3ccccc32)cc1,CHEMBL2336856,active,8.045275209020938
Fc1ccc(-n2cc(Cn3ccnc3)c3ccccc32)cc1,CHEMBL1094426,active,7.1438755557577
Fc1ccc(C(C2Cc3ccccc3O2)n2cncn2)cc1,CHEMBL63297,active,6.721246399047171
Fc1ccc(C(C2Cc3ccccc3O2)n2cnnn2)cc1,CHEMBL294360,intermediate,5.663540266151471
Fc1ccc(C(CCCCc2ccccc2)c2c[nH]cn2)cc1,CHEMBL5434818,inactive,3.677999996611521
Fc1ccc(C(CCCc2c[nH]cn2)c2ccc(F)cc2)cc1,CHEMBL5421595,intermediate,5.480999396660359
Fc1ccc(C(CCCc2c[nH]cn2)c2ccccc2)cc1,CHEMBL5396408,intermediate,5.553000204756657
Fc1ccc(C(CCCc2ccccc2)c2c[nH]cn2)cc1,CHEMBL5440818,active,6.097002310392405
Fc1ccc(C(CCc2c[nH]cn2)c2ccc(C(F)(F)F)cc2)cc1,CHEMBL5417163,intermediate,5.283999997104834
Fc1ccc(C(CCc2c[nH]cn2)c2ccc(F)cc2)cc1,CHEMBL5437945,intermediate,5.300999596114219
Fc1ccc(C(CCc2c[nH]cn2)c2ccccc2)cc1,CHEMBL5423840,inactive,4.995999950977336
Fc1ccc(C(CCc2ccccc2)Cc2c[nH]cn2)cc1,CHEMBL5408838,intermediate,5.6579999748624346
Fc1ccc(C(CCc2ccccc2)c2c[nH]cn2)cc1,CHEMBL5439843,active,6.155001238642457
Fc1ccc(C(CCn2ccnc2)c2ccc(F)cc2)cc1,CHEMBL5417761,intermediate,5.6579999748624346
Fc1ccc(C(CCn2ccnc2)c2ccccc2)cc1,CHEMBL5412224,intermediate,5.300999596114219
Fc1ccc(C(CCn2cncn2)c2ccc(F)cc2)cc1,CHEMBL5419948,inactive,4.444000042440511
Fc1ccc(C(Cc2ccccc2)Cc2c[nH]cn2)cc1,CHEMBL5394566,intermediate,5.356999620028794
Fc1ccc(C(F)(c2ccc(Cl)cc2)c2cncnc2)cc1,CHEMBL30043,active,6.710009933945681
Fc1ccc(C(F)(c2cncnc2)c2ccccc2Cl)cc1,CHEMBL29952,intermediate,5.920999747696151
Fc1ccc(C(c2cc3ccccc3o2)n2cncn2)cc1,CHEMBL3623226,active,6.721246399047171
Fc1ccc(C(c2cc3ccccc3o2)n2cnnn2)cc1,CHEMBL5397257,intermediate,5.664000822391869
Fc1ccc(C(c2ccc(F)cc2)n2ccnc2)cc1,CHEMBL137373,active,7.398048595866478
Fc1ccc(C(c2ccc3[nH]ccc3c2)n2ccnc2)cc1,CHEMBL203981,active,7.580044251510242
Fc1ccc(CC(Cc2ccc(-c3ccccc3)cc2)n2ccnc2)c(F)c1,CHEMBL489360,active,6.585026652029182
Fc1ccc(CC(Cc2ccc(-c3ccccc3)cc2)n2ccnc2)cc1,CHEMBL523813,active,6.958607314841775
Fc1ccc(CC(c2ccc3[nH]ccc3c2)n2ccnc2)cc1,CHEMBL5403912,active,7.580044251510242
Fc1ccc(CC(c2cn(Cc3ccc(F)cc3)c3ccc(Br)cc23)n2ccnn2)cc1,CHEMBL5426878,intermediate,5.148999857982862
Fc1ccc(CCC(Cc2c[nH]cn2)c2ccc(F)cc2)cc1,CHEMBL5423518,intermediate,5.88599985905086
Fc1ccc(CCC(c2ccc(F)cc2)c2c[nH]cn2)cc1,CHEMBL5395012,intermediate,5.6579999748624346
Fc1ccc(CCC(c2ccc(F)cc2)n2cncn2)cc1,CHEMBL5414100,intermediate,5.397999728269116
Fc1ccc(CCCC(c2ccc(F)cc2)c2c[nH]cn2)cc1,CHEMBL5402637,active,6.200997366572284
Fc1ccc(CCCn2ccnc2)cc1,CHEMBL214932,active,6.508638306165727
Fc1ccc(CN(Cc2ccc(-c3ccccc3)cc2)n2ccnc2)c(F)c1,CHEMBL491824,active,6.455931955649724
Fc1ccc(CN(Cc2ccc(-c3ccccc3)cc2)n2ccnc2)cc1,CHEMBL491213,active,6.721246399047171
Fc1ccc(Cn2cc(Cn3ccnc3)c3ccccc32)cc1,CHEMBL452018,active,7.143996546002779
Fc1ccc(Cn2cc(Cn3ccnn3)c3ccccc32)cc1,CHEMBL5402030,active,6.69000807121882
Fc1ccc(Cn2ccnc2)cc1,CHEMBL377770,active,6.055517327849832
Fc1ccc2c(Cn3ccnc3)c(-c3ccc(Cl)cc3)[nH]c2c1,CHEMBL4167569,active,7.081445469449727
Fc1ccc2c(Cn3cncn3)c(-c3ccc(Cl)cc3)[nH]c2c1,CHEMBL4165988,active,6.662740460249724
Fc1ccc2c(c1)CC/C2=C/c1c[nH]cn1,CHEMBL179247,active,7.698970004336019
Fc1ccc2c(c1)CC/C2=C/c1cccc2cnccc12,CHEMBL363849,intermediate,5.7121982700697735
Fc1ccc2c(c1)CC/C2=C/c1cccc2ncccc12,CHEMBL195653,inactive,4.443697499232712
Fc1ccc2c(c1)CC/C2=C/c1cccnc1,CHEMBL383806,intermediate,5.603800652904264
Fc1ccc2c(c1)CC/C2=C/c1ccnc2ccccc12,CHEMBL371275,inactive,4.443697499232712
Fc1ccc2c(c1)CC/C2=C/c1ccncc1,CHEMBL179144,active,6.096910013008056
Fc1ccc2c(c1)CC/C2=C/c1cncnc1,CHEMBL364956,active,6.102372908709558
Fc1ccc2c(c1)CC/C2=C\c1c[nH]cn1,CHEMBL359817,active,6.661543506395395
Fc1ccc2c(c1)CC/C2=C\c1cccc2cnccc12,CHEMBL370530,active,6.142667503568731
Fc1ccc2c(c1)CC/C2=C\c1cccc2ncccc12,CHEMBL195580,inactive,4.443697499232712
Fc1ccc2c(c1)CC/C2=C\c1cccnc1,CHEMBL193997,intermediate,5.5951662833800615
Fc1ccc2c(c1)CC/C2=C\c1ccnc2ccccc12,CHEMBL371509,inactive,4.443697499232712
Fc1ccc2c(c1)CC/C2=C\c1ccncc1,CHEMBL424960,intermediate,5.809668301829708
Fc1ccc2c(c1)CC/C2=C\c1cncnc1,CHEMBL195248,intermediate,5.127843727251707
Fc1ccc2c(c1)OC(c1ccccc1)CC2n1ccnc1,CHEMBL3623227,active,7.387216143280264
Fc1ccc2ccc(Cn3ccnc3)cc2c1,CHEMBL1098424,active,6.795988604538516
Fc1ccc2nc(-c3cncc4ccccc34)c(C3CC3)n2c1,CHEMBL3948337,active,6.102372908709558
Fc1cccc(-c2nsc(-c3cccc(F)c3)n2)c1,CHEMBL1939529,inactive,4.301029995663981
Fc1cccc(C(CCc2c[nH]cn2)c2cccc(F)c2)c1,CHEMBL5432975,inactive,4.721000063947474
Fc1cccc(Cn2cc(Cn3ccnn3)c3ccccc32)c1,CHEMBL5409533,active,6.513003111568177
Fc1cccc2c1CC/C2=C/c1cccnc1,CHEMBL176076,active,6.7447274948966935
Fc1cccc2c1CC/C2=C\c1cccnc1,CHEMBL366490,intermediate,5.742321425130816
Fc1ccccc1-c1nsc(-c2ccccc2F)n1,CHEMBL1939530,inactive,4.301029995663981
Fc1ccccc1C(CCCc1c[nH]cn1)c1ccccc1,CHEMBL5397541,inactive,4.796000007769141
Fc1ccccc1CC(Cc1ccc(-c2ccccc2)cc1)n1ccnc1,CHEMBL489189,intermediate,5.863279432843593
Fc1ccccc1CN(Cc1ccc(-c2ccccc2)cc1)n1ccnc1,CHEMBL489986,active,6.337242168318426
Fc1ccccc1Cn1cc(Cc2c[nH]nn2)c2ccccc21,CHEMBL5402711,intermediate,5.140999881989422
Fc1ccccc1Cn1cc(Cn2ccnn2)c2ccccc21,CHEMBL5393946,active,6.376998948809717
Fc1cncc(-c2cc(F)c3c(c2)CCc2nncn2-3)c1,CHEMBL3415174,inactive,5.0
Fc1cncc(-c2nc3cc(F)c(Cl)cn3c2C2CC2)c1,CHEMBL3951973,intermediate,5.638272163982407
Fc1cncc(-c2nc3cc(F)c(F)cc3n2C2CC2)c1,CHEMBL3582472,intermediate,5.345534666479854
Fc1cncc(-c2nc3ccc(F)cn3c2C2CC2)c1,CHEMBL3893614,intermediate,5.657577319177793
Ic1ccc(-c2nsc(-c3ccc(I)cc3)n2)cc1,CHEMBL1939527,inactive,4.301029995663981
Ic1cccc(-c2nsc(-c3cccc(I)c3)n2)c1,CHEMBL1939528,inactive,4.301029995663981
Ic1ccccc1-c1nsc(-c2ccccc2I)n1,CHEMBL1939544,inactive,4.301029995663981
N#CC(C#N)=Cc1ccc(O)c(O)c1,CHEMBL76904,inactive,4.151195298948196
N#CC/C(=C(/c1ccc(O)cc1)c1ccc(OCCN)cc1)c1ccccc1,CHEMBL3422040,active,7.31069114087638
N#CC1(c2cc(Cn3cncn3)cc(Sc3ccc(OS(N)(=O)=O)c(Cl)c3)c2)CCC1,CHEMBL3622074,active,7.013004460275618
N#CC1(c2cc(Cn3cncn3)cc(Sc3ccc(OS(N)(=O)=O)cc3)c2)CC1,CHEMBL3622075,active,8.469032318428084
N#CC1(c2cc(Cn3cncn3)cc(Sc3ccc(OS(N)(=O)=O)cc3)c2)CCC1,CHEMBL3622073,active,7.684029654543083
N#CCC(=C(c1ccc(O)cc1)c1ccc(O)cc1)c1ccc(N)cc1,CHEMBL4760286,active,7.440093374963888
N#CCC(=C(c1ccc(O)cc1)c1ccc(O)cc1)c1ccc(O)c(F)c1,CHEMBL4743255,inactive,4.764471553092451
N#CCC(=C(c1ccc(O)cc1)c1ccc(O)cc1)c1ccc(O)cc1,CHEMBL4747849,inactive,4.818156412055227
N#CCC(=C(c1ccc(O)cc1)c1ccc(O)cc1)c1ccccc1,CHEMBL4763409,inactive,4.892790030352131
N#CCCCC1CCCc2cncn21,CHEMBL163420,active,7.031984286006358
N#CCS(=O)(=O)N1CCN(c2ccc(OC[C@@H]3CO[C@@](Cn4ccnc4)(c4ccc(Cl)cc4Cl)O3)cc2)CC1,CHEMBL3952032,intermediate,5.552841968657781
N#Cc1cc(Cn2cncn2)cc(-c2ccc(F)cc2)c1,CHEMBL599456,active,7.721246399047171
N#Cc1cc(Cn2cncn2)cc(-c2ccc(O)c(Cl)c2)c1,CHEMBL598846,active,7.619788758288394
N#Cc1cc(Cn2cncn2)cc(-c2ccc(O)cc2)c1,CHEMBL601840,active,6.950781977329818
N#Cc1cc(Cn2cncn2)cc(-c2ccc(OS(N)(=O)=O)c(Cl)c2)c1,CHEMBL598628,active,7.096910013008056
N#Cc1cc(Cn2cncn2)cc(-c2ccc(OS(N)(=O)=O)cc2)c1,CHEMBL598627,active,6.552841968657781
N#Cc1cc(Cn2cncn2)cc(-c2ccccc2)c1,CHEMBL599455,active,7.533132379645891
N#Cc1cc(Cn2cncn2)ccc1-c1ccc(O)c(Cl)c1,CHEMBL598020,active,6.42021640338319
N#Cc1cc(Cn2cncn2)ccc1-c1ccc(O)cc1,CHEMBL607855,active,6.036212172654444
N#Cc1cc(Cn2cncn2)ccc1-c1ccc(OS(N)(=O)=O)c(Cl)c1,CHEMBL598211,active,6.243363891754152
N#Cc1cc(Cn2cncn2)ccc1-c1ccc(OS(N)(=O)=O)cc1,CHEMBL609618,active,6.546681659952962
N#Cc1cc(Cn2cncn2)ccc1-c1ccccc1,CHEMBL608153,active,8.337242168318426
N#Cc1ccc(-c2cc(C#N)cc(Cn3cncn3)c2)cc1,CHEMBL609333,active,7.2839966563652
N#Cc1ccc(-c2cc(N(Cc3ccc(OS(N)(=O)=O)cc3)n3cnnc3)ccc2C#N)cc1,CHEMBL1672982,active,9.1249387366083
N#Cc1ccc(-c2ccc(O)c(Cl)c2)cc1Cn1cncn1,CHEMBL609332,active,7.130768280269024
N#Cc1ccc(-c2ccc(OS(N)(=O)=O)c(Cl)c2)cc1Cn1cncn1,CHEMBL599442,active,6.835647144215563
N#Cc1ccc(-c2ccc(OS(N)(=O)=O)cc2)cc1Cn1cncn1,CHEMBL592376,active,6.7544873321858505
N#Cc1ccc(-c2cccc(O)c2)cc1Cn1cncn1,CHEMBL589247,active,7.841637507904751
N#Cc1ccc(-c2cccnc2)c(OCCc2ccccc2)c1,CHEMBL3421779,active,6.782516055786093
N#Cc1ccc(-c2ccncc2)c(OCCc2ccccc2)c1,CHEMBL3421780,intermediate,5.810790510417694
N#Cc1ccc(-c2nsc(-c3ccc(C#N)cc3)n2)cc1,CHEMBL1939548,inactive,4.301029995663981
N#Cc1ccc(-c2oc3ccccc3c(=O)c2Cn2ccnc2)cc1,CHEMBL209731,active,7.161150909262744
N#Cc1ccc(-n2ccc3ccncc32)cc1,CHEMBL1955869,active,7.031517051446065
N#Cc1ccc(-n2ccc3ccncc32)cc1Oc1ccccc1,CHEMBL1956188,active,6.943095148663527
N#Cc1ccc(/C(=C\CCc2ccc(F)cc2)C2C=NC=N2)cc1,CHEMBL5427944,active,6.720995038155098
N#Cc1ccc(/C(=C\CCc2ccc(F)cc2)n2ccnc2)cc1,CHEMBL5431734,active,7.221993538576491
N#Cc1ccc(/C(=C\CCc2ccc(F)cc2)n2cncn2)cc1,CHEMBL5439983,active,6.853996066189131
N#Cc1ccc(/C(=C\Cc2ccc(F)cc2)C2C=NC=N2)cc1,CHEMBL5395040,active,6.720995038155098
N#Cc1ccc(/C(=C\Cc2ccc(F)cc2)n2cncn2)cc1,CHEMBL5430737,active,7.301029995663981
N#Cc1ccc(/C(=N\c2ccc(Br)cc2)n2ccnc2)cc1,CHEMBL31456,active,8.114017188645027
N#Cc1ccc(C(=C2CCCCC2)n2cncn2)cc1,CHEMBL223555,active,7.019996628416254
N#Cc1ccc(C(=O)Nc2ccc([N+](=O)[O-])cc2OCc2ccccc2)cc1,CHEMBL407092,inactive,4.6020599913279625
N#Cc1ccc(C(CCCc2c[nH]cn2)c2ccc(C#N)cc2)cc1,CHEMBL5411125,intermediate,5.79599946475137
N#Cc1ccc(C(CCCc2ccc(F)cc2)c2c[nH]cn2)cc1,CHEMBL5418765,active,6.638007891242187
N#Cc1ccc(C(CCCc2ccc(F)cc2)n2ccnc2)cc1,CHEMBL5411950,active,7.398048595866478
N#Cc1ccc(C(CCCc2ccc(F)cc2)n2cncn2)cc1,CHEMBL5433553,active,6.920999747696151
N#Cc1ccc(C(CCCc2ccccc2)c2c[nH]cn2)cc1,CHEMBL5401445,active,6.678008252452735
N#Cc1ccc(C(CCc2c[nH]cn2)c2ccc(C#N)cc2)cc1,CHEMBL5417855,active,6.066001780383496
N#Cc1ccc(C(CCc2c[nH]cn2)c2ccc(C(F)(F)F)cc2)cc1,CHEMBL5440707,intermediate,5.620000528471499
N#Cc1ccc(C(CCc2c[nH]cn2)c2ccc(F)cc2)cc1,CHEMBL5425656,active,6.301003938776766
N#Cc1ccc(C(CCc2c[nH]cn2)c2ccccc2)cc1,CHEMBL5433174,active,6.319003122003004
N#Cc1ccc(C(CCc2ccc(F)cc2)Cc2c[nH]cn2)cc1,CHEMBL5436300,active,6.301003938776766
N#Cc1ccc(C(CCc2ccc(F)cc2)n2ccnc2)cc1,CHEMBL5421565,active,7.301029995663981
N#Cc1ccc(C(CCc2ccc(F)cc2)n2cncn2)cc1,CHEMBL5397796,active,6.720995038155098
N#Cc1ccc(C(CCc2ccc(O)c(Br)c2)n2cncn2)cc1,CHEMBL5438093,active,10.69897000433602
N#Cc1ccc(C(CCc2ccc(O)cc2)n2cncn2)cc1,CHEMBL5436996,active,9.795880017344077
N#Cc1ccc(C(CCc2ccc(OS(N)(=O)=O)c(Br)c2)n2cncn2)cc1,CHEMBL3623231,active,10.0
N#Cc1ccc(C(CCc2ccc(OS(N)(=O)=O)cc2)n2cncn2)cc1,CHEMBL5416513,active,9.657972311912529
N#Cc1ccc(C(Cc2ccc(O)c(Br)c2)n2cncn2)cc1,CHEMBL5406734,active,9.6779875614176
N#Cc1ccc(C(Cc2ccc(O)cc2)n2cncn2)cc1,CHEMBL5421626,active,8.538051504796238
N#Cc1ccc(C(Cc2ccc(OS(N)(=O)=O)c(Br)c2)n2cncn2)cc1,CHEMBL3818343,active,9.059981844992336
N#Cc1ccc(C(Cc2ccc(OS(N)(=O)=O)cc2)n2cncn2)cc1,CHEMBL5395753,active,8.552997101533837
N#Cc1ccc(C(F)(c2ccc(C#N)cc2)n2ccnc2)cc1,CHEMBL225378,active,6.060001790087838
N#Cc1ccc(C(F)(c2ccc(C#N)cc2)n2ccnn2)cc1,CHEMBL388515,active,7.019996628416254
N#Cc1ccc(C(F)(c2ccc(C#N)cc2)n2cncn2)cc1,CHEMBL225550,active,7.209996479609511
N#Cc1ccc(C(F)(c2ccc(C#N)cc2)n2ncnn2)cc1,CHEMBL225360,active,6.83000246293343
N#Cc1ccc(C(c2[nH]c3ccccc3c2CCNS(=O)(=O)c2ccc(C(F)(F)F)cc2)c2[nH]c3ccccc3c2CCNS(=O)(=O)c2ccc(C(F)(F)F)cc2)cc1,CHEMBL4175698,inactive,4.815308569182401
N#Cc1ccc(C(c2[nH]c3ccccc3c2CCNS(=O)(=O)c2ccc(Cl)cc2)c2[nH]c3ccccc3c2CCNS(=O)(=O)c2ccc(Cl)cc2)cc1,CHEMBL4167430,intermediate,5.259637310505756
N#Cc1ccc(C(c2[nH]c3ccccc3c2CCNS(=O)(=O)c2ccc(F)cc2)c2[nH]c3ccccc3c2CCNS(=O)(=O)c2ccc(F)cc2)cc1,CHEMBL4167841,intermediate,5.008773924307505
N#Cc1ccc(C(c2cc(=O)oc3cc(Oc4ccccc4)ccc23)n2ccnc2)cc1,CHEMBL1688918,intermediate,5.396855627379818
N#Cc1ccc(C(c2cc3ccc(O)cc3o2)n2cncn2)cc1,CHEMBL202226,active,9.2518119729938
N#Cc1ccc(C(c2cc3ccccc3o2)n2cncn2)cc1,CHEMBL5422369,active,6.678008252452735
N#Cc1ccc(C(c2ccc(C#N)cc2)c2cccnc2)cc1,CHEMBL223554,active,7.230032198670558
N#Cc1ccc(C(c2ccc(C#N)cc2)c2cncnc2)cc1,CHEMBL223452,active,6.540004743952609
N#Cc1ccc(C(c2ccc(C#N)cc2)n2cc(-c3ccccc3)nn2)cc1,CHEMBL1824747,inactive,4.985899678480379
N#Cc1ccc(C(c2ccc(C#N)cc2)n2cc(C3CCCCC3)nn2)cc1,CHEMBL1824746,inactive,4.713992877920526
N#Cc1ccc(C(c2ccc(C#N)cc2)n2cc(COc3ccc(-c4ccccc4)cc3)nn2)cc1,CHEMBL1824754,inactive,4.874518734299406
N#Cc1ccc(C(c2ccc(C#N)cc2)n2cc(COc3ccc(Cl)cc3)nn2)cc1,CHEMBL1824749,inactive,4.792904459580782
N#Cc1ccc(C(c2ccc(C#N)cc2)n2cc(COc3ccc([N+](=O)[O-])cc3)nn2)cc1,CHEMBL1824751,intermediate,5.111820506081675
N#Cc1ccc(C(c2ccc(C#N)cc2)n2cc(COc3ccccc3)nn2)cc1,CHEMBL1824748,inactive,4.959793372425289
N#Cc1ccc(C(c2ccc(C#N)cc2)n2ccnc2)cc1,CHEMBL29482,active,8.522878745280337
N#Cc1ccc(C(c2ccc(C#N)cc2)n2ccnn2)cc1,CHEMBL224789,active,8.096910013008056
N#Cc1ccc(C(c2ccc(C#N)cc2)n2cncn2)cc1,CHEMBL1444,active,9.154901959985745
N#Cc1ccc(C(c2ccc(C#N)cc2)n2nccn2)cc1,CHEMBL1825022,inactive,4.097018600202497
N#Cc1ccc(C(c2ccc(C#N)cc2)n2ncnn2)cc1,CHEMBL224790,active,8.240030142445693
N#Cc1ccc(C(c2ccc(O)c(Br)c2)n2cncn2)cc1,CHEMBL481091,active,8.744727494896694
N#Cc1ccc(C(c2ccc(O)c(Cl)c2)n2cncn2)cc1,CHEMBL479385,active,8.259637310505756
N#Cc1ccc(C(c2ccc(O)cc2)n2cncn2)cc1,CHEMBL519937,active,8.142667503568731
N#Cc1ccc(C(c2ccc(OS(N)(=O)=O)c(Br)c2)n2cncn2)cc1,CHEMBL518761,active,8.522878745280337
N#Cc1ccc(C(c2ccc(OS(N)(=O)=O)c(Cl)c2)n2cncn2)cc1,CHEMBL479551,active,7.920818753952375
N#Cc1ccc(C(c2ccc(OS(N)(=O)=O)cc2)n2cncn2)cc1,CHEMBL479366,active,7.886056647693163
N#Cc1ccc(C(c2ccc3[nH]ccc3c2)n2ccnc2)cc1,CHEMBL205177,active,7.714442690992226
N#Cc1ccc(C(c2ccc3cc[nH]c3c2)n2ccnc2)cc1,CHEMBL469260,active,7.939302159646388
N#Cc1ccc(C(c2ccc3cc[nH]c3c2)n2cncn2)cc1,CHEMBL512994,active,7.027797161620936
N#Cc1ccc(C(c2cccc3[nH]ccc23)n2ccnc2)cc1,CHEMBL468410,active,7.7281583934635005
N#Cc1ccc(C(c2cccc3[nH]ccc23)n2cncn2)cc1,CHEMBL513168,intermediate,5.790484985457369
N#Cc1ccc(C2(c3ccc(C#N)cc3)CCCc3cncn32)cc1,CHEMBL285809,active,6.632998369161559
N#Cc1ccc(C2(n3ccnc3)CCCC2)cc1,CHEMBL225053,active,7.430041181903406
N#Cc1ccc(C2CC(=O)c3ccc4ccccc4c3O2)cc1,CHEMBL255108,intermediate,5.8124792791635365
N#Cc1ccc(C2CC(n3ccnc3)c3ccc4ccccc4c3O2)cc1,CHEMBL1783178,active,7.468521082957745
N#Cc1ccc(C2CCCCc3cncn32)cc1,CHEMBL162834,active,7.851089006890644
N#Cc1ccc(C2CCCc3cncn32)cc1,CHEMBL9298,active,11.397940008672036
N#Cc1ccc(C2CCc3cncn32)cc1,CHEMBL162585,active,8.698970004336019
N#Cc1ccc(CC(c2ccc3cc[nH]c3c2)n2ccnc2)cc1,CHEMBL5408823,active,7.938924676370208
N#Cc1ccc(CC(c2ccc3cc[nH]c3c2)n2ccnn2)cc1,CHEMBL5400406,active,7.027982401325985
N#Cc1ccc(CC(c2cccc3[nH]ccc23)n2ccnc2)cc1,CHEMBL5410695,active,7.72792621249999
N#Cc1ccc(CC(c2cccc3[nH]ccc23)n2ccnn2)cc1,CHEMBL5411570,active,12.089002283689355
N#Cc1ccc(CC/C=C(\c2ccc(C#N)cc2)C2C=NC=N2)cc1,CHEMBL5419123,active,6.301003938776766
N#Cc1ccc(COc2ccc(C#Cc3ccc(C(F)(F)C(O)(Cn4cnnn4)c4ccc(F)cc4F)nc3)cc2)cc1,CHEMBL4077246,inactive,4.0
N#Cc1ccc(Cn2cc(-c3ccccc3)nn2)cc1,CHEMBL1825030,intermediate,5.471083299722345
N#Cc1ccc(Cn2cc(C(O)n3ccnc3)c3ccccc32)cc1,CHEMBL5400514,active,7.301029995663981
N#Cc1ccc(Cn2cc(C3CCCCC3)nn2)cc1,CHEMBL1825029,inactive,4.97061622231479
N#Cc1ccc(Cn2cc(COc3ccc(-c4ccccc4)cc3)nn2)cc1,CHEMBL1825037,inactive,4.936666641048251
N#Cc1ccc(Cn2cc(COc3ccc(C#N)cc3)nn2)cc1,CHEMBL1825033,intermediate,5.03810452633215
N#Cc1ccc(Cn2cc(COc3ccc(Cl)cc3)nn2)cc1,CHEMBL1825032,intermediate,5.407823242604133
N#Cc1ccc(Cn2cc(COc3ccc([N+](=O)[O-])cc3)nn2)cc1,CHEMBL1825034,intermediate,5.250263684430939
N#Cc1ccc(Cn2cc(COc3ccccc3)nn2)cc1,CHEMBL1825031,intermediate,5.215382707367125
N#Cc1ccc(Cn2cc(Cn3ccnc3)c3ccccc32)cc1,CHEMBL324326,active,7.301029995663981
N#Cc1ccc(Cn2cc(Cn3ccnn3)c3ccccc32)cc1,CHEMBL5417624,active,6.8509965480714525
N#Cc1ccc(Cn2ccnc2)c2c(=O)c3ccccc3oc12,CHEMBL442373,intermediate,5.639999555020352
N#Cc1ccc(Cn2ccnc2)c2ccccc12,CHEMBL375043,active,7.96018944585165
N#Cc1ccc(Cn2ccnc2)c2oc3ccccc3c(=O)c12,CHEMBL421149,active,7.36997914888659
N#Cc1ccc(Cn2ccnc2)c2occc(=O)c12,CHEMBL161230,active,6.620005959834258
N#Cc1ccc(Cn2ccnc2)cc1,CHEMBL349822,active,8.154901959985743
N#Cc1ccc(Cn2ccnn2)cc1,CHEMBL1824769,active,7.0
N#Cc1ccc(Cn2cncn2)c(-c2ccc(O)c(Cl)c2)c1,CHEMBL598223,active,9.096910013008056
N#Cc1ccc(Cn2cncn2)c(-c2ccc(OS(N)(=O)=O)c(Cl)c2)c1,CHEMBL598212,active,8.721246399047171
N#Cc1ccc(Cn2cncn2)c(-c2ccccc2)c1,CHEMBL589738,active,8.769551078621726
N#Cc1ccc(Cn2cncn2)cc1,CHEMBL1825020,active,6.823908740944319
N#Cc1ccc(Cn2cncn2)cc1-c1ccc(Cl)c(O)c1,CHEMBL599864,active,9.657577319177792
N#Cc1ccc(Cn2cncn2)cc1-c1ccc(Cl)c(OS(N)(=O)=O)c1,CHEMBL599239,active,9.455931955649724
N#Cc1ccc(Cn2cncn2)cc1-c1ccc(O)c(Cl)c1,CHEMBL597808,active,9.82390874094432
N#Cc1ccc(Cn2cncn2)cc1-c1ccc(O)cc1,CHEMBL597606,active,9.69897000433602
N#Cc1ccc(Cn2cncn2)cc1-c1ccc(OS(N)(=O)=O)c(Cl)c1,CHEMBL592131,active,9.920818753952377
N#Cc1ccc(Cn2cncn2)cc1-c1ccc(OS(N)(=O)=O)cc1,CHEMBL598199,active,8.698970004336019
N#Cc1ccc(Cn2cncn2)cc1-c1cccc(Cl)c1,CHEMBL589974,active,9.657577319177792
N#Cc1ccc(Cn2cncn2)cc1-c1ccccc1,CHEMBL592852,active,9.69897000433602
N#Cc1ccc(Cn2nccn2)cc1,CHEMBL1825017,inactive,4.913640169325252
N#Cc1ccc(N(CC2CCc3cc(O)ccc3C2)n2cnnc2)cc1,CHEMBL5404073,active,9.602059991327964
N#Cc1ccc(N(CC2CCc3cc(OS(N)(=O)=O)ccc3C2)n2cnnc2)cc1,CHEMBL3622061,active,8.2839966563652
N#Cc1ccc(N(CCCCCCCCCCSc2ccc(O)cc2)n2cnnc2)cc1,CHEMBL5440379,active,9.37695756575362
N#Cc1ccc(N(CCCCCCCCCCSc2ccc(OS(N)(=O)=O)cc2)n2cnnc2)cc1,CHEMBL5409338,active,8.260032303240491
N#Cc1ccc(N(CCCCCSc2ccc(O)cc2)n2cnnc2)cc1,CHEMBL5439970,active,9.221993538576491
N#Cc1ccc(N(CCCCCSc2ccc(OS(N)(=O)=O)cc2)n2cnnc2)cc1,CHEMBL3622059,active,9.13697470377053
N#Cc1ccc(N(CCCCOc2ccc(O)cc2)n2cnnc2)cc1,CHEMBL5411472,active,8.357041120590209
N#Cc1ccc(N(CCCCOc2ccc(OS(N)(=O)=O)cc2)n2cnnc2)cc1,CHEMBL5425230,active,7.509058794643213
N#Cc1ccc(N(CCCCSc2ccc(O)cc2)n2cnnc2)cc1,CHEMBL5417041,active,9.0
N#Cc1ccc(N(CCCCSc2ccc(OS(N)(=O)=O)cc2)n2cnnc2)cc1,CHEMBL5398138,active,8.698970004336019
N#Cc1ccc(N(CCCOc2ccc(O)cc2)n2cnnc2)cc1,CHEMBL5400488,active,8.823908740944319
N#Cc1ccc(N(CCCOc2ccc(OS(N)(=O)=O)cc2)n2cnnc2)cc1,CHEMBL5423400,active,8.523023534240473
N#Cc1ccc(N(CCCS(=O)(=O)c2ccc(O)cc2)n2cnnc2)cc1,CHEMBL3622060,active,7.823908740944319
N#Cc1ccc(N(CCCSc2ccc(O)cc2)n2cnnc2)cc1,CHEMBL5440424,active,9.552997101533837
N#Cc1ccc(N(CCCSc2ccc(OS(N)(=O)=O)cc2)n2cnnc2)cc1,CHEMBL3622058,active,9.292429823902063
N#Cc1ccc(N(CCCc2ccc(O)c(Br)c2)n2cnnc2)cc1,CHEMBL5402457,active,9.444059562181488
N#Cc1ccc(N(CCCc2ccc(O)c(Cl)c2)n2cnnc2)cc1,CHEMBL5407526,active,9.409046764812016
N#Cc1ccc(N(CCCc2ccc(O)c(F)c2)n2cnnc2)cc1,CHEMBL5399449,active,9.0
N#Cc1ccc(N(CCCc2ccc(O)cc2)n2cnnc2)cc1,CHEMBL5413770,active,8.795880017344075
N#Cc1ccc(N(CCCc2ccc(OS(N)(=O)=O)c(Br)c2)n2cnnc2)cc1,CHEMBL5423824,active,8.823908740944319
N#Cc1ccc(N(CCCc2ccc(OS(N)(=O)=O)c(Cl)c2)n2cnnc2)cc1,CHEMBL5415771,active,8.6779875614176
N#Cc1ccc(N(CCCc2ccc(OS(N)(=O)=O)c(F)c2)n2cnnc2)cc1,CHEMBL5397197,active,8.602059991327963
N#Cc1ccc(N(CCCc2ccc(OS(N)(=O)=O)cc2)n2cnnc2)cc1,CHEMBL5431850,active,9.051000545973046
N#Cc1ccc(N(CCOc2ccc(O)cc2)n2cnnc2)cc1,CHEMBL5440356,active,7.585026652029182
N#Cc1ccc(N(CCOc2ccc(OS(N)(=O)=O)cc2)n2cnnc2)cc1,CHEMBL5424049,active,6.115000842917264
N#Cc1ccc(N(CCSCc2ccc(O)cc2)n2cnnc2)cc1,CHEMBL5402619,active,9.18701983396052
N#Cc1ccc(N(CCSCc2ccc(OS(N)(=O)=O)cc2)n2cnnc2)cc1,CHEMBL5421435,active,9.432033093176846
N#Cc1ccc(N(CCSc2ccc(O)c(Cl)c2)n2cnnc2)cc1,CHEMBL3622055,active,9.585026652029182
N#Cc1ccc(N(CCSc2ccc(O)cc2)n2cnnc2)cc1,CHEMBL3622054,active,9.552997101533837
N#Cc1ccc(N(CCSc2ccc(OS(N)(=O)=O)c(Cl)c2)n2cnnc2)cc1,CHEMBL3622057,active,9.346980548900389
N#Cc1ccc(N(CCSc2ccc(OS(N)(=O)=O)cc2)n2cnnc2)cc1,CHEMBL3622056,active,9.37695756575362
N#Cc1ccc(N(CCSc2cccc(O)c2)n2cnnc2)cc1,CHEMBL5401315,active,9.509058794643211
N#Cc1ccc(N(CCSc2cccc(OS(N)(=O)=O)c2)n2cnnc2)cc1,CHEMBL5435238,active,8.770062314092065
N#Cc1ccc(N(CCc2c(F)cc(O)cc2F)C2C=NN=C2)cc1,CHEMBL5401648,active,9.853871964321762
N#Cc1ccc(N(CCc2c(F)cc(OS(N)(=O)=O)cc2F)n2cnnc2)cc1,CHEMBL5404624,active,8.398048595866479
N#Cc1ccc(N(CCc2ccc(O)c(Br)c2)n2cnnc2)cc1,CHEMBL5417335,active,9.444059562181488
N#Cc1ccc(N(CCc2ccc(O)c(Cl)c2)n2cnnc2)cc1,CHEMBL5412416,active,9.552997101533837
N#Cc1ccc(N(CCc2ccc(O)c(F)c2)n2cnnc2)cc1,CHEMBL5396464,active,9.387004343967652
N#Cc1ccc(N(CCc2ccc(O)cc2)n2cnnc2)cc1,CHEMBL5402090,active,8.886056647693163
N#Cc1ccc(N(CCc2ccc(OS(N)(=O)=O)c(Br)c2)n2cnnc2)cc1,CHEMBL5397670,active,8.95900230757651
N#Cc1ccc(N(CCc2ccc(OS(N)(=O)=O)c(Cl)c2)n2cnnc2)cc1,CHEMBL5418345,active,8.770062314092065
N#Cc1ccc(N(CCc2ccc(OS(N)(=O)=O)c(F)c2)n2cnnc2)cc1,CHEMBL5432233,active,8.698970004336019
N#Cc1ccc(N(CCc2ccc(OS(N)(=O)=O)cc2)n2cnnc2)cc1,CHEMBL5406393,active,8.6779875614176
N#Cc1ccc(N(CCc2coc3cc(O)ccc23)n2cnnc2)cc1,CHEMBL5412425,active,8.823908740944319
N#Cc1ccc(N(CCc2coc3cc(OS(N)(=O)=O)ccc23)n2cnnc2)cc1,CHEMBL5408847,active,8.398048595866479
N#Cc1ccc(N(CCc2coc3ccc(OS(N)(=O)=O)cc23)n2cnnc2)cc1,CHEMBL3622067,active,8.397940008672037
N#Cc1ccc(N(CCn2ccc3cc(O)ccc32)n2cnnc2)cc1,CHEMBL5434606,active,8.494985759915894
N#Cc1ccc(N(CCn2ccc3cc(OS(N)(=O)=O)ccc32)n2cnnc2)cc1,CHEMBL3622065,active,8.568958054664115
N#Cc1ccc(N(CSc2ccc(O)cc2)n2cnnc2)cc1,CHEMBL5412353,active,8.770062314092065
N#Cc1ccc(N(CSc2ccc(OS(N)(=O)=O)cc2)n2cnnc2)cc1,CHEMBL5425142,active,8.260032303240491
N#Cc1ccc(N(CSc2cccc(O)c2)n2cnnc2)cc1,CHEMBL5410657,active,9.419987887470576
N#Cc1ccc(N(CSc2cccc(OS(N)(=O)=O)c2)n2cnnc2)cc1,CHEMBL5428080,active,8.409046764812015
N#Cc1ccc(N(Cc2c(Cl)cc(O)cc2Cl)n2cnnc2)cc1,CHEMBL5402384,active,8.638083381331356
N#Cc1ccc(N(Cc2c(Cl)cc(OS(N)(=O)=O)cc2Cl)n2cnnc2)cc1,CHEMBL5402413,active,9.221993538576491
N#Cc1ccc(N(Cc2c(F)c(F)c(O)c(F)c2F)n2cnnc2)cc1,CHEMBL226891,active,6.798602875679548
N#Cc1ccc(N(Cc2c(F)cc(O)cc2F)n2cnnc2)cc1,CHEMBL5404820,active,8.886056647693163
N#Cc1ccc(N(Cc2c(F)cc(OS(N)(=O)=O)cc2F)n2cnnc2)cc1,CHEMBL5395326,active,8.886056647693163
N#Cc1ccc(N(Cc2c[nH]c3ccc(O)cc23)n2cnnc2)cc1,CHEMBL5419258,active,7.795880017344075
N#Cc1ccc(N(Cc2cc(Cl)c(O)c(Cl)c2)n2cnnc2)cc1,CHEMBL226843,active,8.119186407719209
N#Cc1ccc(N(Cc2ccc(Br)c(O)c2)n2cnnc2)cc1,CHEMBL226947,active,9.30102999566398
N#Cc1ccc(N(Cc2ccc(Br)c(OS(N)(=O)=O)c2)n2cnnc2)cc1,CHEMBL226893,active,8.4089353929735
N#Cc1ccc(N(Cc2ccc(Br)cc2)n2cnnc2)cc1,CHEMBL108425,active,9.920818753952377
N#Cc1ccc(N(Cc2ccc(Br)cc2)n2cnnc2)cc1-c1ccc(OS(N)(=O)=O)cc1,CHEMBL1672975,active,10.30102999566398
N#Cc1ccc(N(Cc2ccc(C(F)(F)F)c(O)c2)n2cnnc2)cc1,CHEMBL226999,active,9.397940008672036
N#Cc1ccc(N(Cc2ccc(Cl)c(O)c2)n2cnnc2)cc1,CHEMBL226946,active,9.744727494896694
N#Cc1ccc(N(Cc2ccc(Cl)c(OS(N)(=O)=O)c2)n2cnnc2)cc1,CHEMBL390077,active,9.036212172654444
N#Cc1ccc(N(Cc2ccc(F)c(O)c2)n2cnnc2)cc1,CHEMBL390079,active,9.221848749616356
N#Cc1ccc(N(Cc2ccc(F)c(OS(N)(=O)=O)c2)n2cnnc2)cc1,CHEMBL226892,active,9.113509274827518
N#Cc1ccc(N(Cc2ccc(O)c(Br)c2)n2cnnc2)cc1,CHEMBL388506,active,8.958607314841775
N#Cc1ccc(N(Cc2ccc(O)c(C#N)c2)n2cnnc2)cc1,CHEMBL226841,active,7.619788758288394
N#Cc1ccc(N(Cc2ccc(O)c(C(F)(F)F)c2)n2cnnc2)cc1,CHEMBL226842,active,9.05551732784983
N#Cc1ccc(N(Cc2ccc(O)c(C(F)F)c2)n2ccnc2)cc1,CHEMBL5413848,active,8.823908740944319
N#Cc1ccc(N(Cc2ccc(O)c(Cl)c2)n2cnnc2)cc1,CHEMBL226789,active,8.602059991327963
N#Cc1ccc(N(Cc2ccc(O)c(F)c2)n2cnnc2)cc1,CHEMBL226738,active,8.537602002101044
N#Cc1ccc(N(Cc2ccc(O)c(F)c2F)n2cnnc2)cc1,CHEMBL5401946,active,8.1739900222089
N#Cc1ccc(N(Cc2ccc(O)c(I)c2)n2cnnc2)cc1,CHEMBL226790,active,9.481486060122112
N#Cc1ccc(N(Cc2ccc(O)cc2)n2cnnc2)cc1,CHEMBL388291,active,7.638272163982407
N#Cc1ccc(N(Cc2ccc(O)cc2Br)n2cnnc2)cc1,CHEMBL5412669,active,8.95900230757651
N#Cc1ccc(N(Cc2ccc(O)cc2Cl)n2cnnc2)cc1,CHEMBL5431758,active,8.523023534240473
N#Cc1ccc(N(Cc2ccc(O)cc2F)n2ccnc2)cc1,CHEMBL5425028,active,10.552997101533837
N#Cc1ccc(N(Cc2ccc(O)cc2F)n2cnnc2)cc1,CHEMBL5436006,active,8.409046764812015
N#Cc1ccc(N(Cc2ccc(OS(N)(=O)=O)c(Br)c2)n2cnnc2)cc1,CHEMBL108483,active,9.086186147616283
N#Cc1ccc(N(Cc2ccc(OS(N)(=O)=O)c(Br)c2)n2cnnc2)cc1-c1ccccc1,CHEMBL1672979,active,10.744727494896694
N#Cc1ccc(N(Cc2ccc(OS(N)(=O)=O)c(C#N)c2)n2cnnc2)cc1,CHEMBL226737,active,7.568636235841013
N#Cc1ccc(N(Cc2ccc(OS(N)(=O)=O)c(C(F)F)c2)n2cnnc2)cc1,CHEMBL5395694,active,8.357041120590209
N#Cc1ccc(N(Cc2ccc(OS(N)(=O)=O)c(Cl)c2)n2cnnc2)cc1,CHEMBL322322,active,8.638272163982407
N#Cc1ccc(N(Cc2ccc(OS(N)(=O)=O)c(Cl)c2)n2cnnc2)cc1-c1ccccc1,CHEMBL1672978,active,10.82390874094432
N#Cc1ccc(N(Cc2ccc(OS(N)(=O)=O)c(F)c2)n2cnnc2)cc1,CHEMBL108646,active,7.920818753952375
N#Cc1ccc(N(Cc2ccc(OS(N)(=O)=O)c(F)c2)n2cnnc2)cc1-c1ccccc1,CHEMBL1672977,active,9.82390874094432
N#Cc1ccc(N(Cc2ccc(OS(N)(=O)=O)c(F)c2F)n2cnnc2)cc1,CHEMBL5411834,active,8.14898639317633
N#Cc1ccc(N(Cc2ccc(OS(N)(=O)=O)c(I)c2)n2cnnc2)cc1,CHEMBL390496,active,8.823908740944319
N#Cc1ccc(N(Cc2ccc(OS(N)(=O)=O)cc2)n2cnnc2)cc1,CHEMBL430879,active,7.0
N#Cc1ccc(N(Cc2ccc(OS(N)(=O)=O)cc2)n2cnnc2)cc1-c1ccc(F)cc1,CHEMBL1672981,active,9.327902142064282
N#Cc1ccc(N(Cc2ccc(OS(N)(=O)=O)cc2)n2cnnc2)cc1-c1ccccc1,CHEMBL1672976,active,9.67778070526608
N#Cc1ccc(N(Cc2ccc(OS(N)(=O)=O)cc2Br)n2cnnc2)cc1,CHEMBL5413431,active,8.585026652029182
N#Cc1ccc(N(Cc2ccc(OS(N)(=O)=O)cc2Cl)n2cnnc2)cc1,CHEMBL5402193,active,7.744968836654449
N#Cc1ccc(N(Cc2ccc(OS(N)(=O)=O)cc2F)n2ccnc2)cc1,CHEMBL3623232,active,9.69897000433602
N#Cc1ccc(N(Cc2ccc(OS(N)(=O)=O)cc2F)n2cnnc2)cc1,CHEMBL4465348,active,9.69897000433602
N#Cc1ccc(N(Cc2ccc3c(Br)c(O)ccc3c2)n2cnnc2)cc1,CHEMBL5408436,active,10.0
N#Cc1ccc(N(Cc2ccc3c(Br)c(OS(N)(=O)=O)ccc3c2)n2cnnc2)cc1,CHEMBL3622064,active,9.602059991327964
N#Cc1ccc(N(Cc2ccc3c(Cl)c(O)ccc3c2)n2cnnc2)cc1,CHEMBL5398997,active,8.419987887470576
N#Cc1ccc(N(Cc2ccc3c(Cl)c(OS(N)(=O)=O)ccc3c2)n2cnnc2)cc1,CHEMBL3622063,active,8.6779875614176
N#Cc1ccc(N(Cc2ccc3cc(O)ccc3c2)n2cnnc2)cc1,CHEMBL5397563,active,7.853871964321762
N#Cc1ccc(N(Cc2ccc3cc(OS(N)(=O)=O)ccc3c2)n2cnnc2)cc1,CHEMBL3622062,active,7.509058794643213
N#Cc1ccc(N(Cc2cccc(O)c2)n2cnnc2)cc1,CHEMBL390078,active,8.55284196865778
N#Cc1ccc(N(Cc2cccc(OS(N)(=O)=O)c2)n2cnnc2)cc1,CHEMBL325346,active,7.4089353929735005
N#Cc1ccc(N(Cc2ccccc2)n2cnnc2)cc1-c1ccc(OS(N)(=O)=O)cc1,CHEMBL1672974,active,10.0
N#Cc1ccc(N(Cc2nc3ccc(O)cc3o2)n2cnnc2)cc1,CHEMBL5437662,active,7.795880017344075
N#Cc1ccc(N(n2cnnc2)C(F)(F)c2ccc(O)cc2)cc1,CHEMBL5435398,active,6.526995035732729
N#Cc1ccc(N(n2cnnc2)C(F)(F)c2ccc(OS(N)(=O)=O)cc2)cc1,CHEMBL5421908,intermediate,5.9940005935609495
N#Cc1ccc(OCc2cn(C(c3ccc(C#N)cc3)c3ccc(C#N)cc3)nn2)cc1,CHEMBL1824750,intermediate,5.333482019445119
N#Cc1ccc(OCc2cn(C(c3ccccc3)c3ccccc3)nn2)cc1,CHEMBL1824764,inactive,4.7848914189469065
N#Cc1ccc(OCc2cn(Cc3ccccc3)nn2)cc1,CHEMBL1825045,intermediate,5.866461091629782
N#Cc1ccc(Oc2ccc3c(Cn4ccnc4)cc(=O)oc3c2)cc1,CHEMBL1688907,active,6.785156151952302
N#Cc1ccc(Oc2cccnc2)c(Oc2cccc(Cl)c2)c1,CHEMBL1956180,active,6.640164517660112
N#Cc1ccc(Oc2cccnc2)cc1,CHEMBL1956171,active,6.539102157243452
N#Cc1ccc(Oc2cccnc2)cc1C#N,CHEMBL1728910,intermediate,5.298432014944073
N#Cc1ccc(Oc2cccnc2)cc1NCc1ccccc1,CHEMBL1956175,active,6.006123085058789
N#Cc1ccc(Oc2cccnc2)cc1Oc1cccnc1,CHEMBL1956179,active,6.517126416391246
N#Cc1ccc(S(=O)(=O)N2CCCC(Cn3ccnc3)C2)c(Cl)c1,CHEMBL3806282,active,7.102372908709558
N#Cc1ccc(S(=O)(=O)N2CCCC(Cn3ccnc3)C2)cc1,CHEMBL3806046,active,7.443697499232712
N#Cc1ccc(S(=O)(=O)NCc2ccc(CNS(=O)(=O)c3ccc(C#N)cc3)cc2)cc1,CHEMBL4527809,active,6.180456064458132
N#Cc1ccc(S(=O)(=O)NCc2cccc(CNS(=O)(=O)c3ccc(C#N)cc3)c2)cc1,CHEMBL4444996,active,6.795880017344075
N#Cc1ccc(S(=O)(=O)Nc2ccc(/N=N/c3ccccc3)cc2)cc1,CHEMBL4847316,intermediate,5.102372908709558
N#Cc1ccc([C@@H](c2ccc(O)c(Br)c2)n2cncn2)cc1,CHEMBL500976,active,8.468521082957745
N#Cc1ccc([C@@H](c2ccc(OS(N)(=O)=O)c(Br)c2)n2cncn2)cc1,CHEMBL480321,active,7.844663962534938
N#Cc1ccc([C@@H](c2coc3ccccc3c2=O)n2ccnc2)cc1,CHEMBL451201,active,6.200659450546418
N#Cc1ccc([C@@H]2CCCc3cncn32)cc1,CHEMBL31215,active,8.494850021680094
N#Cc1ccc([C@H](c2ccc(O)c(Br)c2)n2cncn2)cc1,CHEMBL453736,active,9.221848749616356
N#Cc1ccc([C@H](c2ccc(OS(N)(=O)=O)c(Br)c2)n2cncn2)cc1,CHEMBL479559,active,8.494850021680094
N#Cc1ccc([C@H](c2coc3ccccc3c2=O)n2ccnc2)cc1,CHEMBL225079,active,6.959991363986458
N#Cc1ccc([C@H]2CCCCc3cncn32)c(F)c1,CHEMBL3099683,intermediate,5.958607314841775
N#Cc1ccc([C@H]2CCCc3cncn32)cc1,CHEMBL287677,active,6.167491087293763
N#Cc1ccc([C@H]2CCc3cncn32)c(F)c1,CHEMBL3099695,active,6.067526235322847
N#Cc1ccc2[nH]c(-c3ccccc3)cc2c1,CHEMBL509962,intermediate,5.476253533188435
N#Cc1ccc2[nH]c(-c3cccnc3)cc2c1,CHEMBL4207850,inactive,4.939302159646388
N#Cc1ccc2c(c1)/C(=C/c1c[nH]cn1)CCC2,CHEMBL177413,active,6.013228265733755
N#Cc1ccc2c(c1)/C(=C\c1c[nH]cn1)CCC2,CHEMBL177274,active,6.091514981121351
N#Cc1ccc2c(c1)CC/C2=C/c1ncc[nH]1,CHEMBL175091,active,7.823908740944319
N#Cc1ccc2c(c1)CC/C2=C\c1c[nH]cn1,CHEMBL177921,active,6.924453038607469
N#Cc1ccc2c(c1)CCC/C2=C/c1c[nH]cn1,CHEMBL367483,active,6.903089986991944
N#Cc1ccc2c(c1)CCC=C2n1ccnc1,CHEMBL31224,active,8.538051504796238
N#Cc1ccc2cc(-c3cccnc3)ccc2c1,CHEMBL196796,inactive,4.443697499232712
N#Cc1cccc(-c2nsc(-c3cccc(C#N)c3)n2)c1,CHEMBL1939549,inactive,4.301029995663981
N#Cc1cccc(C2CC(=O)c3ccc4ccccc4c3O2)c1,CHEMBL258257,intermediate,5.863279432843593
N#Cc1cccc(CN(c2ccc([N+](=O)[O-])c(-c3ccccc3)c2)n2cnnc2)c1,CHEMBL4546916,active,7.136023216095613
N#Cc1cccc(CN(c2ccc([N+](=O)[O-])c(Br)c2)n2cnnc2)c1,CHEMBL4568674,active,7.2400301424456925
N#Cc1cccc(COc2ccc(C(=O)Cn3ccnc3)cc2)c1,CHEMBL3359963,intermediate,5.340464092845783
N#Cc1cccc(Cn2ccnc2)c1,CHEMBL163922,intermediate,5.430000267796054
N#Cc1ccccc1-c1ccc(Cn2cncn2)cc1,CHEMBL5394486,inactive,0.6690000000040651
N#Cc1ccccc1-c1cccc(Cn2cncn2)c1,CHEMBL5438879,active,8.153972324635621
N#Cc1ccccc1CN(c1ccc([N+](=O)[O-])c(Br)c1)n1cnnc1,CHEMBL4564168,active,7.230253532820546
N#Cc1ccccc1Cn1ccnc1,CHEMBL374934,active,7.320027305722581
N=C(N)NS(=O)(=O)c1ccc(N/C=C\C(=O)c2ccc3c(c2)Nc2ccccc2S3)cc1,CHEMBL4077259,intermediate,5.014573525916998
NCCOc1ccc(/C(=C(/Cn2cnnc2)c2ccccc2)c2ccc(O)cc2)cc1,CHEMBL3422043,active,6.145693958198919
NCCOc1ccc(/C(=C(\CCCl)c2ccccc2)c2ccc(O)cc2)cc1,CHEMBL3422036,active,6.844663962534939
NCCOc1ccc(/C(=C(\Cn2ccnc2)c2ccccc2)c2ccc(O)cc2)cc1,CHEMBL3422041,active,7.772113295386326
NCCOc1ccc(/C(=C(\Cn2cncn2)c2ccccc2)c2ccc(O)cc2)cc1,CHEMBL3422042,active,6.7594507517174005
NCCOc1ccc(/C(=C(\Cn2cnnc2)c2ccccc2)c2ccc(O)cc2)cc1,CHEMBL3422044,active,6.155522824254319
NCCOc1ccc(/C(=C/c2ccccc2)c2ccc(O)cc2)cc1,CHEMBL3422034,intermediate,5.201349354554731
NCCOc1ccc(/C(=C2\CCc3ccccc32)c2ccc(O)cc2)cc1,CHEMBL3422045,active,6.30715308072277
NCCOc1ccc(C(=C(c2ccccc2)c2ccccc2)c2ccc(O)cc2)cc1,CHEMBL3422039,intermediate,5.714442690992226
NS(=O)(=O)Oc1ccc(-c2cccc(Cn3cncn3)c2)cc1,CHEMBL598629,active,6.560667306169737
NS(=O)(=O)Oc1ccc(-c2cccc(Cn3cncn3)c2)cc1Cl,CHEMBL598009,active,7.154901959985743
NS(=O)(=O)Oc1ccc(C(c2ccc(Cl)cc2)n2cncn2)cc1Br,CHEMBL5429338,active,8.602059991327963
NS(=O)(=O)Oc1ccc(C(c2ccc(OS(N)(=O)=O)c(Br)c2)n2cncn2)cc1Br,CHEMBL479928,active,7.366531544420414
NS(=O)(=O)Oc1ccc(C(c2ccc(OS(N)(=O)=O)cc2)n2cncn2)cc1,CHEMBL479942,intermediate,5.522878745280337
NS(=O)(=O)Oc1ccc(CC(c2ccc(Cl)cc2)n2cncn2)cc1,CHEMBL5422332,active,7.409046764812015
NS(=O)(=O)Oc1ccc(CC(c2ccc(Cl)cc2)n2cncn2)cc1Br,CHEMBL5413153,active,8.853871964321762
NS(=O)(=O)Oc1ccc(CN(c2cc(F)cc(F)c2)n2cnnc2)cc1,CHEMBL5400682,active,6.118997873412474
NS(=O)(=O)Oc1ccc(CN(c2ccc3c(c2)OC(F)(F)O3)n2cnnc2)cc1,CHEMBL5434794,intermediate,5.391000351721097
NS(=O)(=O)Oc1ccc(CN(c2ccccc2)n2cnnc2)cc1,CHEMBL5400554,intermediate,5.605000543109659
NS(=O)(=O)Oc1ccc2c3c(c(=O)oc2c1)CCCCC3,CHEMBL286738,active,6.522878745280337
NS(=O)(=O)Oc1cccc(C(c2cccc(OS(N)(=O)=O)c2)n2cncn2)c1,CHEMBL479737,active,7.00436480540245
N[C@@H]1CCN(Cc2cc(O)c3cc(F)ccc3n2)C[C@H]1O,CHEMBL4474808,inactive,4.679853713888946
Nc1ccc(-c2ccc(Cc3ccncc3)cc2)cc1,CHEMBL1215665,inactive,4.610833915635467
Nc1ccc(-c2ccc(Cc3ccncc3)cc2)cc1N,CHEMBL1173327,inactive,4.60977163753087
Nc1ccc(-c2cccnc2)c(OCc2ccccc2)c1,CHEMBL3421764,active,6.349692476868063
Nc1ccc(-c2nsc(-c3ccc(N)cc3)n2)cc1,CHEMBL1939552,inactive,4.576754126063192
Nc1ccc(/C=C/c2cc(N)cc(N)c2)cc1,CHEMBL1171091,intermediate,5.070070439915412
Nc1ccc(/C=C/c2cc(O)cc(O)c2)cc1,CHEMBL1172402,intermediate,5.355999865446176
Nc1ccc(/C=C/c2ccc3c(c2)OCO3)cc1,CHEMBL1173130,intermediate,5.071092309756048
Nc1ccc(/C=C/c2cccc(N)c2)cc1,CHEMBL1171628,intermediate,5.126679398184601
Nc1ccc(/C=C/c2ccccc2)cc1,CHEMBL69011,inactive,4.6579999748624346
Nc1ccc(C(=O)Cn2ccnc2)cc1,CHEMBL162431,intermediate,5.735182176990463
Nc1ccc(C(CCCc2c[nH]cn2)c2ccc(N)cc2)cc1,CHEMBL5397559,inactive,4.58499992703721
Nc1ccc(C(Cn2ccnc2)=C(c2ccc(O)cc2)c2ccc(O)cc2)cc1,CHEMBL4755831,active,8.280668713016274
Nc1ccc(C(Cn2cncn2)=C(c2ccc(O)cc2)c2ccc(O)cc2)cc1,CHEMBL4750835,active,6.982966660701219
Nc1ccc(C(Cn2cnnc2)=C(c2ccc(O)cc2)c2ccc(O)cc2)cc1,CHEMBL4745681,active,7.752026733638194
Nc1ccc(C(O)Cn2ccnc2)cc1,CHEMBL1191848,intermediate,5.274000211607626
Nc1ccc(C2(C3CCCC3)CCC(=O)NC2=O)cc1,CHEMBL305483,intermediate,5.920818753952375
Nc1ccc(C2(C3CCCCC3)CCC(=O)NC2=O)cc1,CHEMBL70901,active,6.823908740944319
Nc1ccc(C23CC(C2)C(=O)N(C2CCCCC2)C3=O)cc1,CHEMBL27467,active,7.886056647693163
Nc1ccc(C23CC(C2)C(=O)N(CC2CCCCC2)C3=O)cc1,CHEMBL27546,active,7.013228265733755
Nc1ccc(C23CC(C2)C(=O)N(Cc2ccccc2)C3=O)cc1,CHEMBL5426628,active,7.013004460275618
Nc1ccc(C23CC(C2)C(=O)NC3=O)cc1,CHEMBL26543,intermediate,5.699000406013823
Nc1ccc(C23CC2C(=O)N(CC2CCCCC2)C3=O)cc1,CHEMBL281947,active,8.301029995663981
Nc1ccc(C23CC2C(=O)N(Cc2ccccc2)C3=O)cc1,CHEMBL369603,intermediate,5.698970004336019
Nc1ccc(C23CC2C(=O)NC3=O)cc1,CHEMBL287574,intermediate,5.7447274948966935
Nc1ccc(C2CC(=O)NC2=O)cc1,CHEMBL148903,inactive,4.991399828238082
Nc1ccc(C2CCC(=O)NC2=O)cc1,CHEMBL28880,inactive,3.5228787452803374
Nc1ccc(CCc2cccc(N)c2)cc1,CHEMBL1172396,intermediate,5.493494967595128
Nc1ccc(Cn2ccnc2)c2c(=O)c3ccccc3oc12,CHEMBL2333337,intermediate,5.194295295566136
Nc1ccc([C@@]23C[C@@H]2C(=O)NC3=O)cc1,CHEMBL27386,active,6.0
Nc1ccc([C@]23C[C@H]2C(=O)NC3=O)cc1,CHEMBL27767,inactive,3.109578981199086
Nc1cccc(-c2ccc(Cc3ccncc3)cc2)c1,CHEMBL1171987,intermediate,5.548213564475709
Nc1cccc(/C=C/c2ccc3c(c2)OCO3)c1,CHEMBL1173129,inactive,4.660349842386316
Nc1cccc(/C=C/c2ccccc2)c1,CHEMBL1642686,intermediate,5.374999488594053
Nc1cccc(C(Cn2ccnc2)=C(c2ccc(O)cc2)c2ccc(O)cc2)c1,CHEMBL4761359,active,6.357535479757878
Nc1cccc(S(=O)(=O)NCc2cccc(CNS(=O)(=O)c3cccc(N)c3)c2)c1,CHEMBL4448018,intermediate,5.481486060122113
Nc1ncc(/C=C2\CCc3ccccc3C2=O)s1,CHEMBL355681,inactive,3.6020599913279625
O=C(/C=C/c1ccc(O)c(O)c1)OC[C@H]1O[C@@H](OCCc2ccc(O)c(O)c2)[C@H](O)[C@@H](O)[C@@H]1O,CHEMBL518414,inactive,4.452225294612178
O=C(/C=C/c1ccc(O)c(O)c1)OC[C@H]1O[C@@H](OCCc2ccc(O)c(O)c2)[C@H](O[C@@H]2OC[C@](O)(CO)[C@H]2O)[C@@H](O)[C@@H]1O,CHEMBL1689258,inactive,4.490797477668897
O=C(/C=C/c1ccc(O)c(O)c1)O[C@H]1[C@H](O)[C@@H](CO)O[C@@H](OCCc2ccc(O)c(O)c2)[C@@H]1O[C@@H]1OC[C@](O)(CO)[C@H]1O,CHEMBL1689259,inactive,4.571865205971212
O=C(/C=C/c1ccc(O)c(O)c1)O[C@H]1[C@H](O)[C@@H](O[C@@H]2OC[C@](O)(CO)[C@H]2O)[C@H](OCCc2ccc(O)cc2)O[C@@H]1CO,CHEMBL1689257,inactive,4.512861624522813
O=C(/C=C/c1ccc(O)cc1)c1ccc(O)cc1O,CHEMBL129795,intermediate,5.42021640338319
O=C(/C=C/c1ccc(O)cc1O)c1ccc(O)cc1O,CHEMBL394855,active,7.397940008672037
O=C(/C=C/c1ccccc1)c1ccc(O)cc1,CHEMBL276473,inactive,4.5140000615126485
O=C(/C=C\Nc1ccc(S(=O)(=O)Nc2ccccn2)cc1)c1cc2ccccc2oc1=O,CHEMBL3941042,inactive,4.90204892900585
O=C(/C=C\Nc1ccc(S(=O)(=O)Nc2ccccn2)cc1)c1ccc2c(c1)Nc1ccccc1S2,CHEMBL4098604,intermediate,5.173925197299173
O=C(/C=C\Nc1ccc(S(=O)(=O)Nc2ccnn2-c2ccccc2)cc1)c1cc2ccccc2oc1=O,CHEMBL3959541,intermediate,5.293367549126705
O=C(/C=C\Nc1ccc(S(=O)(=O)Nc2cnc3ccccc3n2)cc1)c1ccc2c(c1)Nc1ccccc1S2,CHEMBL4068601,intermediate,5.050609993355087
O=C(/C=C\Nc1ccc(S(=O)(=O)Nc2nccs2)cc1)c1ccc2c(c1)Nc1ccccc1S2,CHEMBL4060208,intermediate,5.246416941107094
O=C(C(=Cc1ccccc1)n1cncn1)c1ccc(Cl)cc1Cl,CHEMBL1784788,active,6.355561410532162
O=C(CCc1ccc(O)c(Cl)c1)NCc1csc(=O)[nH]1,CHEMBL4453737,inactive,4.66354026615147
O=C(CCc1ccc(O)c(O)c1)c1c(O)cc(O)cc1O,CHEMBL492818,intermediate,5.553000204756657
O=C(CCc1ccc(O)cc1)c1c(O)cc(O)cc1O,CHEMBL45068,intermediate,5.58499992703721
O=C(CCc1ccc(O)cc1)c1ccccc1O,CHEMBL491692,inactive,4.460999972162774
O=C(CCn1ccnc1)NC[C@H]1CC[C@H](c2ncncc2-c2ccccn2)CC1,CHEMBL1784797,intermediate,5.508638306165727
O=C(Cc1ccc(F)cc1)N1CCOC(Cn2ccnc2)C1,CHEMBL1784811,active,7.462180904926726
O=C(Cc1ccc2c(c1)OCO2)N1CCOC(Cn2ccnc2)C1,CHEMBL1784812,active,7.330683119433888
O=C(Cc1cccnc1)OC12CC3CC(CC(C3)C1)C2,CHEMBL135037,intermediate,5.051000057562973
O=C(Cc1ccncc1)OC12CC3CC(CC(C3)C1)C2,CHEMBL104047,active,7.051000545973047
O=C(Cc1ccncc1)OC1=CC2CCC1C2,CHEMBL103040,active,6.468521082957745
O=C(Cc1ccncc1)OC1CCCC1,CHEMBL105289,intermediate,5.638272163982407
O=C(Cc1ccncc1)OC1CCCCC1,CHEMBL102409,active,6.522994572586506
O=C(Cc1ccncc1)O[C@H]1C[C@H]2CC[C@@H]1C2,CHEMBL5428947,active,6.468993954885645
O=C(Cc1ccncc1)Oc1ccccc1,CHEMBL323546,inactive,4.856999884771624
O=C(Cn1ccnc1)Nc1ccccc1Oc1ccc(F)cc1,CHEMBL1784798,active,6.605548319173784
O=C(Cn1ccnc1)c1ccc(OCc2ccc(OC(F)(F)F)cc2)cc1,CHEMBL3359964,intermediate,5.08097423541264
O=C(Cn1ccnc1)c1ccc(OCc2cccc(OC(F)(F)F)c2)cc1,CHEMBL3359961,intermediate,5.232473100591618
O=C(Cn1ccnc1)c1ccc(OCc2cccc([N+](=O)[O-])c2)cc1,CHEMBL3359962,intermediate,5.43086027452754
O=C(Cn1ccnc1)c1ccc(OCc2ccccc2)cc1,CHEMBL3359960,intermediate,5.347753658996677
O=C(Cn1ccnc1)c1ccc(OCc2cccnc2)cc1,CHEMBL3359965,inactive,4.497395374526333
O=C(Cn1ccnc1)c1ccc([N+](=O)[O-])cc1,CHEMBL162549,active,6.721246399047171
O=C(Cn1ccnc1)c1cccc(OCc2ccccc2)c1,CHEMBL3359959,inactive,4.7578562772989175
O=C(Cn1cncn1)NC(CCc1ccccc1)c1ccc2c(c1)OCCO2,CHEMBL1784793,active,6.003926345514724
O=C(NCc1ccccc1)OC(Cn1ccnc1)c1ccccc1,CHEMBL4858552,active,6.086186147616283
O=C(NCc1cccnc1)C12CC3CC(CC(C3)C1)C2,CHEMBL109347,intermediate,5.49499933607313
O=C(NCc1ccncc1)C12CC3CC(CC(C3)C1)C2,CHEMBL114447,intermediate,5.824001400317809
O=C(Nc1ccc(Cl)cc1)OC(COc1ccccc1)Cn1ccnc1,CHEMBL4874326,active,6.0655015487564325
O=C(Nc1ccc([N+](=O)[O-])cc1OCc1ccccc1)C1CCCCC1,CHEMBL260955,inactive,4.6020599913279625
O=C(Nc1ccc([N+](=O)[O-])cc1OCc1ccccc1)c1ccc(-c2ccccc2)cc1,CHEMBL270488,inactive,4.6020599913279625
O=C(Nc1ccc([N+](=O)[O-])cc1OCc1ccccc1)c1ccc(Cl)c(Cl)c1,CHEMBL273049,inactive,4.6020599913279625
O=C(Nc1ccc([N+](=O)[O-])cc1OCc1ccccc1)c1ccc(Cl)c([N+](=O)[O-])c1,CHEMBL260098,inactive,4.6020599913279625
O=C(Nc1ccc([N+](=O)[O-])cc1OCc1ccccc1)c1ccc([N+](=O)[O-])cc1,CHEMBL409448,inactive,4.6020599913279625
O=C(Nc1ccc([N+](=O)[O-])cc1OCc1ccccc1)c1ccc2ccccc2c1,CHEMBL269877,inactive,4.6020599913279625
O=C(Nc1ccc([N+](=O)[O-])cc1OCc1ccccc1)c1cccc([N+](=O)[O-])c1,CHEMBL270301,inactive,4.6020599913279625
O=C(Nc1ccc([N+](=O)[O-])cc1OCc1ccccc1)c1ccccc1,CHEMBL407953,inactive,4.6020599913279625
O=C(Nc1ccc2[nH]ncc2c1)[C@]12ON=C(c3cccnc3)[C@H]1[C@@H]1CC[C@H]2C1,CHEMBL5184829,inactive,5.0
O=C(O)[C@@H]1Cc2c([nH]c3ccccc23)CN1Cc1ccc(O)cc1,CHEMBL1915403,inactive,4.978810700930062
O=C(O)c1cc(S(=O)(=O)N2CCCC(Cn3ccnc3)C2)ccc1O,CHEMBL3804849,active,6.4698003017969175
O=C(O)c1ccc(C2CCCc3cncn32)cc1,CHEMBL163413,active,6.0
O=C(OC[C@@H](O)[C@@H](O)COC(=O)/C(Cc1ccc(O)cc1)=N\O)/C(Cc1ccc(O)cc1)=N\O,CHEMBL1088570,inactive,4.0
O=C(OCc1cccnc1)C12CC3CC(CC(C3)C1)C2,CHEMBL113647,intermediate,5.0970001384638906
O=C(OCc1ccncc1)C12CC3CC(CC(C3)C1)C2,CHEMBL113242,active,6.236999022944533
O=C(c1ccc(-c2ccccc2)cc1)c1cc([N+](=O)[O-])ccc1Cn1ccnc1,CHEMBL243756,active,7.752026733638194
O=C(c1ccc(-c2ccccc2)cc1)c1cccc(Cn2ccnc2)c1,CHEMBL243961,active,8.275724130399212
O=C(c1ccc(-c2ccccc2)cc1)c1ccccc1Cn1ccnc1,CHEMBL243960,active,6.585026652029182
O=C(c1ccc(Cn2ccnc2)cc1)c1ccc(-c2ccccc2)cc1,CHEMBL5273068,intermediate,5.596707854841746
O=C(c1ccc(O)cc1)c1ccc(Cn2ccnc2)cc1,CHEMBL5275747,intermediate,5.958607314841775
O=C(c1ccc(O)cc1)c1cccc(Cn2ccnc2)c1,CHEMBL5266533,active,7.886056647693163
O=C(c1ccccc1)c1cc(Br)ccc1Cn1ccnc1,CHEMBL242454,active,6.3979400086720375
O=C(c1ccccc1)c1cc(Cn2ccnc2)ccc1[N+](=O)[O-],CHEMBL388930,active,7.508638306165727
O=C(c1ccccc1)c1cc([N+](=O)[O-])ccc1Cn1ccnc1,CHEMBL243755,active,7.586700235918748
O=C(c1ccccc1)c1ccc(Cn2ccnc2)cc1,CHEMBL223176,active,7.320027305722581
O=C(c1ccccc1)c1cccc(Cn2ccnc2)c1,CHEMBL397728,active,8.136677139879543
O=C(c1ccccc1)c1ccccc1Cn1ccnc1,CHEMBL244795,active,6.251811972993799
O=C(c1ccccc1)c1nnc2n1-c1c(F)cc(-c3cccnc3)cc1CC2,CHEMBL3415163,inactive,5.0
O=C1/C(=C/c2c[nH]cn2)CCc2ccccc21,CHEMBL168434,active,6.585026652029182
O=C1/C(=C/c2cc[nH]n2)CCc2ccccc21,CHEMBL415753,inactive,4.744999979509871
O=C1/C(=C/c2cccc(OCCCn3ccnc3)c2)Cc2ccccc21,CHEMBL2235953,active,6.154901959985743
O=C1/C(=C/c2ccccc2)CCc2ccccc21,CHEMBL28689,inactive,3.6020599913279625
O=C1/C(=C/c2ccccc2OCCCn2ccnc2)Cc2ccccc21,CHEMBL2235952,intermediate,5.958607314841775
O=C1/C(=C/c2ccccn2)CCc2ccccc21,CHEMBL424203,inactive,3.6020599913279625
O=C1/C(=C/c2cccnc2)CCc2ccccc21,CHEMBL168636,intermediate,5.036212172654444
O=C1/C(=C/c2cccnn2)CCc2ccccc21,CHEMBL166709,inactive,3.6020599913279625
O=C1/C(=C/c2ccncc2)C(c2ccccc2)Oc2ccccc21,CHEMBL10026,active,6.096910013008056
O=C1/C(=C/c2ccncc2)CCc2c(O)cccc21,CHEMBL92488,active,6.161150909262744
O=C1/C(=C/c2ccncc2)CCc2c1ccc1c2CCCC1,CHEMBL376039,inactive,5.0
O=C1/C(=C/c2ccncc2)CCc2cc(O)ccc21,CHEMBL91992,intermediate,5.06599975808587
O=C1/C(=C/c2ccncc2)CCc2ccc(O)cc21,CHEMBL313774,intermediate,5.523000364762793
O=C1/C(=C/c2ccncc2)CCc2ccccc21,CHEMBL90585,intermediate,5.337242168318426
O=C1/C(=C/c2ccncc2)Cc2c(O)cccc21,CHEMBL284934,inactive,4.657577319177793
O=C1/C(=C/c2ccncc2)Cc2cc(O)ccc21,CHEMBL26065,inactive,4.721246399047171
O=C1/C(=C/c2ccncc2)Cc2ccccc21,CHEMBL23150,inactive,4.6020599913279625
O=C1/C(=C/c2ccnnc2)CCc2ccccc21,CHEMBL424556,inactive,3.987162775294828
O=C1/C(=C/c2ccsc2)CCc2ccccc21,CHEMBL166974,inactive,3.6020599913279625
O=C1/C(=C/c2cnccn2)CCc2ccccc21,CHEMBL413344,inactive,4.42021640338319
O=C1/C(=C/c2cncs2)CCc2ccccc21,CHEMBL169086,intermediate,5.958998355870358
O=C1/C(=C\c2c[nH]cn2)CCc2ccccc21,CHEMBL169251,active,6.769551078621726
O=C1/C(=C\c2cccnc2)C(c2ccc(Cl)cc2)Cn2cccc21,CHEMBL1098737,active,6.958607314841775
O=C1/C(=C\c2cccnc2)C(c2ccc(OC(F)(F)F)cc2)n2cccc21,CHEMBL1095413,active,7.397940008672037
O=C1/C(=C\c2cccnc2)C(c2ccccc2)n2cccc21,CHEMBL3099734,intermediate,5.522878745280337
O=C1/C(=C\c2ccncc2)C(c2ccc(Cl)cc2)Cn2cccc21,CHEMBL9165,active,6.823908740944319
O=C1/C(=C\c2ccncc2)C(c2ccccc2)Oc2ccccc21,CHEMBL10072,intermediate,5.481486060122113
O=C1/C(=C\c2ccncc2)C(c2ccccc2)c2ccccc21,CHEMBL9179,active,6.096910013008056
O=C1/C(=C\c2ccncc2)C(c2ccccc2)n2cccc21,CHEMBL3099735,active,6.187086643357144
O=C1/C(=C\c2ccncc2)CCc2ccccc21,CHEMBL388959,inactive,4.920000156997057
O=C1/C(=C\c2ccncc2)Cc2c(O)cccc21,CHEMBL5412410,inactive,4.6579999748624346
O=C1/C(=C\c2ccncc2)Cc2ccccc21,CHEMBL285973,intermediate,5.259999900311453
O=C1CC(c2ccc(O)c(O)c2)Oc2cc(O)cc(O)c21,CHEMBL307893,active,6.222000779291768
O=C1CC(c2ccc(O)cc2)Oc2c1ccc1ccccc21,CHEMBL256665,active,6.200659450546418
O=C1CC(c2ccc(O)cc2)Oc2cc(O)cc(O)c21,CHEMBL32571,inactive,4.040999986937588
O=C1CC(c2cccc(O)c2)Oc2c1ccc1ccccc21,CHEMBL439241,active,6.214670164989233
O=C1CC(c2cccc(O)c2)Oc2cc(O)ccc21,CHEMBL255110,intermediate,5.468521082957745
O=C1CC(c2ccccc2)Oc2c1ccc1ccccc21,CHEMBL404225,intermediate,5.366531544420414
O=C1CC(c2ccccc2)Oc2cc(O)ccc21,CHEMBL97542,intermediate,5.620000528471499
O=C1CC(c2ccccc2)Oc2ccccc21,CHEMBL274318,intermediate,5.096910013008056
O=C1CC(c2ccncc2)Cc2ccccc21,CHEMBL5398511,inactive,4.6579999748624346
O=C1CCc2cc(-c3cccnc3)c(O)cc2N1,CHEMBL2165313,intermediate,5.512437439743622
O=C1CCc2cc(-c3cccnc3)c(OC3CCCC3)cc2N1,CHEMBL2165318,active,6.790484985457369
O=C1CCc2cc(-c3cccnc3)c(OCc3ccccc3)cc2N1,CHEMBL2165320,active,7.455931955649724
O=C1CCc2cc(-c3cccnc3)cc(-c3ccccc3)c2N1,CHEMBL2165323,active,6.404503778174426
O=C1CCc2cc(-c3cccnc3)cc(-c3cccnc3)c2N1,CHEMBL2165324,active,6.020451625295905
O=C1CCc2cc(-c3cccnc3)cc(-c3ccsc3)c2N1,CHEMBL2165325,active,6.560667306169737
O=C1CCc2cc(-c3cccnc3)cc(Br)c2N1,CHEMBL2165322,intermediate,5.537452271197336
O=C1CCc2cc(-c3cccnc3)ccc2N1,CHEMBL62811,intermediate,5.301029995663981
O=C1CCc2cc(C(C3CC3)n3ccnc3)cc3c2N1CC3,CHEMBL2163639,active,6.642065152999546
O=C1CCc2cc(C(O)(c3ccccc3)c3ccncc3)cc3c2N1CC3,CHEMBL2312953,active,6.978810700930062
O=C1CCc2cc(C(O)c3cccnc3)cc3c2N1CC3,CHEMBL2312964,intermediate,5.301029995663981
O=C1CCc2cc(C(O)c3ccncc3)cc3c2N1CC3,CHEMBL2312948,intermediate,5.301029995663981
O=C1CCc2cc(C(c3ccc(F)cc3)c3cccnc3)cc3c2N1CC3,CHEMBL2312972,active,6.853871964321762
O=C1CCc2cc(C(c3ccccc3)c3cccnc3)cc3c2N1CC3,CHEMBL2312968,intermediate,5.671620396561262
O=C1CCc2cc(C(c3ccccc3)c3ccncc3)cc3c2N1CC3,CHEMBL2312954,active,6.055517327849832
O=C1CCc2cc(C(c3cccnc3)c3cccc(Cl)c3)cc3c2N1CC3,CHEMBL2312971,intermediate,5.8696662315049934
O=C1CCc2cc(C(c3ccncc3)C3CCCCC3)cc3c2N1CC3,CHEMBL2312952,active,7.130768280269024
O=C1CCc2cc(C(c3ccncc3)c3cc(C(F)(F)F)cc(C(F)(F)F)c3)cc3c2N1CC3,CHEMBL2312963,active,6.609064892896621
O=C1CCc2cc(C(c3ccncc3)c3ccc(Cl)cc3)cc3c2N1CC3,CHEMBL2312961,active,7.259637310505756
O=C1CCc2cc(C(c3ccncc3)c3ccc(F)cc3)cc3c2N1CC3,CHEMBL2312959,active,6.935542010773082
O=C1CCc2cc(C(c3ccncc3)c3cccc(Cl)c3)cc3c2N1CC3,CHEMBL2312960,active,7.721246399047171
O=C1CCc2cc(C(c3ccncc3)c3cccc(F)c3)cc3c2N1CC3,CHEMBL2312958,active,7.130768280269024
O=C1CCc2cc(Cc3cccnc3)cc3c2N1CC3,CHEMBL2312965,intermediate,5.476253533188435
O=C1CCc2cc(Cc3ccncc3)cc3c2N1CC3,CHEMBL2311553,intermediate,5.671620396561262
O=C1C[C@@H](c2ccc(O)c(O)c2)Oc2cc(O)ccc21,CHEMBL451168,intermediate,5.017728766960431
O=C1C[C@@H](c2ccc(O)cc2)Oc2cc(O)cc(O)c21,CHEMBL9352,active,8.537602002101044
O=C1C[C@@H](c2ccc(O)cc2)Oc2cc(O)ccc21,CHEMBL252642,active,6.468521082957745
O=C1C[C@@H](c2ccc(O)cc2O)Oc2cc(O)cc(O)c21,CHEMBL458395,intermediate,5.657577319177793
O=C1C[C@@H](c2ccccc2)Oc2cc(O)cc(O)c21,CHEMBL399910,active,6.045757490560675
O=C1Nc2ccccc2C1(c1[nH]c2ccccc2c1CCNS(=O)(=O)c1ccc(Cl)cc1)c1[nH]c2ccccc2c1CCNS(=O)(=O)c1ccc(Cl)cc1,CHEMBL4166769,intermediate,5.080921907623926
O=C1Nc2ccccc2C1(c1[nH]c2ccccc2c1CCNS(=O)(=O)c1cccc([N+](=O)[O-])c1)c1[nH]c2ccccc2c1CCNS(=O)(=O)c1cccc([N+](=O)[O-])c1,CHEMBL4174670,inactive,4.924453038607469
O=C1Nc2ccccc2C1(c1[nH]c2ccccc2c1CCNS(=O)(=O)c1ccccc1[N+](=O)[O-])c1[nH]c2ccccc2c1CCNS(=O)(=O)c1ccccc1[N+](=O)[O-],CHEMBL4168266,intermediate,5.008773924307505
O=C1OC[C@H](Cc2ccc(O)c(O)c2)[C@H]1Cc1ccc(O)c(O)c1,CHEMBL369471,active,8.221848749616356
O=C1OC[C@H](Cc2ccccc2)[C@H]1Cc1cccc(O)c1,CHEMBL1094154,active,8.221848749616356
O=C1c2c(O)cc(O)cc2O[C@H](c2ccc(O)cc2)[C@H]1O,CHEMBL9323,active,7.397940008672037
O=C1c2c(O)cc(O)cc2O[C@H](c2ccc(O)cc2O)[C@H]1O,CHEMBL463453,active,7.397940008672037
O=C1c2c(O)ccc(O)c2C(=O)c2c(NCCCO)ccc(NCCCO)c21,CHEMBL4568316,inactive,4.958607314841775
O=C1c2c(ccc3ccccc23)OCC1c1ccc(Oc2ccccc2)cc1,CHEMBL3105524,inactive,3.721246399047171
O=C1c2c(ccc3ccccc23)OCC1c1ccccc1,CHEMBL2011176,inactive,4.698970004336019
O=C1c2cc(Br)ccc2OCC1c1ccccc1,CHEMBL2011189,inactive,4.537602002101044
O=C1c2cc(Cl)ccc2OCC1c1ccccc1,CHEMBL2011188,intermediate,5.292429823902063
O=C1c2cc(F)ccc2OCC1c1ccccc1,CHEMBL2011187,inactive,4.494850021680094
O=C1c2cc(F)ccc2OCC1c1cccnc1,CHEMBL3105528,active,6.096910013008056
O=C1c2cc(O)ccc2CCC1Cc1ccncc1,CHEMBL90077,intermediate,5.309999839831227
O=C1c2ccc(O)cc2CC1Cc1ccncc1,CHEMBL24279,intermediate,5.032000180820781
O=C1c2ccc(O)cc2CCC1Cc1ccncc1,CHEMBL91818,intermediate,5.208000052636861
O=C1c2ccc(Oc3ccccc3)cc2OC(SCc2cccnc2)C1c1ccccc1,CHEMBL1096744,active,6.6777807052660805
O=C1c2ccc3c(c2CCC1Cc1ccncc1)CCCC3,CHEMBL5430600,intermediate,5.328000100377192
O=C1c2cccc(F)c2OCC1c1ccccc1,CHEMBL3105517,inactive,4.823908740944319
O=C1c2cccc(F)c2OCC1c1cccnc1,CHEMBL3105527,inactive,4.173277479831008
O=C1c2cccc(O)c2CC1Cc1ccncc1,CHEMBL22485,intermediate,5.3769999834366455
O=C1c2cccc(O)c2CCC1Cc1ccncc1,CHEMBL93828,active,6.769551078621726
O=C1c2ccccc2-c2nnc(Cn3ccnc3)cc21,CHEMBL387518,inactive,4.575118363368933
O=C1c2ccccc2CC1Cc1ccncc1,CHEMBL23484,inactive,4.769999911123512
O=C1c2ccccc2CCC1C(O)c1cccnn1,CHEMBL169664,inactive,3.6020599913279625
O=C1c2ccccc2CCC1C(O)c1ccncn1,CHEMBL168444,inactive,4.569000069616974
O=C1c2ccccc2CCC1C(O)c1ccnnc1,CHEMBL168762,inactive,3.6020599913279625
O=C1c2ccccc2CCC1C(O)c1cnccn1,CHEMBL169449,inactive,3.6020599913279625
O=C1c2ccccc2CCC1CCc1ccncc1,CHEMBL5400347,intermediate,5.328000100377192
O=C1c2ccccc2CCC1Cc1ccncc1,CHEMBL92065,intermediate,5.367000431492456
O=C1c2ccccc2CCC1c1ccncc1,CHEMBL5405284,intermediate,5.131000161513581
O=C1c2ccccc2OC(O)C1c1ccccc1,CHEMBL2011191,inactive,3.769551078621726
O=C1c2ccccc2OCC1c1cc(F)cc(F)c1,CHEMBL3105522,inactive,4.698970004336019
O=C1c2ccccc2OCC1c1ccc(F)cc1,CHEMBL3105521,inactive,4.481486060122112
O=C1c2ccccc2OCC1c1ccc(O)c(O)c1,CHEMBL2011193,inactive,3.6989700043360174
O=C1c2ccccc2OCC1c1ccc(O)cc1,CHEMBL2011192,inactive,3.795880017344075
O=C1c2ccccc2OCC1c1ccc(Oc2ccccc2)cc1,CHEMBL2011177,intermediate,5.619788758288394
O=C1c2ccccc2OCC1c1cccc(F)c1,CHEMBL3105520,inactive,4.455931955649724
O=C1c2ccccc2OCC1c1ccccc1,CHEMBL2011171,inactive,4.537602002101044
O=C1c2ccccc2OCC1c1ccccc1F,CHEMBL3105519,inactive,4.619788758288394
O=C1c2ccccc2OCC1c1cccnc1,CHEMBL2011186,intermediate,5.236572006437063
O=C1c2ccccc2OCC1c1ccsc1,CHEMBL2011185,inactive,4.522878745280337
O=Cc1c(Cn2ccnc2)c2cc([N+](=O)[O-])ccc2n1Cc1ccccc1,CHEMBL496777,active,6.72056121171298
O=Cc1ccc(OCc2cn(-c3ccc(S(=O)(=O)NCCc4ccccc4)cc3)nn2)cc1,CHEMBL2430510,intermediate,5.102372908709558
O=S(=O)(C(F)F)N1CCN(c2ccc(OC[C@@H]3CO[C@@](Cn4ccnc4)(c4ccc(Cl)cc4Cl)O3)cc2)CC1,CHEMBL3968178,intermediate,5.42021640338319
O=S(=O)(C1CC1)N1CCN(c2ccc(/C=C/c3cc(F)cc(-c4ccncc4)c3)cc2)CC1,CHEMBL4126996,inactive,5.0
O=S(=O)(C1CC1)N1CCN(c2ccc(OC[C@@H]3CO[C@@](Cn4ccnc4)(c4ccc(Cl)cc4Cl)O3)cc2)CC1,CHEMBL3922888,intermediate,5.739928612014925
O=S(=O)(C1CC2OC1C(c1ccc(-n3ccnc3)cc1)=C2c1ccc(O)cc1)N(CC(F)(F)F)c1ccccc1,CHEMBL5413340,active,6.625765047847423
O=S(=O)(C1CC2OC1C(c1ccc(-n3cncn3)cc1)=C2c1ccc(O)cc1)N(CC(F)(F)F)c1ccccc1,CHEMBL5404063,active,7.423313194799005
O=S(=O)(C1CCOCC1)N1CCN(c2ccc(OC[C@@H]3CO[C@@](Cn4ccnc4)(c4ccc(Cl)cc4Cl)O3)cc2)CC1,CHEMBL3931836,intermediate,5.906578314837765
O=S(=O)(Cc1ccccc1)NCCc1c[nH]c2ccccc12,CHEMBL4464506,active,6.1249387366083
O=S(=O)(Cc1ccccc1)Nc1ccc2[nH]ccc2c1,CHEMBL4537791,active,6.795880017344075
O=S(=O)(N1CCN(c2ccc(/C=C/c3cc(F)cc(-c4ccncc4)c3)cc2)CC1)C(F)(F)F,CHEMBL4128368,active,6.0
O=S(=O)(N1CCN(c2ccc(OC[C@@H]3CO[C@@](Cn4ccnc4)(c4ccc(Cl)cc4Cl)O3)cc2)CC1)C(F)(F)F,CHEMBL3938615,active,6.102372908709558
O=S(=O)(NCCCn1ccnc1)c1ccc2c(c1)OCCO2,CHEMBL1784789,active,6.924453038607469
O=S(=O)(NCCc1c(C(c2ccc(Br)cc2)c2[nH]c3ccccc3c2CCNS(=O)(=O)c2ccc(C(F)(F)F)cc2)[nH]c2ccccc12)c1ccc(C(F)(F)F)cc1,CHEMBL4160591,intermediate,5.468521082957745
O=S(=O)(NCCc1c(C(c2ccc(Br)cc2)c2[nH]c3ccccc3c2CCNS(=O)(=O)c2ccc(Cl)cc2)[nH]c2ccccc12)c1ccc(Cl)cc1,CHEMBL4171198,intermediate,5.568636235841013
O=S(=O)(NCCc1c(C(c2ccc(C(F)(F)F)cc2)c2[nH]c3ccccc3c2CCNS(=O)(=O)c2ccc(Br)cc2)[nH]c2ccccc12)c1ccc(Br)cc1,CHEMBL4159184,intermediate,5.42021640338319
O=S(=O)(NCCc1c(C(c2ccc(C(F)(F)F)cc2)c2[nH]c3ccccc3c2CCNS(=O)(=O)c2ccc(C(F)(F)F)cc2)[nH]c2ccccc12)c1ccc(C(F)(F)F)cc1,CHEMBL4174326,intermediate,5.638272163982407
O=S(=O)(NCCc1c(C(c2ccc(C(F)(F)F)cc2)c2[nH]c3ccccc3c2CCNS(=O)(=O)c2ccc(Cl)cc2)[nH]c2ccccc12)c1ccc(Cl)cc1,CHEMBL4163649,intermediate,5.494850021680094
O=S(=O)(NCCc1c(C(c2ccc(F)cc2)c2[nH]c3ccccc3c2CCNS(=O)(=O)c2ccc(Br)cc2)[nH]c2ccccc12)c1ccc(Br)cc1,CHEMBL4169756,intermediate,5.119186407719209
O=S(=O)(NCCc1c(C(c2ccc(F)cc2)c2[nH]c3ccccc3c2CCNS(=O)(=O)c2ccc(C(F)(F)F)cc2)[nH]c2ccccc12)c1ccc(C(F)(F)F)cc1,CHEMBL4167098,intermediate,5.356547323513812
O=S(=O)(NCCc1c(C(c2ccc(F)cc2)c2[nH]c3ccccc3c2CCNS(=O)(=O)c2ccc(Cl)cc2)[nH]c2ccccc12)c1ccc(Cl)cc1,CHEMBL4159101,intermediate,5.267606240177032
O=S(=O)(NCCc1c(C(c2ccc(O)cc2)c2[nH]c3ccccc3c2CCNS(=O)(=O)c2ccc(C(F)(F)F)cc2)[nH]c2ccccc12)c1ccc(C(F)(F)F)cc1,CHEMBL4170504,intermediate,5.886056647693163
O=S(=O)(NCCc1c(C(c2ccc(O)cc2)c2[nH]c3ccccc3c2CCNS(=O)(=O)c2ccc(Cl)cc2)[nH]c2ccccc12)c1ccc(Cl)cc1,CHEMBL4166016,intermediate,5.853871964321762
O=S(=O)(NCCc1c(C(c2ccc3c(c2)Cc2ccccc2-3)c2[nH]c3ccccc3c2CCNS(=O)(=O)c2ccc(Cl)cc2)[nH]c2ccccc12)c1ccc(Cl)cc1,CHEMBL4162907,intermediate,5.055517327849831
O=S(=O)(NCCc1c(C(c2ccccc2O)c2[nH]c3ccccc3c2CCNS(=O)(=O)c2ccc(Cl)cc2)[nH]c2ccccc12)c1ccc(Cl)cc1,CHEMBL4169784,intermediate,5.376750709602099
O=S(=O)(NCCc1c[nH]c2ccccc12)c1ccccc1,CHEMBL1371590,active,6.698970004336019
O=S(=O)(NCCc1ccccc1)c1ccc(-n2cc(-c3ccccc3)nn2)cc1,CHEMBL2430505,inactive,4.903089986991944
O=S(=O)(NCCc1ccccc1)c1ccc(-n2cc(COc3ccc4ccccc4c3)nn2)cc1,CHEMBL2430508,intermediate,5.886056647693163
O=S(=O)(NCCc1ccccc1)c1ccc(-n2cc(COc3cccc4ccccc34)nn2)cc1,CHEMBL2430507,intermediate,5.468521082957745
O=S(=O)(NCCc1ccccc1)c1ccc(-n2cc(COc3ccccc3)nn2)cc1,CHEMBL2430506,intermediate,5.026872146400302
O=S(=O)(NCc1cccc(CNS(=O)(=O)c2ccc(Br)cc2)c1)c1ccc(Br)cc1,CHEMBL4590541,active,7.221848749616356
O=S(=O)(NCc1cccc(CNS(=O)(=O)c2ccc(C(F)(F)F)cc2)c1)c1ccc(C(F)(F)F)cc1,CHEMBL4556427,active,6.366531544420414
O=S(=O)(NCc1cccc(CNS(=O)(=O)c2ccc(Cl)cc2)c1)c1ccc(Cl)cc1,CHEMBL4460718,active,7.301029995663981
O=S(=O)(NCc1cccc(CNS(=O)(=O)c2ccc(F)cc2)c1)c1ccc(F)cc1,CHEMBL4536389,intermediate,5.6595558851598815
O=S(=O)(NCc1cccc(CNS(=O)(=O)c2ccc3ccccc3c2)c1)c1ccc2ccccc2c1,CHEMBL4462178,active,6.6777807052660805
O=S(=O)(Nc1cccc(NS(=O)(=O)c2ccc(Cl)cc2)c1)c1ccc(Cl)cc1,CHEMBL4446561,active,6.107905397309519
O=S(=O)(Oc1ccc(Br)cc1)C1CC2OC1C(c1ccc(-n3ccnc3)cc1)=C2c1ccc(O)cc1,CHEMBL5412790,active,8.886056647693163
O=S(=O)(Oc1ccc(Br)cc1)C1CC2OC1C(c1ccc(-n3cncn3)cc1)=C2c1ccc(O)cc1,CHEMBL5421409,active,8.45842075605342
O=S(=O)(Oc1ccc(C(F)(F)F)cc1)C1CC2OC1C(c1ccc(-n3ccnc3)cc1)=C2c1ccc(O)cc1,CHEMBL5433442,active,9.045757490560677
O=S(=O)(Oc1ccc(C(F)(F)F)cc1)C1CC2OC1C(c1ccc(-n3cncn3)cc1)=C2c1ccc(O)cc1,CHEMBL5405944,active,8.679853713888946
O=S(=O)(Oc1ccc(Cl)cc1)C1CC2OC1C(c1ccc(-n3cncn3)cc1)=C2c1ccc(O)cc1,CHEMBL5408038,active,8.10790539730952
O=S(=O)(Oc1ccc(F)cc1)C1CC2OC1C(c1ccc(-n3ccnc3)cc1)=C2c1ccc(O)cc1,CHEMBL5422315,active,7.260981754116519
O=S(=O)(Oc1ccc(F)cc1)C1CC2OC1C(c1ccc(O)cc1)=C2c1ccc(-n2ccnc2)cc1,CHEMBL5401146,active,6.958291579108564
O=S(=O)(Oc1ccc2ccccc2c1)C1CC2OC1C(c1ccc(-n3ccnc3)cc1)=C2c1ccc(O)cc1,CHEMBL5400803,active,7.810790510417694
O=S(=O)(Oc1cccc(Br)c1)C1CC2OC1C(c1ccc(-n3ccnc3)cc1)=C2c1ccc(O)cc1,CHEMBL5403786,active,6.573082286119185
O=S(=O)(Oc1cccc(Br)c1)C1CC2OC1C(c1ccc(O)cc1)=C2c1ccc(-n2ccnc2)cc1,CHEMBL5410004,active,6.482540173459768
O=S(=O)(Oc1cccc(C(F)(F)F)c1)C1CC2OC1C(c1ccc(-n3ccnc3)cc1)=C2c1ccc(O)cc1,CHEMBL5426175,active,6.995678626217358
O=S(=O)(Oc1cccc2ccccc12)C1CC2OC1C(c1ccc(-n3ccnc3)cc1)=C2c1ccc(O)cc1,CHEMBL5411799,active,8.366531544420413
O=S(=O)(Oc1ccccc1)C1CC2OC1C(c1ccc(-n3ccnc3)cc1)=C2c1ccc(O)cc1,CHEMBL5418690,active,6.490797477668897
O=S(=O)(Oc1ccccc1Br)C1CC2OC1C(c1ccc(-n3ccnc3)cc1)=C2c1ccc(O)cc1,CHEMBL5436925,active,6.986152004128169
O=S(=O)(Oc1ccccc1C(F)(F)F)C1CC2OC1C(c1ccc(-n3ccnc3)cc1)=C2c1ccc(O)cc1,CHEMBL5402392,active,6.705533773838407
O=S(=O)(c1ccc(F)c(Cl)c1)N1CCCC(Cn2ccnc2)C1,CHEMBL3805481,active,7.853871964321762
O=S(=O)(c1ccc(F)c(F)c1)N1CCCC(Cn2ccnc2)C1,CHEMBL3806159,active,7.366531544420414
O=S(=O)(c1ccc(F)c(F)c1F)N1CCCC(Cn2ccnc2)C1,CHEMBL3805839,active,7.337242168318426
O=S(=O)(c1ccc(F)cc1)N1CCCC(Cn2ccnc2)C1,CHEMBL3805048,active,7.292429823902063
O=S(=O)(c1ccc(OC2CCCC2)c(F)c1)N1CCCC(Cn2ccnc2)C1,CHEMBL3805539,active,7.657577319177793
O=S(=O)(c1ccc(OC2CCCC2)cc1)N1CCCC(Cn2ccnc2)C1,CHEMBL3805733,active,7.853871964321762
O=S(=O)(c1ccc2c(c1)OCCO2)N1CCCC(Cn2ccnc2)C1,CHEMBL3805211,active,7.886056647693163
O=S(=O)(c1ccc2nsnc2c1)N1CCCC(Cn2ccnc2)C1,CHEMBL3805851,active,8.154901959985743
O=S(=O)(c1cccc(OC(F)(F)F)c1)N1CCN(c2ccc(/C=C/c3cc(Cl)cc(Cn4ccnc4)c3)cc2)CC1,CHEMBL4288256,inactive,5.0
O=S(=O)(c1cccc2nsnc12)N1CCCC(Cn2ccnc2)C1,CHEMBL3806151,active,7.267606240177032
O=S(=O)(c1cccs1)N1CCN(c2ccc(OC[C@@H]3CO[C@@](Cn4ccnc4)(c4ccc(Cl)cc4Cl)O3)cc2)CC1,CHEMBL3960724,inactive,5.0
O=[N+]([O-])c1cc(-c2cc([N+](=O)[O-])cc([N+](=O)[O-])c2)cc([N+](=O)[O-])c1,CHEMBL5417830,intermediate,5.367000431492456
O=[N+]([O-])c1ccc(-c2cccnc2)c(OCCCc2ccccc2)c1,CHEMBL3421767,active,6.863279432843593
O=[N+]([O-])c1ccc(-c2cccnc2)c(OCCc2ccccc2)c1,CHEMBL3421766,active,7.1249387366083
O=[N+]([O-])c1ccc(-c2cccnc2)c(OCc2ccccc2)c1,CHEMBL3421765,active,6.835647144215563
O=[N+]([O-])c1ccc(-c2ccncc2)c(OCCCc2ccccc2)c1,CHEMBL3421770,intermediate,5.30163843394489
O=[N+]([O-])c1ccc(-c2ccncc2)c(OCCc2ccccc2)c1,CHEMBL3421769,intermediate,5.722620025332746
O=[N+]([O-])c1ccc(-c2ccncc2)c(OCc2ccccc2)c1,CHEMBL3421768,intermediate,5.615288257061717
O=[N+]([O-])c1ccc(-c2nsc(-c3ccc([N+](=O)[O-])cc3)n2)cc1,CHEMBL1939547,inactive,4.301029995663981
O=[N+]([O-])c1ccc(/C=C/c2cccc([N+](=O)[O-])c2)cc1,CHEMBL1173131,intermediate,5.079354998593212
O=[N+]([O-])c1ccc(C(CCCc2c[nH]cn2)c2ccc([N+](=O)[O-])cc2)cc1,CHEMBL5423378,inactive,4.698999971689156
O=[N+]([O-])c1ccc(C(O)(c2ccccc2)c2cncnc2)cc1,CHEMBL28800,active,6.5690063480624525
O=[N+]([O-])c1ccc(C(c2[nH]c3ccccc3c2CCNS(=O)(=O)c2ccc(Br)cc2)c2[nH]c3ccccc3c2CCNS(=O)(=O)c2ccc(Br)cc2)cc1,CHEMBL4174637,intermediate,5.568636235841013
O=[N+]([O-])c1ccc(C(c2[nH]c3ccccc3c2CCNS(=O)(=O)c2ccc(C(F)(F)F)cc2)c2[nH]c3ccccc3c2CCNS(=O)(=O)c2ccc(C(F)(F)F)cc2)cc1,CHEMBL4159524,intermediate,5.3979400086720375
O=[N+]([O-])c1ccc(C(c2[nH]c3ccccc3c2CCNS(=O)(=O)c2ccc(F)cc2)c2[nH]c3ccccc3c2CCNS(=O)(=O)c2ccc(F)cc2)cc1,CHEMBL4163983,intermediate,5.455931955649724
O=[N+]([O-])c1ccc(C(c2cc3ccc(O)cc3o2)n2cncn2)cc1,CHEMBL202231,active,7.221993538576491
O=[N+]([O-])c1ccc(C(c2ccc([N+](=O)[O-])cc2)n2ccnc2)cc1,CHEMBL135606,active,7.398048595866478
O=[N+]([O-])c1ccc(CCn2ccnc2)cc1,CHEMBL1098425,active,6.795880017344075
O=[N+]([O-])c1ccc(Cc2cccnc2)c(OCCc2ccccc2)c1,CHEMBL3421785,active,6.892790030352131
O=[N+]([O-])c1ccc(Cc2ccncc2)c(OCCc2ccccc2)c1,CHEMBL3421786,active,6.804100347590766
O=[N+]([O-])c1ccc(Cn2ccnc2)c(Oc2ccccc2)c1,CHEMBL1083653,active,7.941194513324093
O=[N+]([O-])c1ccc(Cn2ccnc2)c(Sc2ccccc2)c1,CHEMBL1085936,active,8.252588192113576
O=[N+]([O-])c1ccc(Cn2ccnc2)cc1,CHEMBL13784,active,7.550059011226662
O=[N+]([O-])c1ccc(N(Cc2ccc(Br)cc2)n2cnnc2)cc1,CHEMBL4520995,active,9.920818753952377
O=[N+]([O-])c1ccc(N(Cc2ccc(C(F)(F)F)cc2)n2cnnc2)cc1-c1ccccc1,CHEMBL4560281,active,7.838033383635925
O=[N+]([O-])c1ccc(N(Cc2ccc(C(F)(F)F)cc2)n2cnnc2)cc1Br,CHEMBL4526798,active,7.361011840656318
O=[N+]([O-])c1ccc(N(Cc2ccc(Cl)cc2)n2cnnc2)cc1Br,CHEMBL4574913,active,8.04498609696195
O=[N+]([O-])c1ccc(N(Cc2cccc(C(F)(F)F)c2)n2cnnc2)cc1-c1ccccc1,CHEMBL4556775,active,7.758951849328356
O=[N+]([O-])c1ccc(N(Cc2cccc(C(F)(F)F)c2)n2cnnc2)cc1Br,CHEMBL4514474,active,7.759950227887352
O=[N+]([O-])c1ccc(N(Cc2ccccc2)n2cnnc2)cc1-c1ccccc1,CHEMBL4592407,active,7.5201368869769025
O=[N+]([O-])c1ccc(N(Cc2ccccc2)n2cnnc2)cc1Br,CHEMBL4536893,active,7.400444409014019
O=[N+]([O-])c1ccc(NC(=S)NCc2cccc(CNC(=S)Nc3ccc([N+](=O)[O-])cc3)c2)cc1,CHEMBL2299368,active,6.096910013008056
O=[N+]([O-])c1ccc(Nn2cnnc2)cc1Br,CHEMBL4547558,active,7.042249089122721
O=[N+]([O-])c1ccc(OCc2cn(-c3ccc(S(=O)(=O)NCCc4ccccc4)cc3)nn2)cc1,CHEMBL2430511,intermediate,5.537602002101044
O=[N+]([O-])c1ccc(OCc2cn(C(c3ccccc3)c3ccccc3)nn2)cc1,CHEMBL1824765,inactive,4.935167780261426
O=[N+]([O-])c1ccc(OCc2cn(Cc3ccccc3)nn2)cc1,CHEMBL1825046,intermediate,5.555955204081924
O=[N+]([O-])c1ccc(S(=O)(=O)N2CCCC(Cn3ccnc3)C2)cc1C(F)(F)F,CHEMBL3805008,active,7.795880017344075
O=[N+]([O-])c1ccc(S(=O)(=O)NCCc2c(C(c3ccccc3)c3[nH]c4ccccc4c3CCNS(=O)(=O)c3ccc([N+](=O)[O-])cc3)[nH]c3ccccc23)cc1,CHEMBL4172955,inactive,4.950781977329818
O=[N+]([O-])c1ccc(S(=O)(=O)NCCc2c(C(c3ccccc3O)c3[nH]c4ccccc4c3CCNS(=O)(=O)c3ccc([N+](=O)[O-])cc3)[nH]c3ccccc23)cc1,CHEMBL4172837,intermediate,5.552841968657781
O=[N+]([O-])c1ccc(S(=O)(=O)NCc2cccc(CNS(=O)(=O)c3ccc([N+](=O)[O-])cc3)c2)cc1,CHEMBL4570681,active,6.431798275933005
O=[N+]([O-])c1ccc(S(=O)(=O)Nc2ccc([N+](=O)[O-])cc2OCc2ccccc2)cc1,CHEMBL405881,intermediate,5.663540266151471
O=[N+]([O-])c1ccc2[nH]c(-c3ccccc3)cc2c1,CHEMBL469266,intermediate,5.045757490560675
O=[N+]([O-])c1ccc2c(c1)nc(-c1ccccn1)n2CCc1ccncc1,CHEMBL523232,intermediate,5.6777807052660805
O=[N+]([O-])c1cccc(CN(c2ccc([N+](=O)[O-])c(-c3ccccc3)c2)n2cnnc2)c1,CHEMBL4563511,active,7.706416486503883
O=[N+]([O-])c1cccc(CN(c2ccc([N+](=O)[O-])c(Br)c2)n2cnnc2)c1,CHEMBL4575939,active,7.916855856856948
O=[N+]([O-])c1cccc(Cc2nncc3ccccc23)c1,CHEMBL495574,inactive,4.424812155072339
O=[N+]([O-])c1cccc(Cl)c1Oc1cccc(S(=O)(=O)N2CCCC(Cn3ccnc3)C2)c1,CHEMBL3806301,active,8.045757490560675
O=[N+]([O-])c1cccc(S(=O)(=O)NCCc2c(C(c3ccc(O)cc3)c3[nH]c4ccccc4c3CCNS(=O)(=O)c3cccc([N+](=O)[O-])c3)[nH]c3ccccc23)c1,CHEMBL4162572,intermediate,5.638272163982407
O=[N+]([O-])c1cccc(S(=O)(=O)NCCc2c(C(c3ccccc3O)c3[nH]c4ccccc4c3CCNS(=O)(=O)c3cccc([N+](=O)[O-])c3)[nH]c3ccccc23)c1,CHEMBL4176982,intermediate,5.769551078621726
O=[N+]([O-])c1cccc(S(=O)(=O)NCc2cccc(CNS(=O)(=O)c3cccc([N+](=O)[O-])c3)c2)c1,CHEMBL4439561,intermediate,5.560667306169737
O=[N+]([O-])c1ccccc1S(=O)(=O)NCCc1c(C(c2ccccc2O)c2[nH]c3ccccc3c2CCNS(=O)(=O)c2ccccc2[N+](=O)[O-])[nH]c2ccccc12,CHEMBL4166364,intermediate,5.337242168318426
O=[N+]([O-])c1ccccc1S(=O)(=O)NCc1cccc(CNS(=O)(=O)c2ccccc2[N+](=O)[O-])c1,CHEMBL4555477,intermediate,5.43533393574791
O=c1[nH]cc(F)c(=O)[nH]1,CHEMBL185,active,6.200659450546418
O=c1c(-c2ccc(O)cc2)c(SCc2ccncc2)oc2cc(O)ccc12,CHEMBL185950,active,6.552997101533838
O=c1c(-c2ccccc2)c(-n2ccnc2)oc2cc(OCc3ccccc3)ccc12,CHEMBL363493,active,6.2839966563652006
O=c1c(-c2ccccc2)c(SCc2cccnc2)oc2cc(O)ccc12,CHEMBL364326,intermediate,5.444000404604937
O=c1c(-c2ccccc2)c(SCc2ccncc2)oc2cc(O)ccc12,CHEMBL184749,active,6.2149977892920845
O=c1c(-c2ccccc2)c(SCc2ccncc2)oc2cc(OCc3ccc(-c4ccccc4)cc3)ccc12,CHEMBL1094427,active,7.070581074285707
O=c1c(-c2ccccc2)c(SCc2ccncc2)oc2cc(OCc3ccccc3)ccc12,CHEMBL188664,active,6.678008252452735
O=c1c(C(c2ccc([N+](=O)[O-])cc2)n2ccnc2)coc2ccccc12,CHEMBL516643,active,8.638272163982407
O=c1c(Cc2c[nH]cn2)coc2cc(F)ccc12,CHEMBL3793576,intermediate,5.508638306165727
O=c1c(Cc2ccncc2)coc2cc(F)ccc12,CHEMBL3793091,intermediate,5.301029995663981
O=c1c(Cc2ccncc2)coc2ccccc12,CHEMBL3794430,intermediate,5.214670164989233
O=c1c(Cn2ccnc2)c(-c2ccc(Br)cc2)oc2ccccc12,CHEMBL377766,active,6.359995853468939
O=c1c(Cn2ccnc2)c(-c2ccc([N+](=O)[O-])cc2)oc2ccccc12,CHEMBL213588,active,7.349984047528161
O=c1c(Cn2ccnc2)c(-c2ccccc2)oc2ccccc12,CHEMBL213587,active,7.15002808767115
O=c1c(O)c(-c2cc(O)c(O)c(O)c2)oc2cc(O)cc(O)c12,CHEMBL164,inactive,5.0
O=c1c(O)c(-c2ccc(O)c(O)c2)oc2c(O)c(O)cc(O)c12,CHEMBL253570,inactive,4.958607314841775
O=c1c(O)c(-c2ccc(O)c(O)c2)oc2cc(O)cc(O)c12,CHEMBL50,active,7.920818753952375
O=c1c([C@@H](c2ccc(Br)cc2)n2ccnc2)coc2ccccc12,CHEMBL522917,active,7.309981219211305
O=c1c([C@@H](c2ccc([N+](=O)[O-])cc2)n2ccnc2)coc2ccccc12,CHEMBL224665,active,8.639974910810603
O=c1c([C@H](c2ccc(Br)cc2)n2ccnc2)coc2ccccc12,CHEMBL376786,active,6.540004743952609
O=c1c([C@H](c2ccc([N+](=O)[O-])cc2)n2ccnc2)coc2ccccc12,CHEMBL525379,active,7.019996628416254
O=c1c2ccccc2[nH]c2c(Cn3ccnc3)cccc12,CHEMBL3219070,active,7.841637507904751
O=c1c2ccccc2oc2c(-c3ccccc3)ccc(Cn3ccnc3)c12,CHEMBL2333328,active,6.522878745280337
O=c1c2ccccc2oc2c(Br)ccc(Cn3ccnc3)c12,CHEMBL78322,active,6.030002001401658
O=c1c2ccccc2oc2c(Cl)ccc(Cn3ccnc3)c12,CHEMBL2333326,active,6.318758762624412
O=c1c2ccccc2oc2c(Cn3ccnc3)c([N+](=O)[O-])ccc12,CHEMBL1083664,intermediate,5.721246399047171
O=c1c2ccccc2oc2c(Cn3ccnc3)cc([N+](=O)[O-])cc12,CHEMBL1083663,active,7.275724130399211
O=c1c2ccccc2oc2c(Cn3ccnc3)ccc(Br)c12,CHEMBL421829,active,7.051000545973047
O=c1c2ccccc2oc2c(Cn3ccnc3)ccc([N+](=O)[O-])c12,CHEMBL159073,active,7.400007822415902
O=c1c2ccccc2oc2c(Cn3ccnc3)cccc12,CHEMBL1083971,active,7.769551078621726
O=c1c2ccccc2oc2c(I)ccc(Cn3ccnc3)c12,CHEMBL2333327,active,6.337242168318426
O=c1c2ccccc2oc2c(O)ccc(Cn3ccnc3)c12,CHEMBL2333336,active,6.769551078621726
O=c1c2ccccc2oc2c(OC3CCCC3)ccc(Cn3ccnc3)c12,CHEMBL2333335,active,6.585026652029182
O=c1c2ccccc2oc2c(OCC3CC3)ccc(Cn3ccnc3)c12,CHEMBL2333334,active,6.247951552180561
O=c1c2ccccc2oc2c([N+](=O)[O-])ccc(Cn3ccnc3)c12,CHEMBL307160,active,6.013228265733755
O=c1c2ccccc2oc2cc(Cn3ccnc3)ccc12,CHEMBL350922,active,6.409994580348671
O=c1c2ccccc2oc2ccc(Cn3ccnc3)cc12,CHEMBL1083354,intermediate,5.102372908709558
O=c1c2ccccc2oc2cccc(Cn3ccnc3)c12,CHEMBL1083652,active,6.823908740944319
O=c1c2ccccc2sc2c(Cn3ccnc3)ccc([N+](=O)[O-])c12,CHEMBL1083665,active,7.782516055786093
O=c1c2ccccc2sc2c(Cn3ccnc3)cccc12,CHEMBL1083353,active,8.400116927926312
O=c1c2cccnc2oc2c(Cn3ccnc3)ccc([N+](=O)[O-])c12,CHEMBL1083970,active,6.995678626217358
O=c1cc(-c2ccc(O)c(O)c2)oc2cc(O)cc(O)c12,CHEMBL151,intermediate,5.920999747696151
O=c1cc(-c2ccc(O)cc2)oc2cc(O)cc(O)c12,CHEMBL28,active,6.045757490560675
O=c1cc(-c2ccc(O)cc2)oc2cc(O)ccc12,CHEMBL294878,active,8.698970004336019
O=c1cc(-c2ccccc2)oc2c(O)c(O)ccc12,CHEMBL75267,inactive,4.080999982998983
O=c1cc(-c2ccccc2)oc2c1ccc1cccc(O)c12,CHEMBL1097042,active,7.698970004336019
O=c1cc(-c2ccccc2)oc2c1ccc1ccccc12,CHEMBL283196,active,7.154901959985743
O=c1cc(-c2ccccc2)oc2cc(O)c(O)cc12,CHEMBL300814,active,8.060480747381382
O=c1cc(-c2ccccc2)oc2cc(O)cc(O)c12,CHEMBL117,active,9.0
O=c1cc(-c2ccccc2)oc2cc(O)ccc12,CHEMBL276915,active,7.515700160653214
O=c1cc(-c2ccccc2)oc2ccccc12,CHEMBL275638,active,8.096910013008056
O=c1cc(C(c2ccc(Cl)cc2)n2ccnc2)c2ccc(Oc3ccccc3)cc2o1,CHEMBL1688917,active,6.274088367704952
O=c1cc(C(c2ccccc2)n2ccnc2)c2ccc(Oc3ccc(F)c(F)c3)cc2o1,CHEMBL1688916,active,6.498940737782249
O=c1cc(C(c2ccccc2)n2ccnc2)c2ccc(Oc3ccccc3)cc2o1,CHEMBL1688915,active,7.173925197299173
O=c1cc(Cc2ccncc2)oc2cc(F)ccc12,CHEMBL3794417,inactive,5.0
O=c1cc(Cn2ccnc2)c2ccc(Nc3ccccc3)cc2o1,CHEMBL1688912,active,6.978810700930062
O=c1cc(Cn2ccnc2)c2ccc(O)cc2o1,CHEMBL1688913,intermediate,5.425968732272281
O=c1cc(Cn2ccnc2)c2ccc(OCCc3ccccc3)cc2o1,CHEMBL3359956,active,6.1944991418416
O=c1cc(Cn2ccnc2)c2ccc(OCc3cc(F)cc(F)c3)cc2o1,CHEMBL1688900,active,6.772113295386326
O=c1cc(Cn2ccnc2)c2ccc(OCc3ccc(Cl)cc3)cc2o1,CHEMBL1688897,active,6.749579997691106
O=c1cc(Cn2ccnc2)c2ccc(OCc3ccc(F)c(F)c3)cc2o1,CHEMBL1688901,active,6.782516055786093
O=c1cc(Cn2ccnc2)c2ccc(OCc3ccc(F)cc3)cc2o1,CHEMBL1688896,active,6.573488738635425
O=c1cc(Cn2ccnc2)c2ccc(OCc3ccc(OC(F)(F)F)cc3)cc2o1,CHEMBL1688899,active,6.317854923626168
O=c1cc(Cn2ccnc2)c2ccc(OCc3ccc([N+](=O)[O-])cc3)cc2o1,CHEMBL3359953,active,6.412289034981089
O=c1cc(Cn2ccnc2)c2ccc(OCc3cccc(C(F)(F)F)c3)cc2o1,CHEMBL1688892,active,6.628932137728263
O=c1cc(Cn2ccnc2)c2ccc(OCc3cccc(Cl)c3)cc2o1,CHEMBL1688890,active,6.886056647693163
O=c1cc(Cn2ccnc2)c2ccc(OCc3cccc(F)c3)cc2o1,CHEMBL1688891,active,6.94692155651658
O=c1cc(Cn2ccnc2)c2ccc(OCc3cccc(OC(F)(F)F)c3)cc2o1,CHEMBL1688894,active,6.684029654543083
O=c1cc(Cn2ccnc2)c2ccc(OCc3cccc([N+](=O)[O-])c3)cc2o1,CHEMBL1688895,active,6.85078088734462
O=c1cc(Cn2ccnc2)c2ccc(OCc3ccccc3)cc2o1,CHEMBL225499,active,6.823908740944319
O=c1cc(Cn2ccnc2)c2ccc(Oc3cc(F)cc(F)c3)cc2o1,CHEMBL1688910,active,7.154901959985743
O=c1cc(Cn2ccnc2)c2ccc(Oc3ccc(Cl)cc3)cc2o1,CHEMBL1688906,active,6.950781977329818
O=c1cc(Cn2ccnc2)c2ccc(Oc3ccc(F)c(F)c3)cc2o1,CHEMBL1688911,active,7.327902142064283
O=c1cc(Cn2ccnc2)c2ccc(Oc3cccc(Cl)c3)cc2o1,CHEMBL1688903,active,7.142667503568731
O=c1cc(Cn2ccnc2)c2ccc(Oc3cccc(F)c3)cc2o1,CHEMBL1688902,active,7.142667503568731
O=c1cc(Cn2ccnc2)c2ccc(Oc3ccccc3)cc2o1,CHEMBL437731,active,7.327902142064283
O=c1cc(Cn2ccnc2)c2ccccc2o1,CHEMBL427247,intermediate,5.679999195735272
O=c1cc(OCCn2ccnc2)c2ccccc2o1,CHEMBL225178,active,6.119998611678231
O=c1cc(OCc2cn(-c3ccc(S(=O)(=O)N4CCc5ccccc5C4)cc3)nn2)c2ccccc2o1,CHEMBL3264675,inactive,4.903089986991944
O=c1cc(OCc2cn(-c3ccc(S(=O)(=O)NCCc4ccccc4)cc3)nn2)c2ccccc2o1,CHEMBL2430498,intermediate,5.7447274948966935
O=c1cc(OCc2cn(-c3cccc(S(=O)(=O)N4CCc5ccccc5C4)c3)nn2)c2ccccc2o1,CHEMBL3589964,inactive,4.903089986991944
O=c1ccc2c(o1)CCCC2,CHEMBL465435,active,7.397940008672037
O=c1ccc2cc(Cn3ccnc3)ccc2o1,CHEMBL224228,active,6.841637507904751
O=c1ccc2ccc(-c3ccccc3)cc2o1,CHEMBL1650709,inactive,5.0
O=c1ccc2ccc(-c3ccccn3)cc2o1,CHEMBL4099909,inactive,5.0
O=c1ccc2ccc(-c3cccnc3)cc2o1,CHEMBL4098990,active,7.518557371497695
O=c1ccc2ccc(-c3ccncc3)cc2o1,CHEMBL4080965,intermediate,5.585026652029182
O=c1ccc2ccc(Cn3ccnc3)cc2o1,CHEMBL224649,active,6.170001911302621
O=c1ccc2ccc(Cn3cncn3)cc2o1,CHEMBL223929,inactive,4.499999953328896
O=c1ccc2ccc(Cn3cnnc3)cc2o1,CHEMBL5394126,inactive,4.499999953328896
O=c1ccc2ccc(OCCn3ccnc3)cc2o1,CHEMBL390152,inactive,4.499999953328896
O=c1ccc2ccc(OCc3cn(-c4ccc(S(=O)(=O)NCCc5ccccc5)cc4)nn3)cc2o1,CHEMBL2430497,inactive,4.903089986991944
O=c1ccoc2c(Cn3ccnc3)ccc(Br)c12,CHEMBL161530,intermediate,5.679999195735272
O=c1ccoc2c(Cn3ccnc3)ccc([N+](=O)[O-])c12,CHEMBL351167,intermediate,5.95999928552668
O=c1ccoc2cc(Cn3ccnc3)ccc12,CHEMBL158984,active,7.0
O=c1ccoc2cc(Cn3cncn3)ccc12,CHEMBL223607,intermediate,5.430000267796054
O=c1ccoc2cc(Cn3cnnc3)ccc12,CHEMBL157925,intermediate,5.43200021111857
O=c1oc2cc(OCC(O)Cn3cncn3)ccc2c2c1CCC2,CHEMBL1784790,inactive,4.66354026615147
O=c1oc2cc(Oc3ccccc3)ccc2cc1C(c1ccccc1)n1ccnc1,CHEMBL1688919,active,6.504455662453552
O=c1oc2ccccc2c(Cn2ccnc2)c1-c1ccccc1,CHEMBL224786,intermediate,5.290000325166601
OC(Cn1cncn1)(Cn1cncn1)c1ccc(F)cc1F,CHEMBL106,inactive,4.657577319177793
OC(c1ccc(Br)cc1)(c1cncnc1)C1CC1,CHEMBL28465,intermediate,5.267999696132879
OC(c1ccc(Cl)cc1)(c1ccc(C(F)(F)F)cc1)c1cncnc1,CHEMBL28637,active,7.179995693191682
OC(c1ccc(Cl)cc1)(c1ccc(Cl)cc1)c1c[nH]cn1,CHEMBL135921,active,7.552997101533838
OC(c1ccc(Cl)cc1)(c1ccc(Cl)cc1)c1cc[nH]n1,CHEMBL334999,active,7.04599883231843
OC(c1ccc(Cl)cc1)(c1ccc(Cl)cc1)c1cccnc1,CHEMBL135115,active,6.823995608527747
OC(c1ccc(Cl)cc1)(c1ccc(Cl)cc1)c1ccncn1,CHEMBL135633,active,6.491995792170671
OC(c1ccc(Cl)cc1)(c1ccc(Cl)cc1)c1ccsn1,CHEMBL5410574,active,7.721017883134556
OC(c1ccc(Cl)cc1)(c1ccc(Cl)cc1)c1cn[nH]c1,CHEMBL137589,active,7.523023534240472
OC(c1ccc(Cl)cc1)(c1ccc(Cl)cc1)c1cnccn1,CHEMBL336616,active,7.027010773144651
OC(c1ccc(Cl)cc1)(c1ccc(Cl)cc1)c1cncnc1,CHEMBL29904,active,7.14898639317633
OC(c1ccc(Cl)cc1)(c1ccc(Cl)cc1)c1cscn1,CHEMBL5410623,active,8.018000285870121
OC(c1ccc(Cl)cc1)(c1ccc(Cl)cc1)c1ncc[nH]1,CHEMBL135540,active,6.174002988352055
OC(c1ccc(Cl)cc1)(c1cccnc1)c1cc2ccccc2o1,CHEMBL5406056,intermediate,5.367000431492456
OC(c1ccc(Cl)cc1)(c1cccnc1)c1cccc(C(F)(F)F)c1,CHEMBL337750,active,6.186999793145495
OC(c1ccc(Cl)cc1)(c1cncnc1)C1CC1,CHEMBL282525,intermediate,5.244000207396465
OC(c1ccc(Cl)cc1)(c1cncnc1)C1CC2CCC1C2,CHEMBL26207,intermediate,5.1080000615514125
OC(c1ccc(Cl)cc1)(c1cncnc1)C1CCCCC1,CHEMBL282079,intermediate,5.397999728269116
OC(c1ccc(Cl)cc1)(c1cncnc1)c1cccc(Cl)c1,CHEMBL29400,active,6.455994002150566
OC(c1ccc(Cl)cc1)(c1cncnc1)c1cccc(F)c1,CHEMBL286965,intermediate,5.783000630172785
OC(c1ccc(Cl)cc1)(c1cncnc1)c1ccccc1Cl,CHEMBL28971,intermediate,5.387000109034796
OC(c1ccc(F)cc1)(c1ccc(Cl)cc1)c1cncnc1,CHEMBL282325,active,6.744992978208245
OC(c1ccc(F)cc1)(c1ccc(F)cc1)c1cncnc1,CHEMBL28696,active,6.276002823808256
OC(c1ccc(F)cc1)(c1cccnc1)c1cc2ccccc2o1,CHEMBL5423274,intermediate,5.154999997519168
OC(c1ccc(F)cc1)(c1cccnc1)c1ccc(Cl)cc1Cl,CHEMBL135709,active,6.5020066659422975
OC(c1ccc(F)cc1)(c1cncnc1)C1CC1,CHEMBL30081,intermediate,5.3769999834366455
OC(c1ccc(F)cc1)(c1cncnc1)c1cccc(F)c1,CHEMBL28753,intermediate,5.939000146781711
OC(c1ccccc1)(c1ccc(C(F)(F)F)cc1)c1cncnc1,CHEMBL284636,intermediate,5.710001024518514
OC(c1ccccc1)(c1cncnc1)c1ccc(Cl)c(Cl)c1,CHEMBL287393,active,6.0
OC(c1cccnc1)(c1cccc(Cl)c1)c1cccc(Cl)c1,CHEMBL135396,intermediate,5.346999859889158
OC(c1ccncc1)(c1ccc(Cl)cc1)c1ccc(Cl)cc1,CHEMBL335836,active,7.075979299525932
OC(c1cn(Cc2cccc(F)c2)c2ccccc12)n1ccnc1,CHEMBL5410534,active,7.085974348303672
OC(c1cn(Cc2ccccc2Cl)c2ccccc12)n1ccnc1,CHEMBL5394424,active,7.268008550981071
OC(c1cn(Cc2ccccc2F)c2ccccc12)n1ccnc1,CHEMBL5434047,active,8.80106813006779
OCc1cc(-c2ccccc2)nc2c1ccc1[nH]ccc12,CHEMBL2442772,intermediate,5.675306086138225
OCc1ccc(C2CCCc3cncn32)cc1,CHEMBL348913,active,7.844967771209029
Oc1cc(O)cc(-c2cc3ccc(O)cc3o2)c1,CHEMBL512578,active,7.397940008672037
Oc1cc2c(cc1C(c1ccc(F)cc1)n1ccnc1)OCO2,CHEMBL513615,active,8.275724130399212
Oc1cc2c(cc1C(c1ccc3c(c1)OCO3)n1ccnc1)OCO2,CHEMBL459503,active,7.603800652904264
Oc1ccc(-c2ccc(C(O)c3ccncc3)cc2)cc1,CHEMBL1215664,intermediate,5.512861624522813
Oc1ccc(-c2ccc(Cc3ccncc3)cc2)cc1F,CHEMBL1173260,intermediate,5.777283528852417
Oc1ccc(-c2ccc(Cc3ccncc3)cc2)cc1O,CHEMBL1172779,intermediate,5.61261017366127
Oc1ccc(-c2csc(-c3ncccn3)n2)cc1,CHEMBL4227126,intermediate,5.242923735709719
Oc1ccc(-c2nc(-c3cccnc3)c(-c3ccc(Cl)cc3)[nH]2)cc1,CHEMBL509750,active,7.321481620959886
Oc1ccc(-c2nc(-c3cccnc3)cs2)cc1,CHEMBL1957215,inactive,4.9503943874050265
Oc1ccc(-c2nsc(-c3ccc(O)cc3)n2)cc1,CHEMBL1939551,inactive,4.301029995663981
Oc1ccc(/C=C/c2cc(O)cc(O)c2)cc1,CHEMBL165,active,7.397940008672037
Oc1ccc(/C=C/c2cc(O)cc(OCc3ccccc3)c2)cc1,CHEMBL5287750,intermediate,5.568636235841013
Oc1ccc(/C=C\c2cc(O)cc(O)c2)cc1,CHEMBL87333,inactive,4.301029995663981
Oc1ccc(C(=C(Cn2ccnc2)c2ccc(O)c(F)c2)c2ccc(O)cc2)cc1,CHEMBL4753594,active,7.025028005701931
Oc1ccc(C(=C(Cn2ccnc2)c2cccc(O)c2)c2ccc(O)cc2)cc1,CHEMBL4778401,active,7.218963061378868
Oc1ccc(C(=C(Cn2ccnc2)c2ccccc2)c2ccc(O)cc2)cc1,CHEMBL4777271,active,8.321481620959887
Oc1ccc(C(=C(Cn2cncn2)c2ccc(O)c(F)c2)c2ccc(O)cc2)cc1,CHEMBL4764457,intermediate,5.525783735923745
Oc1ccc(C(=C(Cn2cncn2)c2ccccc2)c2ccc(O)cc2)cc1,CHEMBL4797578,active,6.863279432843593
Oc1ccc(C(=C(Cn2cnnc2)c2ccc(O)c(F)c2)c2ccc(O)cc2)cc1,CHEMBL4752568,inactive,4.847711655616943
Oc1ccc(C(Cn2ccnc2)=C(c2ccc(O)cc2)c2ccc(O)cc2)cc1,CHEMBL4780337,active,7.221848749616356
Oc1ccc(C(Cn2cncn2)=C(c2ccc(O)cc2)c2ccc(O)cc2)cc1,CHEMBL4753984,intermediate,5.518557371497695
Oc1ccc(C(Cn2cnnc2)=C(c2ccc(O)cc2)c2ccc(O)cc2)cc1,CHEMBL4749692,inactive,4.903089986991944
Oc1ccc(C(c2cc3cc(Cl)ccc3o2)n2cncn2)cc1,CHEMBL5175025,active,7.519274621011513
Oc1ccc(C(c2ccc(Cl)cc2)n2cncn2)cc1Br,CHEMBL5410011,active,8.638083381331356
Oc1ccc(C(c2ccc(O)c(Br)c2)n2cncn2)cc1Br,CHEMBL480451,active,8.0
Oc1ccc(C(c2ccc(O)cc2)n2cncn2)cc1,CHEMBL480514,active,6.749579997691106
Oc1ccc(C2CC(n3ccnc3)c3ccc4ccccc4c3O2)cc1,CHEMBL1783177,active,7.494850021680094
Oc1ccc(CC(c2ccc(Cl)cc2)n2cncn2)cc1,CHEMBL5413472,active,7.097018600202497
Oc1ccc(CC(c2ccc(Cl)cc2)n2cncn2)cc1Br,CHEMBL5429844,active,8.744968836654449
Oc1ccc(CCCc2ccc(O)cc2O)cc1,CHEMBL453448,active,7.397940008672037
Oc1ccc(CCc2cc(O)cc(O)c2)cc1,CHEMBL111234,inactive,4.301029995663981
Oc1ccc(CN(c2cc(F)cc(F)c2)n2cnnc2)cc1,CHEMBL5398403,intermediate,5.601999194356185
Oc1ccc(CN(c2ccc3c(c2)OC(F)(F)O3)C2C=NN=C2)cc1,CHEMBL5425529,intermediate,5.259999900311453
Oc1ccc(CN(c2ccccc2)n2cnnc2)cc1,CHEMBL5398199,intermediate,5.398999893732001
Oc1ccc(Cl)cc1-c1csc(-c2ncccn2)n1,CHEMBL4228495,intermediate,5.44791732029942
Oc1ccc(O)c(-c2cn3ccsc3n2)c1,CHEMBL2430196,intermediate,5.585026652029182
Oc1ccc([C@@H]2CCc3ccc(O)cc3O2)cc1,CHEMBL463168,active,7.397940008672037
Oc1ccc2c(c1)C1C(CC2)C1c1ccncc1,CHEMBL304583,active,7.180456064458132
Oc1ccc2c(c1)CC(Cc1ccncc1)C2,CHEMBL24014,intermediate,5.721246399047171
Oc1ccc2c(c1)CC(Cc1ccncc1)CC2,CHEMBL23394,intermediate,5.886056647693163
Oc1ccc2c(c1)CCC(Cc1ccncc1)C2,CHEMBL279940,active,6.125002437803848
Oc1ccc2c(c1)CCC1C(c3ccncc3)C21,CHEMBL304222,active,6.481486060122113
Oc1ccc2c(c1)OC(c1ccccc1)CC2n1ccnc1,CHEMBL95919,active,7.397940008672037
Oc1ccc2c(c1)OC(c1ccccc1)CC2n1cncn1,CHEMBL187185,active,6.366531544420414
Oc1ccc2c(c1)O[C@@H](c1ccccc1)C[C@@H]2n1ccnc1,CHEMBL4540847,active,7.387216143280264
Oc1ccc2cc(-c3cccnc3)ccc2c1,CHEMBL195571,intermediate,5.568636235841013
Oc1ccc2cc(C(c3ccc(Cl)cc3)n3cncn3)oc2c1,CHEMBL446706,active,9.102372908709558
Oc1ccc2cc(C(c3ccc(F)cc3)n3cncn3)oc2c1,CHEMBL5175340,active,9.4089353929735
Oc1ccc2ccc(-c3cccnc3)c(Cl)c2c1,CHEMBL2420674,intermediate,5.698970004336019
Oc1ccc2ccc(-c3cccnc3)c(Cl)c2c1F,CHEMBL2420678,intermediate,5.698970004336019
Oc1ccc2ccc(-c3cccnc3)c(F)c2c1,CHEMBL2420676,intermediate,5.698970004336019
Oc1ccc2ccc(-c3cncc(F)c3)c(Cl)c2c1,CHEMBL2420680,intermediate,5.698970004336019
Oc1ccc2ccc(-c3cncc4ccccc34)c(Cl)c2c1,CHEMBL2420688,intermediate,5.698970004336019
Oc1ccc2ccc(-c3cncnc3)c(Cl)c2c1,CHEMBL2420686,intermediate,5.698970004336019
Oc1ccc2oc(C(c3ccc(Cl)cc3)n3cncn3)cc2c1,CHEMBL5178202,active,8.246416941107093
Oc1cccc(-c2ccc(Cc3ccncc3)cc2)c1,CHEMBL1172882,active,6.178486471595227
Oc1cccc(-c2csc(-c3ncccn3)n2)c1,CHEMBL4227979,intermediate,5.516315728555703
Oc1cccc(-c2nsc(-c3cccc(O)c3)n2)c1,CHEMBL503399,inactive,4.301029995663981
Oc1cccc(C(c2cccc(O)c2)n2cncn2)c1,CHEMBL455832,intermediate,5.609594843519919
Oc1cccc2c1CC(Cc1ccncc1)C2,CHEMBL23485,active,6.0
Oc1cccc2c1CCC(Cc1ccncc1)C2,CHEMBL23364,active,6.276002823808256
Oc1cccc2c1CCC1C(c3ccncc3)C21,CHEMBL65590,intermediate,5.301029995663981
Oc1ccccc1-c1csc(-c2ncccn2)n1,CHEMBL4227385,active,9.3767507096021
Oc1cncc(-c2ccc3ccc(O)cc3c2Cl)c1,CHEMBL2420684,intermediate,5.698970004336019
S=C(NCc1cccc(CNC(=S)Nc2ccc(Cl)cc2)c1)Nc1ccc(Cl)cc1,CHEMBL2299369,intermediate,5.259637310505756
S=c1ccc2cc(Cn3ccnc3)ccc2o1,CHEMBL224600,intermediate,5.949999401714238
c1cc(-c2nsc(-c3ccncc3)n2)ccn1,CHEMBL1454842,active,6.096910013008056
c1cc(CCn2ccnc2)c2cccnc2c1,CHEMBL54803,active,6.455994002150566
c1cc(CCn2ccnc2)c2ccsc2c1,CHEMBL460382,intermediate,5.449000389034394
c1cc2cc(-n3ccnc3)ccc2cn1,CHEMBL299066,intermediate,5.51427857351842
c1cc2cc(Cn3ccnc3)ccc2cn1,CHEMBL5403749,intermediate,5.860001341725206
c1cc2ccc(Cn3ccnc3)cc2cn1,CHEMBL298720,intermediate,5.860120913598763
c1ccc(-c2cc(-c3cccnc3)nc(-c3cccnc3)c2)cc1,CHEMBL495566,inactive,4.330683119433888
c1ccc(-c2cc(Cn3ccnc3)c3ccc4[nH]ccc4c3n2)cc1,CHEMBL2442756,active,7.943095148663527
c1ccc(-c2ccc(Cn3ccnc3)cn2)cc1,CHEMBL428780,intermediate,5.301029995663981
c1ccc(-c2ccc(OCc3cn(C(c4ccccc4)c4ccccc4)nn3)cc2)cc1,CHEMBL1824768,inactive,4.810229043653126
c1ccc(-c2cccc(Cn3cncn3)c2)cc1,CHEMBL598847,active,6.6777807052660805
c1ccc(-c2cn(C(c3ccccc3)c3ccccc3)nn2)cc1,CHEMBL1824761,inactive,4.888065723667318
c1ccc(-c2csc(-c3ncccn3)n2)nc1,CHEMBL4225521,intermediate,5.96150700601194
c1ccc(-c2nc(-c3cccnc3)cs2)cc1,CHEMBL1601919,active,6.045757490560675
c1ccc(-c2nnc3n2-c2ccc(-c4cccnc4)cc2CC3)cc1,CHEMBL3622434,active,7.67778070526608
c1ccc(-c2nsc(-c3ccccc3)n2)cc1,CHEMBL264401,inactive,4.485452247339714
c1ccc(-n2c(Cn3ccnc3)cc3ccccc32)cc1,CHEMBL2336860,active,7.780415473785745
c1ccc(C(CCCn2ccnc2)c2ccccc2)cc1,CHEMBL5419940,inactive,4.796000007769141
c1ccc(C(CCn2ccnc2)c2ccccc2)cc1,CHEMBL415952,inactive,4.698999971689156
c1ccc(C(c2ccccc2)n2cc(C3CCCCC3)nn2)cc1,CHEMBL1824760,inactive,4.862645888629267
c1ccc(C(c2ccccc2)n2ccnc2)cc1,CHEMBL336638,active,7.698970004336019
c1ccc(C(c2ccccc2)n2ccnn2)cc1,CHEMBL1824755,intermediate,5.33913452199613
c1ccc(C(c2ccccc2)n2cncn2)cc1,CHEMBL1825024,intermediate,5.958607314841775
c1ccc(C(c2ccccc2)n2nccn2)cc1,CHEMBL1825023,inactive,4.920456992597094
c1ccc(C2(n3ccnc3)c3ccccc3-c3ccccc32)cc1,CHEMBL223874,active,7.130768280269024
c1ccc(C2(n3cncn3)c3ccccc3-c3ccccc32)cc1,CHEMBL376371,intermediate,5.40000018605658
c1ccc(C2C3CCc4ccccc4C32)cc1,CHEMBL168700,inactive,3.6020599913279625
c1ccc(C2C3CCc4ccccc4C32)nc1,CHEMBL166789,inactive,3.6020599913279625
c1ccc(C2CC(n3ccnc3)c3ccc4ccccc4c3O2)cc1,CHEMBL1783176,active,7.443697499232712
c1ccc(CC(Cc2ccc(-c3ccccc3)cc2)n2ccnc2)cc1,CHEMBL491222,active,6.022276394711152
c1ccc(CN(Cc2ccc(-c3ccccc3)cc2)n2ccnc2)cc1,CHEMBL490794,intermediate,5.920818753952375
c1ccc(CN(Cc2cccc3ccsc23)n2ccnc2)cc1,CHEMBL475943,intermediate,5.001740661576301
c1ccc(Cn2c3ccccc3c3ccccc32)cc1,CHEMBL3623230,intermediate,5.568636235841013
c1ccc(Cn2cc(-c3ccccc3)nn2)cc1,CHEMBL1825043,intermediate,5.0101054362812265
c1ccc(Cn2cc(C3CCCCC3)nn2)cc1,CHEMBL1825042,intermediate,5.09799710864927
c1ccc(Cn2cc(COc3ccc(-c4ccccc4)cc3)nn2)cc1,CHEMBL1825049,inactive,4.97061622231479
c1ccc(Cn2cc(COc3ccccc3)nn2)cc1,CHEMBL272339,inactive,4.97469413473523
c1ccc(Cn2cc(Cc3c[nH]nn3)c3ccccc32)cc1,CHEMBL5427189,inactive,4.948999989946675
c1ccc(Cn2cc(Cn3ccnc3)c3ccccc32)cc1,CHEMBL5394706,active,7.003007018109294
c1ccc(Cn2cc(Cn3ccnn3)c3ccccc32)cc1,CHEMBL5432998,active,6.5020066659422975
c1ccc(Cn2cc(Cn3cncn3)c3ccccc32)cc1,CHEMBL5432257,active,6.5020066659422975
c1ccc(Cn2cc(Cn3cnnc3)c3ccccc32)cc1,CHEMBL5425433,inactive,4.948999989946675
c1ccc(Cn2ccnc2)cc1,CHEMBL14192,active,6.823908740944319
c1ccc(Cn2ccnn2)cc1,CHEMBL1825018,inactive,4.925183559354825
c1ccc(Cn2cncn2)cc1,CHEMBL1825021,intermediate,5.386158178123931
c1ccc(Cn2nccn2)cc1,CHEMBL1825019,inactive,4.787546038959724
c1ccc(OCc2cn(C(c3ccccc3)c3ccccc3)nn2)cc1,CHEMBL1824762,inactive,4.505011026316832
c1ccc(Oc2ccccc2Cn2ccnc2)cc1,CHEMBL1082760,active,6.409827168403686
c1ccc2c(Cn3ccnc3)c[nH]c2c1,CHEMBL116794,intermediate,5.061000214551448
c1ccc2c(c1)-c1ccccc1C2n1ccnc1,CHEMBL225447,intermediate,5.552841968657781
c1ccc2c(c1)CC(Cc1ccncc1)C2,CHEMBL24593,intermediate,5.620000528471499
c1ccc2c(c1)CCC(Cc1ccncc1)C2,CHEMBL24233,intermediate,5.920999747696151
c1ccc2c(c1)CCC1C(c3c[nH]cn3)C21,CHEMBL352645,active,6.222000779291768
c1ccc2c(c1)CCC1C(c3cc[nH]n3)C21,CHEMBL353068,inactive,4.292429823902063
c1ccc2c(c1)CCC1C(c3ccncc3)C21,CHEMBL304903,active,6.732828271596986
c1ccc2c(c1)CCC1C(c3ccsc3)C21,CHEMBL433728,inactive,3.6020599913279625
c1ccc2c(c1)CCCC2CCn1ccnc1,CHEMBL53644,active,6.155001238642457
c1ccc2cc(-c3nsc(-c4ccc5ccccc5c4)n3)ccc2c1,CHEMBL1939540,inactive,4.301029995663981
c1ccc2cc(-n3ccnc3)ccc2c1,CHEMBL195996,intermediate,5.552841968657781
c1ccc2cc(Cn3ccnc3)ccc2c1,CHEMBL351271,active,6.012999985342652
c1ccc2oc(Cn3ccnc3)cc2c1,CHEMBL2430098,intermediate,5.134999723323764
c1cn(CCC2CCCc3occc32)cn1,CHEMBL55144,active,6.036212172654444
c1cn(CCC2CCCc3sccc32)cn1,CHEMBL291700,active,6.357001596156081
c1cnc(-c2nc(-c3cc4ccccc4o3)cs2)nc1,CHEMBL4228819,intermediate,5.475574017119809
c1cnc(-c2nc(-c3cc4ccccc4s3)cs2)nc1,CHEMBL4225998,intermediate,5.743628673462766
c1cnc(-c2nc(-c3cccnc3)cs2)nc1,CHEMBL4228303,intermediate,5.4786278266480135
c1cnc(-c2nc(-c3ccco3)cs2)nc1,CHEMBL4224875,intermediate,5.584908072418296
c1cnc(-c2nc(-c3cccs3)cs2)nc1,CHEMBL4227725,intermediate,5.45815252478412
c1cnc(-c2nc(-c3ccncc3)cs2)nc1,CHEMBL4227458,active,6.0289747780738345
c1cnc(-c2nc(-c3nc4ccccc4s3)cs2)nc1,CHEMBL4228244,active,6.000112931246993
c1cnc2c(c1)C(CCCn1ccnc1)CCC2,CHEMBL301106,active,6.455994002150566
c1cnc2c(c1)C(CCn1ccnc1)CCC2,CHEMBL292899,active,6.42021640338319
c1cnc2c(c1)C(Cn1ccnc1)CCC2,CHEMBL300109,active,6.795988604538516
c1cnc2c(c1)C(n1ccnc1)CCC2,CHEMBL52509,intermediate,5.193999888314712
c1cnc2c(c1)CCCC2n1ccnc1,CHEMBL301608,inactive,3.955000005975953
c1cncc(-c2cc3ccccc3[nH]2)c1,CHEMBL4209034,intermediate,5.515700160653214
c1cncc(-c2ccc3ccccc3c2)c1,CHEMBL365735,intermediate,5.698970004336019
c1cncc(-c2csc(-c3cccnc3)n2)c1,CHEMBL118266,active,8.397940008672037
c1cncc(-c2csc(-c3ccncc3)n2)c1,CHEMBL1957214,active,8.397940008672037
c1cncc(-c2nsc(-c3cccnc3)n2)c1,CHEMBL1939366,active,6.698970004336019
c1cncc(C2C3CCc4ccccc4C32)c1,CHEMBL440930,inactive,4.886056647693163
