dataset,split,index,compound_id
3class_dedup,train,2709,CHEMBL5421409
3class_dedup,train,1302,CHEMBL49732
3class_dedup,train,1239,CHEMBL206351
3class_dedup,train,1086,CHEMBL459502
3class_dedup,train,119,CHEMBL24410
3class_dedup,train,0,CHEMBL5403643
3class_dedup,train,1798,CHEMBL4564431
3class_dedup,train,1441,CHEMBL89046
3class_dedup,train,2094,CHEMBL5426878
3class_dedup,train,2599,CHEMBL5398511
3class_dedup,train,648,CHEMBL3752102
3class_dedup,train,106,CHEMBL264724
3class_dedup,train,2724,CHEMBL3806159
3class_dedup,train,1763,CHEMBL1629805
3class_dedup,train,1549,CHEMBL5271680
3class_dedup,train,2240,CHEMBL255108
3class_dedup,train,1401,CHEMBL3753034
3class_dedup,train,488,CHEMBL5275063
3class_dedup,train,2552,CHEMBL242454
3class_dedup,train,890,CHEMBL1915167
3class_dedup,train,2872,CHEMBL224649
3class_dedup,train,1117,CHEMBL491215
3class_dedup,train,2690,CHEMBL4169756
3class_dedup,train,3032,CHEMBL1825019
3class_dedup,train,923,CHEMBL5267848
3class_dedup,train,428,CHEMBL5265932
3class_dedup,train,1853,CHEMBL490187
3class_dedup,train,934,CHEMBL3753281
3class_dedup,train,1413,CHEMBL317935
3class_dedup,train,977,CHEMBL375046
3class_dedup,train,2512,CHEMBL104047
3class_dedup,train,1306,CHEMBL2208141
3class_dedup,train,2063,CHEMBL4161789
3class_dedup,train,2373,CHEMBL1672976
3class_dedup,train,1371,CHEMBL5283375
3class_dedup,train,284,CHEMBL1915176
3class_dedup,train,563,CHEMBL268918
3class_dedup,train,2034,CHEMBL297784
3class_dedup,train,2219,CHEMBL1824749
3class_dedup,train,1342,CHEMBL2420682
3class_dedup,train,834,CHEMBL2442758
3class_dedup,train,2479,CHEMBL148903
3class_dedup,train,2647,CHEMBL5430600
3class_dedup,train,895,CHEMBL1915159
3class_dedup,train,9,CHEMBL4204862
3class_dedup,train,3010,CHEMBL1825023
3class_dedup,train,2878,CHEMBL351167
3class_dedup,train,967,CHEMBL1784791
3class_dedup,train,299,CHEMBL223421
3class_dedup,train,2447,CHEMBL5422332
3class_dedup,train,1037,CHEMBL495563
3class_dedup,train,2319,CHEMBL5397670
3class_dedup,train,1403,CHEMBL5268471
3class_dedup,train,2183,CHEMBL407092
3class_dedup,train,653,CHEMBL24946
3class_dedup,train,2306,CHEMBL5421435
3class_dedup,train,1678,CHEMBL5280449
3class_dedup,train,340,CHEMBL3752192
3class_dedup,train,918,CHEMBL229944
3class_dedup,train,2898,CHEMBL5406056
3class_dedup,train,2013,CHEMBL176287
3class_dedup,train,213,CHEMBL3622071
3class_dedup,train,1494,CHEMBL2179114
3class_dedup,train,2581,CHEMBL1098737
3class_dedup,train,767,CHEMBL307690
3class_dedup,train,1621,CHEMBL5266519
3class_dedup,train,1607,CHEMBL5288725
3class_dedup,train,2612,CHEMBL2312972
3class_dedup,train,2667,CHEMBL3105520
3class_dedup,train,755,CHEMBL425323
3class_dedup,train,2608,CHEMBL2163639
3class_dedup,train,1949,CHEMBL334958
3class_dedup,train,572,CHEMBL5395351
3class_dedup,train,1227,CHEMBL23365
3class_dedup,train,2273,CHEMBL597808
3class_dedup,train,913,CHEMBL165925
3class_dedup,train,594,CHEMBL312960
3class_dedup,train,2159,CHEMBL598020
3class_dedup,train,1844,CHEMBL135381
3class_dedup,train,1801,CHEMBL5281972
3class_dedup,train,1038,CHEMBL131921
3class_dedup,train,592,CHEMBL5400890
3class_dedup,train,2473,CHEMBL27546
3class_dedup,train,57,CHEMBL383145
3class_dedup,train,1730,CHEMBL1630274
3class_dedup,train,2465,CHEMBL5397559
3class_dedup,train,2302,CHEMBL5431850
3class_dedup,train,2593,CHEMBL32571
3class_dedup,train,534,CHEMBL90856
3class_dedup,train,1320,CHEMBL453417
3class_dedup,train,2992,CHEMBL298720
3class_dedup,train,2174,CHEMBL1955869
3class_dedup,train,2017,CHEMBL133145
3class_dedup,train,1354,CHEMBL373427
3class_dedup,train,379,CHEMBL24580
3class_dedup,train,3028,CHEMBL5425433
3class_dedup,train,223,CHEMBL5416052
3class_dedup,train,225,CHEMBL491023
3class_dedup,train,3040,CHEMBL353068
3class_dedup,train,21,CHEMBL1939523
3class_dedup,train,868,CHEMBL220793
3class_dedup,train,448,CHEMBL28668
3class_dedup,train,1520,CHEMBL132530
3class_dedup,train,1532,CHEMBL5268776
3class_dedup,train,1862,CHEMBL1825035
3class_dedup,train,1539,CHEMBL3754157
3class_dedup,train,1972,CHEMBL135563
3class_dedup,train,2810,CHEMBL1083664
3class_dedup,train,1124,CHEMBL3359957
3class_dedup,train,2745,CHEMBL4174637
3class_dedup,train,2453,CHEMBL479737
3class_dedup,train,2933,CHEMBL87333
3class_dedup,train,2334,CHEMBL226891
3class_dedup,train,147,CHEMBL5265808
3class_dedup,train,109,CHEMBL3623223
3class_dedup,train,2135,CHEMBL3415174
3class_dedup,train,501,CHEMBL5290446
3class_dedup,train,1690,CHEMBL5274777
3class_dedup,train,2395,CHEMBL1956171
3class_dedup,train,1210,CHEMBL366772
3class_dedup,train,50,CHEMBL193606
3class_dedup,train,623,CHEMBL422858
3class_dedup,train,2788,CHEMBL364326
3class_dedup,train,1593,CHEMBL3752440
3class_dedup,train,580,CHEMBL5274501
3class_dedup,train,1111,CHEMBL465845
3class_dedup,train,585,CHEMBL441404
3class_dedup,train,2689,CHEMBL4163649
3class_dedup,train,2078,CHEMBL5423840
3class_dedup,train,2943,CHEMBL5175025
3class_dedup,train,887,CHEMBL5276017
3class_dedup,train,1673,CHEMBL5267929
3class_dedup,train,2820,CHEMBL350922
3class_dedup,train,2607,CHEMBL62811
3class_dedup,train,1964,CHEMBL135172
3class_dedup,train,509,CHEMBL3754701
3class_dedup,train,2978,CHEMBL503399
3class_dedup,train,652,CHEMBL8646
3class_dedup,train,81,CHEMBL5427725
3class_dedup,train,3025,CHEMBL5394706
3class_dedup,train,192,CHEMBL3623208
3class_dedup,train,2508,CHEMBL1784797
3class_dedup,train,2521,CHEMBL3359962
3class_dedup,train,346,CHEMBL5279139
3class_dedup,train,1229,CHEMBL176101
3class_dedup,train,601,CHEMBL3752650
3class_dedup,train,1669,CHEMBL5282717
3class_dedup,train,2030,CHEMBL5424630
3class_dedup,train,1459,CHEMBL3754204
3class_dedup,train,876,CHEMBL5407335
3class_dedup,train,2672,CHEMBL496777
3class_dedup,train,1773,CHEMBL1630266
3class_dedup,train,2725,CHEMBL3805839
3class_dedup,train,1822,CHEMBL3806185
3class_dedup,train,1327,CHEMBL91101
3class_dedup,train,702,CHEMBL5409914
3class_dedup,train,2062,CHEMBL4176600
3class_dedup,train,2038,CHEMBL3622363
3class_dedup,train,545,CHEMBL5404029
3class_dedup,train,293,CHEMBL5284015
3class_dedup,train,827,CHEMBL5439659
3class_dedup,train,1961,CHEMBL5398859
3class_dedup,train,1636,CHEMBL3752674
3class_dedup,train,1055,CHEMBL4515706
3class_dedup,train,2890,CHEMBL135115
3class_dedup,train,125,CHEMBL5283822
3class_dedup,train,1951,CHEMBL1097980
3class_dedup,train,137,CHEMBL5077976
3class_dedup,train,2392,CHEMBL1825045
3class_dedup,train,939,CHEMBL3134114
3class_dedup,train,1422,CHEMBL1630276
3class_dedup,train,812,CHEMBL431859
3class_dedup,train,1950,CHEMBL26208
3class_dedup,train,2707,CHEMBL4446561
3class_dedup,train,2626,CHEMBL252642
3class_dedup,train,421,CHEMBL5273492
3class_dedup,train,2301,CHEMBL5397197
3class_dedup,train,2637,CHEMBL3105524
3class_dedup,train,2542,CHEMBL163413
3class_dedup,train,2175,CHEMBL1956188
3class_dedup,train,897,CHEMBL1991089
3class_dedup,train,2079,CHEMBL5408838
3class_dedup,train,2782,CHEMBL4439561
3class_dedup,train,1939,CHEMBL1939537
3class_dedup,train,2427,CHEMBL3359963
3class_dedup,train,2150,CHEMBL4763409
3class_dedup,train,1958,CHEMBL336708
3class_dedup,train,2462,CHEMBL1171628
3class_dedup,train,2601,CHEMBL2165318
3class_dedup,train,3055,CHEMBL4227458
3class_dedup,train,1155,CHEMBL4173941
3class_dedup,train,579,CHEMBL3754285
3class_dedup,train,1475,CHEMBL3754259
3class_dedup,train,475,CHEMBL1668329
3class_dedup,train,482,CHEMBL29864
3class_dedup,train,158,CHEMBL1630269
3class_dedup,train,2350,CHEMBL226842
3class_dedup,train,1274,CHEMBL196328
3class_dedup,train,2919,CHEMBL2442772
3class_dedup,train,1986,CHEMBL517347
3class_dedup,train,1121,CHEMBL224037
3class_dedup,train,489,CHEMBL5270074
3class_dedup,train,878,CHEMBL151691
3class_dedup,train,2674,CHEMBL3968178
3class_dedup,train,2924,CHEMBL1215664
3class_dedup,train,1569,CHEMBL3349657
3class_dedup,train,2517,CHEMBL323546
3class_dedup,train,2050,CHEMBL3415161
3class_dedup,train,1861,CHEMBL1824766
3class_dedup,train,416,CHEMBL5285403
3class_dedup,train,2496,CHEMBL394855
3class_dedup,train,649,CHEMBL5268890
3class_dedup,train,1831,CHEMBL2336862
3class_dedup,train,1405,CHEMBL3623209
3class_dedup,train,2791,CHEMBL188664
3class_dedup,train,726,CHEMBL41429
3class_dedup,train,2765,CHEMBL4547558
3class_dedup,train,704,CHEMBL4087613
3class_dedup,train,1467,CHEMBL3754253
3class_dedup,train,912,CHEMBL3964421
3class_dedup,train,1360,CHEMBL56367
3class_dedup,train,846,CHEMBL287967
3class_dedup,train,691,CHEMBL5284759
3class_dedup,train,2528,CHEMBL109347
3class_dedup,train,883,CHEMBL446083
3class_dedup,train,1311,CHEMBL1939550
3class_dedup,train,1545,CHEMBL3752788
3class_dedup,train,198,CHEMBL134509
3class_dedup,train,2621,CHEMBL2312958
3class_dedup,train,650,CHEMBL5276910
3class_dedup,train,1076,CHEMBL229633
3class_dedup,train,2164,CHEMBL609333
3class_dedup,train,126,CHEMBL5272700
3class_dedup,train,1984,CHEMBL491013
3class_dedup,train,693,CHEMBL5266502
3class_dedup,train,2169,CHEMBL589247
3class_dedup,train,359,CHEMBL70367
3class_dedup,train,2527,CHEMBL4858552
3class_dedup,train,2369,CHEMBL5411834
3class_dedup,train,2753,CHEMBL1083653
3class_dedup,train,2291,CHEMBL5423400
3class_dedup,train,2676,CHEMBL3922888
3class_dedup,train,2199,CHEMBL5416513
3class_dedup,train,1937,CHEMBL4229272
3class_dedup,train,1816,CHEMBL4585518
3class_dedup,train,1860,CHEMBL1824752
3class_dedup,train,1956,CHEMBL344904
3class_dedup,train,2037,CHEMBL5421450
3class_dedup,train,794,CHEMBL5274587
3class_dedup,train,1250,CHEMBL5426214
3class_dedup,train,1518,CHEMBL197451
3class_dedup,train,3053,CHEMBL4224875
3class_dedup,train,2767,CHEMBL1824765
3class_dedup,train,1976,CHEMBL137396
3class_dedup,train,2828,CHEMBL294878
3class_dedup,train,2064,CHEMBL4162931
3class_dedup,train,2903,CHEMBL29400
3class_dedup,train,586,CHEMBL1824743
3class_dedup,train,17,CHEMBL5434747
3class_dedup,train,2226,CHEMBL224790
3class_dedup,train,2365,CHEMBL322322
3class_dedup,train,1024,CHEMBL189472
3class_dedup,train,1592,CHEMBL5287546
3class_dedup,train,1213,CHEMBL3219600
3class_dedup,train,1560,CHEMBL3799363
3class_dedup,train,1204,CHEMBL225472
3class_dedup,train,603,CHEMBL5285831
3class_dedup,train,569,CHEMBL1824758
3class_dedup,train,1348,CHEMBL7162
3class_dedup,train,1857,CHEMBL212741
3class_dedup,train,2955,CHEMBL4228495
3class_dedup,train,2483,CHEMBL27386
3class_dedup,train,1968,CHEMBL29669
3class_dedup,train,433,CHEMBL3944017
3class_dedup,train,2974,CHEMBL2420686
3class_dedup,train,2464,CHEMBL162431
3class_dedup,train,1110,CHEMBL133081
3class_dedup,train,2613,CHEMBL2312968
3class_dedup,train,571,CHEMBL1825040
3class_dedup,train,2572,CHEMBL90585
3class_dedup,train,2040,CHEMBL224060
3class_dedup,train,1282,CHEMBL202065
3class_dedup,train,1977,CHEMBL1195457
3class_dedup,train,1144,CHEMBL3805820
3class_dedup,train,1813,CHEMBL60376
3class_dedup,train,8,CHEMBL211207
3class_dedup,train,2264,CHEMBL161230
3class_dedup,train,2731,CHEMBL4288256
3class_dedup,train,1835,CHEMBL1389987
3class_dedup,train,1981,CHEMBL5440983
3class_dedup,train,2231,CHEMBL479551
3class_dedup,train,460,CHEMBL224462
3class_dedup,train,2151,CHEMBL163420
3class_dedup,train,2538,CHEMBL407953
3class_dedup,train,2084,CHEMBL5394566
3class_dedup,train,2748,CHEMBL202231
3class_dedup,train,2843,CHEMBL1688900
3class_dedup,train,2196,CHEMBL5438093
3class_dedup,train,331,CHEMBL367149
3class_dedup,train,2846,CHEMBL1688896
3class_dedup,train,1920,CHEMBL3415167
3class_dedup,train,2618,CHEMBL2312961
3class_dedup,train,2789,CHEMBL184749
3class_dedup,train,1628,CHEMBL3754425
3class_dedup,train,2258,CHEMBL1825031
3class_dedup,train,2511,CHEMBL135037
3class_dedup,train,2458,CHEMBL1939552
3class_dedup,train,2546,CHEMBL243756
3class_dedup,train,385,CHEMBL336383
3class_dedup,train,1134,CHEMBL493174
3class_dedup,train,1340,CHEMBL3924170
3class_dedup,train,2815,CHEMBL2333327
3class_dedup,train,752,CHEMBL2333330
3class_dedup,train,1629,CHEMBL5278613
3class_dedup,train,1310,CHEMBL1957209
3class_dedup,train,1189,CHEMBL3793530
3class_dedup,train,1909,CHEMBL162496
3class_dedup,train,970,CHEMBL388507
3class_dedup,train,1595,CHEMBL5268166
3class_dedup,train,2189,CHEMBL5417855
3class_dedup,train,2397,CHEMBL1956175
3class_dedup,train,716,CHEMBL39781
3class_dedup,train,2118,CHEMBL371509
3class_dedup,train,2028,CHEMBL5400203
3class_dedup,train,241,CHEMBL3422038
3class_dedup,train,929,CHEMBL3751945
3class_dedup,train,2712,CHEMBL5408038
3class_dedup,train,2850,CHEMBL1688890
3class_dedup,train,406,CHEMBL319026
3class_dedup,train,2363,CHEMBL226737
3class_dedup,train,3062,CHEMBL4209034
3class_dedup,train,1564,CHEMBL5289229
3class_dedup,train,1843,CHEMBL5413902
3class_dedup,train,1923,CHEMBL3415172
3class_dedup,train,1361,CHEMBL3805657
3class_dedup,train,2646,CHEMBL1096744
3class_dedup,train,1625,CHEMBL1629800
3class_dedup,train,690,CHEMBL5266933
3class_dedup,train,1382,CHEMBL131984
3class_dedup,train,2481,CHEMBL1172396
3class_dedup,train,297,CHEMBL4852023
3class_dedup,train,1703,CHEMBL5273164
3class_dedup,train,505,CHEMBL5431722
3class_dedup,train,12,CHEMBL179222
3class_dedup,train,202,CHEMBL5412704
3class_dedup,train,1186,CHEMBL191488
3class_dedup,train,29,CHEMBL424162
3class_dedup,train,2854,CHEMBL225499
3class_dedup,train,2869,CHEMBL4099909
3class_dedup,train,694,CHEMBL1668326
3class_dedup,train,2337,CHEMBL5419258
3class_dedup,train,2600,CHEMBL2165313
3class_dedup,train,1478,CHEMBL3753463
3class_dedup,train,1828,CHEMBL3753425
3class_dedup,train,1689,CHEMBL5267936
3class_dedup,train,786,CHEMBL2051951
3class_dedup,train,285,CHEMBL172263
3class_dedup,train,1425,CHEMBL3754471
3class_dedup,train,2694,CHEMBL4166016
3class_dedup,train,1788,CHEMBL5268195
3class_dedup,train,199,CHEMBL132066
3class_dedup,train,2105,CHEMBL4167569
3class_dedup,train,1670,CHEMBL1835539
3class_dedup,train,95,CHEMBL441260
3class_dedup,train,1098,CHEMBL480515
3class_dedup,train,2945,CHEMBL480451
3class_dedup,train,2848,CHEMBL3359953
3class_dedup,train,1787,CHEMBL5285813
3class_dedup,train,1529,CHEMBL2113619
3class_dedup,train,2147,CHEMBL4760286
3class_dedup,train,66,CHEMBL5288360
3class_dedup,train,2865,CHEMBL3589964
3class_dedup,train,2923,CHEMBL459503
3class_dedup,train,802,CHEMBL3415157
3class_dedup,train,2849,CHEMBL1688892
3class_dedup,train,1184,CHEMBL185819
3class_dedup,train,2873,CHEMBL223929
3class_dedup,train,7,CHEMBL1203766
3class_dedup,train,2275,CHEMBL592131
3class_dedup,train,286,CHEMBL102510
3class_dedup,train,92,CHEMBL31760
3class_dedup,train,773,CHEMBL1394757
3class_dedup,train,531,CHEMBL5430284
3class_dedup,train,2732,CHEMBL3806151
3class_dedup,train,2229,CHEMBL519937
3class_dedup,train,1811,CHEMBL450666
3class_dedup,train,975,CHEMBL1351273
3class_dedup,train,1530,CHEMBL442542
3class_dedup,train,1280,CHEMBL5278036
3class_dedup,train,1251,CHEMBL402970
3class_dedup,train,1277,CHEMBL5271052
3class_dedup,train,1314,CHEMBL5426057
3class_dedup,train,908,CHEMBL5270578
3class_dedup,train,1167,CHEMBL5291483
3class_dedup,train,2921,CHEMBL512578
3class_dedup,train,2800,CHEMBL253570
3class_dedup,train,1373,CHEMBL352891
3class_dedup,train,2720,CHEMBL5418690
3class_dedup,train,1959,CHEMBL133198
3class_dedup,train,1328,CHEMBL23148
3class_dedup,train,1642,CHEMBL5269817
3class_dedup,train,1211,CHEMBL365314
3class_dedup,train,746,CHEMBL5277162
3class_dedup,train,2278,CHEMBL592852
3class_dedup,train,976,CHEMBL343273
3class_dedup,train,2298,CHEMBL5413770
3class_dedup,train,2628,CHEMBL399910
3class_dedup,train,1305,CHEMBL5186519
3class_dedup,train,658,CHEMBL333185
3class_dedup,train,467,CHEMBL205503
3class_dedup,train,2286,CHEMBL5411472
3class_dedup,train,1614,CHEMBL5285807
3class_dedup,train,1443,CHEMBL5273309
3class_dedup,train,1082,CHEMBL5285636
3class_dedup,train,2971,CHEMBL2420676
3class_dedup,train,820,CHEMBL5432971
3class_dedup,train,1501,CHEMBL166032
3class_dedup,train,232,CHEMBL2011190
3class_dedup,train,2875,CHEMBL390152
3class_dedup,train,2539,CHEMBL5184829
3class_dedup,train,407,CHEMBL373074
3class_dedup,train,986,CHEMBL463435
3class_dedup,train,1859,CHEMBL2430509
3class_dedup,train,688,CHEMBL304305
3class_dedup,train,2247,CHEMBL5410695
3class_dedup,train,1009,CHEMBL193858
3class_dedup,train,281,CHEMBL2333332
3class_dedup,train,370,CHEMBL83835
3class_dedup,train,714,CHEMBL5423781
3class_dedup,train,1768,CHEMBL2431524
3class_dedup,train,99,CHEMBL3407537
3class_dedup,train,2658,CHEMBL5400347
3class_dedup,train,2530,CHEMBL4874326
3class_dedup,train,1599,CHEMBL5270168
3class_dedup,train,1672,CHEMBL5289056
3class_dedup,train,2475,CHEMBL26543
3class_dedup,train,1802,CHEMBL1939538
3class_dedup,train,2005,CHEMBL175554
3class_dedup,train,1914,CHEMBL4080420
3class_dedup,train,2876,CHEMBL2430497
3class_dedup,train,1102,CHEMBL1096439
3class_dedup,train,1010,CHEMBL3264685
3class_dedup,train,1508,CHEMBL165552
3class_dedup,train,170,CHEMBL304770
3class_dedup,train,261,CHEMBL457686
3class_dedup,train,516,CHEMBL3752315
3class_dedup,train,1534,CHEMBL41517
3class_dedup,train,2951,CHEMBL111234
3class_dedup,train,2485,CHEMBL1171987
3class_dedup,train,2161,CHEMBL598211
3class_dedup,train,2359,CHEMBL5425028
3class_dedup,train,2103,CHEMBL5402030
3class_dedup,train,1772,CHEMBL1630267
3class_dedup,train,399,CHEMBL3752165
3class_dedup,train,2142,CHEMBL76904
3class_dedup,train,928,CHEMBL5265959
3class_dedup,train,2493,CHEMBL1689259
3class_dedup,train,553,CHEMBL74295
3class_dedup,train,3036,CHEMBL225447
3class_dedup,train,500,CHEMBL1630262
3class_dedup,train,2578,CHEMBL413344
3class_dedup,train,2401,CHEMBL4527809
3class_dedup,train,2406,CHEMBL451201
3class_dedup,train,2178,CHEMBL5439983
3class_dedup,train,1533,CHEMBL3754724
3class_dedup,train,2615,CHEMBL2312971
3class_dedup,train,2877,CHEMBL161530
3class_dedup,train,2153,CHEMBL599456
3class_dedup,train,150,CHEMBL404981
3class_dedup,train,885,CHEMBL3752166
3class_dedup,train,1075,CHEMBL229841
3class_dedup,train,2087,CHEMBL3623226
3class_dedup,train,2524,CHEMBL162549
3class_dedup,train,2553,CHEMBL388930
3class_dedup,train,2733,CHEMBL3960724
3class_dedup,train,742,CHEMBL2179108
3class_dedup,train,2585,CHEMBL10072
3class_dedup,train,308,CHEMBL5087363
3class_dedup,train,2046,CHEMBL135595
3class_dedup,train,2284,CHEMBL5439970
3class_dedup,train,1510,CHEMBL349963
3class_dedup,train,380,CHEMBL422610
3class_dedup,train,358,CHEMBL302530
3class_dedup,train,737,CHEMBL4074186
3class_dedup,train,2625,CHEMBL9352
3class_dedup,train,310,CHEMBL133026
3class_dedup,train,2173,CHEMBL209731
3class_dedup,train,2515,CHEMBL102409
3class_dedup,train,638,CHEMBL358214
3class_dedup,train,2610,CHEMBL2312964
3class_dedup,train,154,CHEMBL1630265
3class_dedup,train,2006,CHEMBL5395333
3class_dedup,train,334,CHEMBL8739
3class_dedup,train,171,CHEMBL2111917
3class_dedup,train,2127,CHEMBL176076
3class_dedup,train,1910,CHEMBL572637
3class_dedup,train,1955,CHEMBL5424344
3class_dedup,train,291,CHEMBL3894912
3class_dedup,train,243,CHEMBL1171991
3class_dedup,train,2642,CHEMBL3105528
3class_dedup,train,1697,CHEMBL1629803
3class_dedup,train,2563,CHEMBL2235952
3class_dedup,train,607,CHEMBL5269206
3class_dedup,train,2009,CHEMBL204483
3class_dedup,train,2749,CHEMBL135606
3class_dedup,train,1394,CHEMBL5401526
3class_dedup,train,185,CHEMBL5274290
3class_dedup,train,2902,CHEMBL282079
3class_dedup,train,1806,CHEMBL3415175
3class_dedup,train,1566,CHEMBL274826
3class_dedup,train,161,CHEMBL5287129
3class_dedup,train,1068,CHEMBL5291490
3class_dedup,train,217,CHEMBL3084923
3class_dedup,train,386,CHEMBL133240
3class_dedup,train,52,CHEMBL177268
3class_dedup,train,1548,CHEMBL5267688
3class_dedup,train,1713,CHEMBL5286833
3class_dedup,train,2477,CHEMBL369603
3class_dedup,train,1945,CHEMBL291646
3class_dedup,train,1451,CHEMBL5291085
3class_dedup,train,849,CHEMBL599238
3class_dedup,train,2086,CHEMBL29952
3class_dedup,train,2074,CHEMBL5396408
3class_dedup,train,753,CHEMBL1784806
3class_dedup,train,1424,CHEMBL5273618
3class_dedup,train,1396,CHEMBL5283920
3class_dedup,train,138,CHEMBL3925065
3class_dedup,train,1398,CHEMBL3754711
3class_dedup,train,520,CHEMBL5277980
3class_dedup,train,459,CHEMBL5072101
3class_dedup,train,2346,CHEMBL390079
3class_dedup,train,732,CHEMBL2442771
3class_dedup,train,394,CHEMBL302249
3class_dedup,train,2811,CHEMBL1083663
3class_dedup,train,2274,CHEMBL597606
3class_dedup,train,456,CHEMBL5074047
3class_dedup,train,598,CHEMBL73219
3class_dedup,train,2705,CHEMBL4536389
3class_dedup,train,431,CHEMBL5177269
3class_dedup,train,2344,CHEMBL226946
3class_dedup,train,1889,CHEMBL2312970
3class_dedup,train,1104,CHEMBL88169
3class_dedup,train,1004,CHEMBL2096873
3class_dedup,train,2143,CHEMBL3422040
3class_dedup,train,783,CHEMBL3753084
3class_dedup,train,2109,CHEMBL195653
3class_dedup,train,2023,CHEMBL5393912
3class_dedup,train,234,CHEMBL442813
3class_dedup,train,2025,CHEMBL4228031
3class_dedup,train,1987,CHEMBL478648
3class_dedup,train,2494,CHEMBL1689257
3class_dedup,train,39,CHEMBL4210489
3class_dedup,train,926,CHEMBL5269898
3class_dedup,train,1474,CHEMBL5282027
3class_dedup,train,183,CHEMBL410525
3class_dedup,train,1295,CHEMBL2420677
3class_dedup,train,818,CHEMBL5395602
3class_dedup,train,1431,CHEMBL3754457
3class_dedup,train,1188,CHEMBL190208
3class_dedup,train,1667,CHEMBL3623220
3class_dedup,train,782,CHEMBL5277446
3class_dedup,train,1270,CHEMBL2096872
3class_dedup,train,1162,CHEMBL556429
3class_dedup,train,2300,CHEMBL5415771
3class_dedup,train,1337,CHEMBL2011181
3class_dedup,train,593,CHEMBL39513
3class_dedup,train,1135,CHEMBL490867
3class_dedup,train,244,CHEMBL1173335
3class_dedup,train,345,CHEMBL5270517
3class_dedup,train,2817,CHEMBL2333335
3class_dedup,train,614,CHEMBL328546
3class_dedup,train,378,CHEMBL307643
3class_dedup,train,2311,CHEMBL5401315
3class_dedup,train,2,CHEMBL1957219
3class_dedup,train,78,CHEMBL5401807
3class_dedup,train,70,CHEMBL53068
3class_dedup,train,211,CHEMBL3622076
3class_dedup,train,1725,CHEMBL1630911
3class_dedup,train,905,CHEMBL5271699
3class_dedup,train,674,CHEMBL8254
3class_dedup,train,719,CHEMBL287950
3class_dedup,train,1444,CHEMBL3753611
3class_dedup,train,1810,CHEMBL424414
3class_dedup,train,240,CHEMBL225128
3class_dedup,train,413,CHEMBL321729
3class_dedup,train,377,CHEMBL25523
3class_dedup,train,893,CHEMBL1915401
3class_dedup,train,2968,CHEMBL5175340
3class_dedup,train,412,CHEMBL104566
3class_dedup,train,872,CHEMBL374535
3class_dedup,train,2590,CHEMBL285973
3class_dedup,train,1334,CHEMBL137002
3class_dedup,train,2871,CHEMBL4080965
3class_dedup,train,1948,CHEMBL29997
3class_dedup,train,493,CHEMBL29863
3class_dedup,train,219,CHEMBL103685
3class_dedup,train,993,CHEMBL493173
3class_dedup,train,1397,CHEMBL3754220
3class_dedup,train,1118,CHEMBL388093
3class_dedup,train,1571,CHEMBL3349550
3class_dedup,train,1477,CHEMBL5286289
3class_dedup,train,3046,CHEMBL351271
3class_dedup,train,292,CHEMBL24387
3class_dedup,train,1151,CHEMBL1784807
3class_dedup,train,2420,CHEMBL367483
3class_dedup,train,75,CHEMBL5394232
3class_dedup,train,1103,CHEMBL1098382
3class_dedup,train,1108,CHEMBL2011183
3class_dedup,train,56,CHEMBL194928
3class_dedup,train,720,CHEMBL5436290
3class_dedup,train,201,CHEMBL102981
3class_dedup,train,1047,CHEMBL2336852
3class_dedup,train,1880,CHEMBL2011172
3class_dedup,train,1411,CHEMBL5421289
3class_dedup,train,389,CHEMBL71082
3class_dedup,train,1498,CHEMBL3623216
3class_dedup,train,1739,CHEMBL5271891
3class_dedup,train,2659,CHEMBL92065
3class_dedup,train,233,CHEMBL457678
3class_dedup,train,724,CHEMBL5425388
3class_dedup,train,2124,CHEMBL1939529
3class_dedup,train,2280,CHEMBL5404073
3class_dedup,train,1119,CHEMBL226945
3class_dedup,train,1988,CHEMBL514514
3class_dedup,train,2414,CHEMBL509962
3class_dedup,train,2434,CHEMBL3422043
3class_dedup,train,156,CHEMBL1630270
3class_dedup,train,1524,CHEMBL41033
3class_dedup,train,1329,CHEMBL90427
3class_dedup,train,188,CHEMBL3753842
3class_dedup,train,2460,CHEMBL1172402
3class_dedup,train,1707,CHEMBL5266698
3class_dedup,train,2155,CHEMBL601840
3class_dedup,train,1019,CHEMBL194472
3class_dedup,train,2747,CHEMBL4163983
3class_dedup,train,1469,CHEMBL5284734
3class_dedup,train,1751,CHEMBL5266109
3class_dedup,train,80,CHEMBL5395683
3class_dedup,train,1238,CHEMBL390569
3class_dedup,train,2752,CHEMBL3421786
3class_dedup,train,2641,CHEMBL2011187
3class_dedup,train,2682,CHEMBL4128368
3class_dedup,train,417,CHEMBL206550
3class_dedup,train,2706,CHEMBL4462178
3class_dedup,train,584,CHEMBL5290853
3class_dedup,train,2207,CHEMBL225360
3class_dedup,train,2212,CHEMBL202226
3class_dedup,train,666,CHEMBL5279458
3class_dedup,train,1190,CHEMBL209047
3class_dedup,train,766,CHEMBL25059
3class_dedup,train,1655,CHEMBL5291258
3class_dedup,train,2376,CHEMBL3623232
3class_dedup,train,2486,CHEMBL1173129
3class_dedup,train,659,CHEMBL88842
3class_dedup,train,1598,CHEMBL5268519
3class_dedup,train,2942,CHEMBL4749692
3class_dedup,train,1970,CHEMBL132929
3class_dedup,train,255,CHEMBL463452
3class_dedup,train,1572,CHEMBL3245353
3class_dedup,train,1199,CHEMBL495777
3class_dedup,train,1172,CHEMBL5269756
3class_dedup,train,1200,CHEMBL3818720
3class_dedup,train,2223,CHEMBL224789
3class_dedup,train,605,CHEMBL307006
3class_dedup,train,1850,CHEMBL5270259
3class_dedup,train,2858,CHEMBL1688903
3class_dedup,train,1015,CHEMBL3589965
3class_dedup,train,1150,CHEMBL1784804
3class_dedup,train,2093,CHEMBL5403912
3class_dedup,train,731,CHEMBL2442769
3class_dedup,train,1290,CHEMBL2336849
3class_dedup,train,2738,CHEMBL3421770
3class_dedup,train,2742,CHEMBL1173131
3class_dedup,train,203,CHEMBL5406968
3class_dedup,train,756,CHEMBL193343
3class_dedup,train,182,CHEMBL270215
3class_dedup,train,2844,CHEMBL1688897
3class_dedup,train,1793,CHEMBL3752976
3class_dedup,train,1521,CHEMBL1630909
3class_dedup,train,23,CHEMBL82981
3class_dedup,train,502,CHEMBL5275417
3class_dedup,train,1034,CHEMBL1672980
3class_dedup,train,1825,CHEMBL3805310
3class_dedup,train,879,CHEMBL357775
3class_dedup,train,178,CHEMBL5291132
3class_dedup,train,2773,CHEMBL405881
3class_dedup,train,1995,CHEMBL441367
3class_dedup,train,764,CHEMBL8313
3class_dedup,train,2111,CHEMBL371275
3class_dedup,train,2329,CHEMBL5425142
3class_dedup,train,784,CHEMBL5290511
3class_dedup,train,536,CHEMBL1824759
3class_dedup,train,1231,CHEMBL195354
3class_dedup,train,2110,CHEMBL383806
3class_dedup,train,1980,CHEMBL518586
3class_dedup,train,2202,CHEMBL3818343
3class_dedup,train,2501,CHEMBL4068601
3class_dedup,train,1067,CHEMBL5275933
3class_dedup,train,2449,CHEMBL5400682
3class_dedup,train,1367,CHEMBL349704
3class_dedup,train,1428,CHEMBL4460869
3class_dedup,train,866,CHEMBL436515
3class_dedup,train,792,CHEMBL3752460
3class_dedup,train,2370,CHEMBL390496
3class_dedup,train,2946,CHEMBL480514
3class_dedup,train,924,CHEMBL308537
3class_dedup,train,477,CHEMBL5284663
3class_dedup,train,1454,CHEMBL3752155
3class_dedup,train,141,CHEMBL157101
3class_dedup,train,2361,CHEMBL108483
3class_dedup,train,2253,CHEMBL1825029
3class_dedup,train,1317,CHEMBL2011182
3class_dedup,train,1092,CHEMBL2163646
3class_dedup,train,1782,CHEMBL3349659
3class_dedup,train,2487,CHEMBL1642686
3class_dedup,train,1842,CHEMBL540958
3class_dedup,train,2125,CHEMBL5432975
3class_dedup,train,1760,CHEMBL2112309
3class_dedup,train,127,CHEMBL5270023
3class_dedup,train,1741,CHEMBL5274998
3class_dedup,train,947,CHEMBL462879
3class_dedup,train,1219,CHEMBL1997442
3class_dedup,train,2027,CHEMBL5394007
3class_dedup,train,2915,CHEMBL335836
3class_dedup,train,2824,CHEMBL1083353
3class_dedup,train,1627,CHEMBL5266298
3class_dedup,train,2238,CHEMBL285809
3class_dedup,train,275,CHEMBL2312951
3class_dedup,train,74,CHEMBL5433928
3class_dedup,train,1040,CHEMBL1957221
3class_dedup,train,1269,CHEMBL4583456
3class_dedup,train,956,CHEMBL87477
3class_dedup,train,1755,CHEMBL5284085
3class_dedup,train,1491,CHEMBL5290751
3class_dedup,train,2320,CHEMBL5418345
3class_dedup,train,2242,CHEMBL162834
3class_dedup,train,2629,CHEMBL4166769
3class_dedup,train,1563,CHEMBL2003274
3class_dedup,train,3019,CHEMBL3623230
3class_dedup,train,510,CHEMBL5289535
3class_dedup,train,3064,CHEMBL118266
3class_dedup,train,2633,CHEMBL1094154
3class_dedup,train,2937,CHEMBL4764457
3class_dedup,train,1368,CHEMBL350074
3class_dedup,train,3056,CHEMBL4228244
3class_dedup,train,2778,CHEMBL495574
3class_dedup,train,813,CHEMBL5425567
3class_dedup,train,247,CHEMBL1173326
3class_dedup,train,2947,CHEMBL1783177
3class_dedup,train,2122,CHEMBL1098424
3class_dedup,train,1194,CHEMBL16782
3class_dedup,train,1578,CHEMBL5281163
3class_dedup,train,684,CHEMBL1668327
3class_dedup,train,2554,CHEMBL243755
3class_dedup,train,1257,CHEMBL229906
3class_dedup,train,2051,CHEMBL3415165
3class_dedup,train,697,CHEMBL5284111
3class_dedup,train,2292,CHEMBL3622060
3class_dedup,train,2060,CHEMBL4161492
3class_dedup,train,1276,CHEMBL5177928
3class_dedup,train,2755,CHEMBL13784
3class_dedup,train,1503,CHEMBL166079
3class_dedup,train,2675,CHEMBL4126996
3class_dedup,train,2422,CHEMBL196796
3class_dedup,train,576,CHEMBL202471
3class_dedup,train,1907,CHEMBL2417553
3class_dedup,train,1160,CHEMBL4870604
3class_dedup,train,1999,CHEMBL175144
3class_dedup,train,1766,CHEMBL5277659
3class_dedup,train,1932,CHEMBL5411965
3class_dedup,train,2784,CHEMBL4555477
3class_dedup,train,326,CHEMBL2386286
3class_dedup,train,1585,CHEMBL3753645
3class_dedup,train,2879,CHEMBL158984
3class_dedup,train,2085,CHEMBL30043
3class_dedup,train,1378,CHEMBL112292
3class_dedup,train,64,CHEMBL5286506
3class_dedup,train,933,CHEMBL5275053
3class_dedup,train,590,CHEMBL27591
3class_dedup,train,2663,CHEMBL3105521
3class_dedup,train,2638,CHEMBL2011176
3class_dedup,train,248,CHEMBL1173259
3class_dedup,train,2842,CHEMBL3359956
3class_dedup,train,1312,CHEMBL1173573
3class_dedup,train,1622,CHEMBL5290103
3class_dedup,train,492,CHEMBL5394223
3class_dedup,train,114,CHEMBL4468497
3class_dedup,train,1702,CHEMBL5275668
3class_dedup,train,1066,CHEMBL5432300
3class_dedup,train,1297,CHEMBL193863
3class_dedup,train,2522,CHEMBL3359960
3class_dedup,train,104,CHEMBL1915151
3class_dedup,train,1232,CHEMBL176609
3class_dedup,train,2404,CHEMBL500976
3class_dedup,train,330,CHEMBL583989
3class_dedup,train,2998,CHEMBL1824761
3class_dedup,train,637,CHEMBL112532
3class_dedup,train,1845,CHEMBL220886
3class_dedup,train,2549,CHEMBL5273068
3class_dedup,train,2643,CHEMBL90077
3class_dedup,train,606,CHEMBL305630
3class_dedup,train,256,CHEMBL454580
3class_dedup,train,276,CHEMBL282573
3class_dedup,train,395,CHEMBL68674
3class_dedup,train,1965,CHEMBL137604
3class_dedup,train,1568,CHEMBL1908014
3class_dedup,train,2195,CHEMBL5397796
3class_dedup,train,1967,CHEMBL415725
3class_dedup,train,1789,CHEMBL5279752
3class_dedup,train,1748,CHEMBL5282922
3class_dedup,train,483,CHEMBL275594
3class_dedup,train,2132,CHEMBL489986
3class_dedup,train,2838,CHEMBL1688915
3class_dedup,train,964,CHEMBL480516
3class_dedup,train,2382,CHEMBL5397563
3class_dedup,train,2416,CHEMBL177413
3class_dedup,train,349,CHEMBL5421275
3class_dedup,train,133,CHEMBL3984531
3class_dedup,train,2678,CHEMBL5404063
3class_dedup,train,1263,CHEMBL95109
3class_dedup,train,480,CHEMBL29521
3class_dedup,train,194,CHEMBL1784805
3class_dedup,train,2000,CHEMBL175688
3class_dedup,train,105,CHEMBL351526
3class_dedup,train,1065,CHEMBL1173641
3class_dedup,train,856,CHEMBL270917
3class_dedup,train,438,CHEMBL149791
3class_dedup,train,1060,CHEMBL296411
3class_dedup,train,173,CHEMBL5284524
3class_dedup,train,1074,CHEMBL63336
3class_dedup,train,2412,CHEMBL287677
3class_dedup,train,803,CHEMBL3415156
3class_dedup,train,116,CHEMBL4520056
3class_dedup,train,2251,CHEMBL1825030
3class_dedup,train,230,CHEMBL523973
3class_dedup,train,1285,CHEMBL198291
3class_dedup,train,972,CHEMBL226791
3class_dedup,train,1792,CHEMBL5273116
3class_dedup,train,1487,CHEMBL5290646
3class_dedup,train,618,CHEMBL5273384
3class_dedup,train,1456,CHEMBL5269707
3class_dedup,train,1355,CHEMBL223109
3class_dedup,train,1304,CHEMBL495567
3class_dedup,train,643,CHEMBL150799
3class_dedup,train,311,CHEMBL29901
3class_dedup,train,278,CHEMBL28669
3class_dedup,train,1854,CHEMBL222260
3class_dedup,train,1030,CHEMBL2442763
3class_dedup,train,384,CHEMBL131414
3class_dedup,train,1070,CHEMBL5413924
3class_dedup,train,703,CHEMBL4070331
3class_dedup,train,20,CHEMBL5434222
3class_dedup,train,2224,CHEMBL1444
3class_dedup,train,2121,CHEMBL3623227
3class_dedup,train,632,CHEMBL150146
3class_dedup,train,3026,CHEMBL5432998
3class_dedup,train,778,CHEMBL70436
3class_dedup,train,2845,CHEMBL1688901
3class_dedup,train,1492,CHEMBL5284938
3class_dedup,train,512,CHEMBL5290133
3class_dedup,train,1535,CHEMBL3752892
3class_dedup,train,944,CHEMBL3806075
3class_dedup,train,423,CHEMBL5177518
3class_dedup,train,2345,CHEMBL390077
3class_dedup,train,3054,CHEMBL4227725
3class_dedup,train,187,CHEMBL5282873
3class_dedup,train,1676,CHEMBL3754455
3class_dedup,train,1574,CHEMBL3245357
3class_dedup,train,235,CHEMBL3582477
3class_dedup,train,1201,CHEMBL381014
3class_dedup,train,33,CHEMBL113121
3class_dedup,train,295,CHEMBL5406205
3class_dedup,train,921,CHEMBL229945
3class_dedup,train,2043,CHEMBL2336859
3class_dedup,train,2651,CHEMBL93828
3class_dedup,train,672,CHEMBL3359954
3class_dedup,train,611,CHEMBL174909
3class_dedup,train,1289,CHEMBL2336850
3class_dedup,train,2799,CHEMBL164
3class_dedup,train,2039,CHEMBL519436
3class_dedup,train,728,CHEMBL5176279
3class_dedup,train,2068,CHEMBL2336856
3class_dedup,train,899,CHEMBL3264682
3class_dedup,train,2186,CHEMBL5411950
3class_dedup,train,1374,CHEMBL165342
3class_dedup,train,1940,CHEMBL1939519
3class_dedup,train,717,CHEMBL327239
3class_dedup,train,302,CHEMBL5407805
3class_dedup,train,38,CHEMBL5285796
3class_dedup,train,2312,CHEMBL5435238
3class_dedup,train,123,CHEMBL5281692
3class_dedup,train,1101,CHEMBL1094331
3class_dedup,train,1460,CHEMBL3752208
3class_dedup,train,481,CHEMBL5440090
3class_dedup,train,1278,CHEMBL202612
3class_dedup,train,2730,CHEMBL3805851
3class_dedup,train,186,CHEMBL3754779
3class_dedup,train,2595,CHEMBL255110
3class_dedup,train,2182,CHEMBL223555
3class_dedup,train,2455,CHEMBL1215665
3class_dedup,train,1094,CHEMBL382500
3class_dedup,train,1044,CHEMBL212473
3class_dedup,train,2213,CHEMBL5422369
3class_dedup,train,2367,CHEMBL108646
3class_dedup,train,1756,CHEMBL4517318
3class_dedup,train,854,CHEMBL4214618
3class_dedup,train,383,CHEMBL132563
3class_dedup,train,2570,CHEMBL91992
3class_dedup,train,1895,CHEMBL176009
3class_dedup,train,860,CHEMBL270915
3class_dedup,train,790,CHEMBL124118
3class_dedup,train,2532,CHEMBL270488
3class_dedup,train,2757,CHEMBL4560281
3class_dedup,train,845,CHEMBL416616
3class_dedup,train,3007,CHEMBL336638
3class_dedup,train,1982,CHEMBL478023
3class_dedup,train,2805,CHEMBL525379
3class_dedup,train,2772,CHEMBL4570681
3class_dedup,train,664,CHEMBL38877
3class_dedup,train,1254,CHEMBL5417396
3class_dedup,train,1470,CHEMBL3753373
3class_dedup,train,2235,CHEMBL512994
3class_dedup,train,1817,CHEMBL4436270
3class_dedup,train,574,CHEMBL316262
3class_dedup,train,265,CHEMBL115452
3class_dedup,train,2931,CHEMBL165
3class_dedup,train,2469,CHEMBL1191848
3class_dedup,train,875,CHEMBL223368
3class_dedup,train,2505,CHEMBL492818
3class_dedup,train,1212,CHEMBL370281
3class_dedup,train,1319,CHEMBL1688904
3class_dedup,train,1899,CHEMBL5398810
3class_dedup,train,2816,CHEMBL2333336
3class_dedup,train,2014,CHEMBL4229012
3class_dedup,train,1513,CHEMBL2058267
3class_dedup,train,11,CHEMBL176118
3class_dedup,train,2802,CHEMBL522917
3class_dedup,train,2737,CHEMBL3421765
3class_dedup,train,1426,CHEMBL4564333
3class_dedup,train,2853,CHEMBL1688895
3class_dedup,train,2686,CHEMBL4171198
3class_dedup,train,499,CHEMBL5266953
3class_dedup,train,1077,CHEMBL390364
3class_dedup,train,578,CHEMBL5285647
3class_dedup,train,1906,CHEMBL2430197
3class_dedup,train,1947,CHEMBL294357
3class_dedup,train,204,CHEMBL3622077
3class_dedup,train,1125,CHEMBL3245356
3class_dedup,train,2504,CHEMBL4453737
3class_dedup,train,1473,CHEMBL3752221
3class_dedup,train,555,CHEMBL2111801
3class_dedup,train,2551,CHEMBL5266533
3class_dedup,train,2116,CHEMBL195580
3class_dedup,train,3009,CHEMBL1825024
3class_dedup,train,2049,CHEMBL283671
3class_dedup,train,1525,CHEMBL288242
3class_dedup,train,108,CHEMBL4454575
3class_dedup,train,2536,CHEMBL269877
3class_dedup,train,1114,CHEMBL2430499
3class_dedup,train,1279,CHEMBL372999
3class_dedup,train,1286,CHEMBL199334
3class_dedup,train,2910,CHEMBL30081
3class_dedup,train,1744,CHEMBL5282258
3class_dedup,train,570,CHEMBL1825027
3class_dedup,train,3035,CHEMBL116794
3class_dedup,train,1046,CHEMBL2336853
3class_dedup,train,2332,CHEMBL5402384
3class_dedup,train,1116,CHEMBL1171680
3class_dedup,train,252,CHEMBL458188
3class_dedup,train,2114,CHEMBL359817
3class_dedup,train,2785,CHEMBL185
3class_dedup,train,1874,CHEMBL324070
3class_dedup,train,1884,CHEMBL2336861
3class_dedup,train,327,CHEMBL489
3class_dedup,train,707,CHEMBL4103066
3class_dedup,train,874,CHEMBL222250
3class_dedup,train,1718,CHEMBL5275068
3class_dedup,train,2814,CHEMBL1083971
3class_dedup,train,315,CHEMBL3422032
3class_dedup,train,2582,CHEMBL1095413
3class_dedup,train,625,CHEMBL149750
3class_dedup,train,1963,CHEMBL5427411
3class_dedup,train,1604,CHEMBL5278102
3class_dedup,train,2056,CHEMBL3415162
3class_dedup,train,759,CHEMBL3913908
3class_dedup,train,2598,CHEMBL274318
3class_dedup,train,2544,CHEMBL113647
3class_dedup,train,2743,CHEMBL5423378
3class_dedup,train,2400,CHEMBL3806046
3class_dedup,train,1245,CHEMBL438549
3class_dedup,train,558,CHEMBL88412
3class_dedup,train,1978,CHEMBL489359
3class_dedup,train,1594,CHEMBL5287766
3class_dedup,train,1315,CHEMBL2312956
3class_dedup,train,269,CHEMBL558103
3class_dedup,train,1931,CHEMBL1957216
3class_dedup,train,685,CHEMBL8333
3class_dedup,train,996,CHEMBL381883
3class_dedup,train,853,CHEMBL5394799
3class_dedup,train,1449,CHEMBL3752174
3class_dedup,train,2328,CHEMBL5412353
3class_dedup,train,2771,CHEMBL4172837
3class_dedup,train,2939,CHEMBL4752568
3class_dedup,train,129,CHEMBL5203413
3class_dedup,train,1202,CHEMBL4170941
3class_dedup,train,2795,CHEMBL3794430
3class_dedup,train,862,CHEMBL443066
3class_dedup,train,2294,CHEMBL3622058
3class_dedup,train,2076,CHEMBL5417163
3class_dedup,train,1481,CHEMBL5277644
3class_dedup,train,2107,CHEMBL179247
3class_dedup,train,2262,CHEMBL375043
3class_dedup,train,1701,CHEMBL5283697
3class_dedup,train,2354,CHEMBL5401946
3class_dedup,train,797,CHEMBL1784794
3class_dedup,train,229,CHEMBL478647
3class_dedup,train,3023,CHEMBL272339
3class_dedup,train,938,CHEMBL3134113
3class_dedup,train,3063,CHEMBL365735
3class_dedup,train,1437,CHEMBL454421
3class_dedup,train,2021,CHEMBL5400021
3class_dedup,train,2899,CHEMBL337750
3class_dedup,train,1671,CHEMBL1627337
3class_dedup,train,881,CHEMBL2165319
3class_dedup,train,1752,CHEMBL5275846
3class_dedup,train,253,CHEMBL5427782
3class_dedup,train,446,CHEMBL336102
3class_dedup,train,805,CHEMBL5416291
3class_dedup,train,1364,CHEMBL39248
3class_dedup,train,1100,CHEMBL2312957
3class_dedup,train,1643,CHEMBL2311169
3class_dedup,train,136,CHEMBL3977491
3class_dedup,train,733,CHEMBL2442770
3class_dedup,train,1215,CHEMBL93666
3class_dedup,train,2461,CHEMBL1173130
3class_dedup,train,1016,CHEMBL5281289
3class_dedup,train,1196,CHEMBL503538
3class_dedup,train,1573,CHEMBL3245350
3class_dedup,train,1868,CHEMBL5267859
3class_dedup,train,1193,CHEMBL158635
3class_dedup,train,18,CHEMBL1957208
3class_dedup,train,1058,CHEMBL5418780
3class_dedup,train,1,CHEMBL1957220
3class_dedup,train,621,CHEMBL5288626
3class_dedup,train,3020,CHEMBL1825043
3class_dedup,train,1096,CHEMBL335050
3class_dedup,train,1266,CHEMBL5398185
3class_dedup,train,725,CHEMBL39403
3class_dedup,train,1997,CHEMBL1825044
3class_dedup,train,1611,CHEMBL5276932
3class_dedup,train,1679,CHEMBL3753258
3class_dedup,train,2525,CHEMBL3359959
3class_dedup,train,2573,CHEMBL284934
3class_dedup,train,1541,CHEMBL5274299
3class_dedup,train,2920,CHEMBL348913
3class_dedup,train,1893,CHEMBL1688893
3class_dedup,train,365,CHEMBL71363
3class_dedup,train,738,CHEMBL5272891
3class_dedup,train,1149,CHEMBL3805149
3class_dedup,train,1018,CHEMBL5399600
3class_dedup,train,3060,CHEMBL52509
3class_dedup,train,1803,CHEMBL5396048
3class_dedup,train,1856,CHEMBL1939542
3class_dedup,train,1408,CHEMBL5407494
3class_dedup,train,527,CHEMBL3754186
3class_dedup,train,130,CHEMBL5174567
3class_dedup,train,2429,CHEMBL5394486
3class_dedup,train,2534,CHEMBL260098
3class_dedup,train,1973,CHEMBL135340
3class_dedup,train,530,CHEMBL289766
3class_dedup,train,107,CHEMBL185966
3class_dedup,train,1505,CHEMBL423096
3class_dedup,train,504,CHEMBL3752998
3class_dedup,train,1996,CHEMBL1824763
3class_dedup,train,3041,CHEMBL304903
3class_dedup,train,1855,CHEMBL387386
3class_dedup,train,847,CHEMBL166017
3class_dedup,train,2205,CHEMBL388515
3class_dedup,train,2550,CHEMBL5275747
3class_dedup,train,736,CHEMBL4078790
3class_dedup,train,1547,CHEMBL5270108
3class_dedup,train,1241,CHEMBL193496
3class_dedup,train,857,CHEMBL271794
3class_dedup,train,882,CHEMBL2165321
3class_dedup,train,1452,CHEMBL5271771
3class_dedup,train,2088,CHEMBL5397257
3class_dedup,train,832,CHEMBL2442762
3class_dedup,train,656,CHEMBL5271283
3class_dedup,train,743,CHEMBL5270764
3class_dedup,train,984,CHEMBL3134115
3class_dedup,train,1005,CHEMBL225497
3class_dedup,train,930,CHEMBL307581
3class_dedup,train,319,CHEMBL3942918
3class_dedup,train,646,CHEMBL24037
3class_dedup,train,1735,CHEMBL2431525
3class_dedup,train,2436,CHEMBL3422041
3class_dedup,train,318,CHEMBL3422047
3class_dedup,train,2351,CHEMBL5413848
3class_dedup,train,1350,CHEMBL374651
3class_dedup,train,723,CHEMBL5416025
3class_dedup,train,1001,CHEMBL2165315
3class_dedup,train,1240,CHEMBL176098
3class_dedup,train,1944,CHEMBL304788
3class_dedup,train,451,CHEMBL132380
3class_dedup,train,2272,CHEMBL599239
3class_dedup,train,2438,CHEMBL3422044
3class_dedup,train,301,CHEMBL3415158
3class_dedup,train,692,CHEMBL5271187
3class_dedup,train,2058,CHEMBL4439573
3class_dedup,train,789,CHEMBL330452
3class_dedup,train,596,CHEMBL5274084
3class_dedup,train,826,CHEMBL3623225
3class_dedup,train,774,CHEMBL4437198
3class_dedup,train,894,CHEMBL1915156
3class_dedup,train,960,CHEMBL3752689
3class_dedup,train,1726,CHEMBL5274863
3class_dedup,train,1674,CHEMBL3623221
3class_dedup,train,4,CHEMBL1939521
3class_dedup,train,2003,CHEMBL177692
3class_dedup,train,2886,CHEMBL28465
3class_dedup,train,306,CHEMBL52
3class_dedup,train,2204,CHEMBL225378
3class_dedup,train,1778,CHEMBL3751913
3class_dedup,train,304,CHEMBL5092843
3class_dedup,train,1867,CHEMBL5287894
3class_dedup,train,1872,CHEMBL272464
3class_dedup,train,2991,CHEMBL5403749
3class_dedup,train,466,CHEMBL289116
3class_dedup,train,419,CHEMBL4639677
3class_dedup,train,1507,CHEMBL165106
3class_dedup,train,387,CHEMBL309113
3class_dedup,train,1926,CHEMBL224391
3class_dedup,train,1226,CHEMBL26279
3class_dedup,train,2243,CHEMBL9298
3class_dedup,train,2996,CHEMBL1824768
3class_dedup,train,2236,CHEMBL468410
3class_dedup,train,2377,CHEMBL4465348
3class_dedup,train,2398,CHEMBL1956179
3class_dedup,train,961,CHEMBL2235950
3class_dedup,train,2443,CHEMBL598009
3class_dedup,train,2668,CHEMBL2011171
3class_dedup,train,1577,CHEMBL3349656
3class_dedup,train,2591,CHEMBL307893
3class_dedup,train,914,CHEMBL290309
3class_dedup,train,135,CHEMBL5082681
3class_dedup,train,2855,CHEMBL1688910
3class_dedup,train,1852,CHEMBL5269029
3class_dedup,train,1169,CHEMBL5289628
3class_dedup,train,2976,CHEMBL1172882
3class_dedup,train,2394,CHEMBL1956180
3class_dedup,train,290,CHEMBL2333331
3class_dedup,train,1506,CHEMBL165279
3class_dedup,train,2851,CHEMBL1688891
3class_dedup,train,2960,CHEMBL23394
3class_dedup,train,2984,CHEMBL2420684
3class_dedup,train,2894,CHEMBL336616
3class_dedup,train,2036,CHEMBL100749
3class_dedup,train,670,CHEMBL5277126
3class_dedup,train,567,CHEMBL313485
3class_dedup,train,1815,CHEMBL2442764
3class_dedup,train,2474,CHEMBL5426628
3class_dedup,train,1072,CHEMBL5429907
3class_dedup,train,478,CHEMBL5273888
3class_dedup,train,376,CHEMBL281871
3class_dedup,train,2248,CHEMBL5411570
3class_dedup,train,1248,CHEMBL388374
3class_dedup,train,543,CHEMBL123494
3class_dedup,train,870,CHEMBL376649
3class_dedup,train,842,CHEMBL5407480
3class_dedup,train,2170,CHEMBL3421779
3class_dedup,train,698,CHEMBL1824742
3class_dedup,train,2541,CHEMBL3804849
3class_dedup,train,1657,CHEMBL189051
3class_dedup,train,1483,CHEMBL5290344
3class_dedup,train,2179,CHEMBL5395040
3class_dedup,train,471,CHEMBL101743
3class_dedup,train,2152,CHEMBL3952032
3class_dedup,train,523,CHEMBL5397228
3class_dedup,train,1084,CHEMBL5432857
3class_dedup,train,51,CHEMBL360026
3class_dedup,train,831,CHEMBL2442760
3class_dedup,train,1205,CHEMBL4162549
3class_dedup,train,1881,CHEMBL2011173
3class_dedup,train,445,CHEMBL5278342
3class_dedup,train,1218,CHEMBL1096024
3class_dedup,train,2136,CHEMBL3951973
3class_dedup,train,2918,CHEMBL5434047
3class_dedup,train,2126,CHEMBL5409533
3class_dedup,train,1495,CHEMBL5267234
3class_dedup,train,798,CHEMBL3919759
3class_dedup,train,589,CHEMBL1825039
3class_dedup,train,2587,CHEMBL3099735
3class_dedup,train,323,CHEMBL2386285
3class_dedup,train,208,CHEMBL597403
3class_dedup,train,1556,CHEMBL3754505
3class_dedup,train,1301,CHEMBL2420685
3class_dedup,train,2482,CHEMBL2333337
3class_dedup,train,1581,CHEMBL3752252
3class_dedup,train,1846,CHEMBL350072
3class_dedup,train,2026,CHEMBL1097041
3class_dedup,train,751,CHEMBL1957222
3class_dedup,train,2097,CHEMBL5414100
3class_dedup,train,2407,CHEMBL31215
3class_dedup,train,2993,CHEMBL495566
3class_dedup,train,3014,CHEMBL166789
3class_dedup,train,1662,CHEMBL3754305
3class_dedup,train,2661,CHEMBL2011191
3class_dedup,train,163,CHEMBL311077
3class_dedup,train,3011,CHEMBL223874
3class_dedup,train,1696,CHEMBL1629802
3class_dedup,train,1921,CHEMBL3415169
3class_dedup,train,2372,CHEMBL1672981
3class_dedup,train,867,CHEMBL373377
3class_dedup,train,1885,CHEMBL1939534
3class_dedup,train,1617,CHEMBL99057
3class_dedup,train,1407,CHEMBL4859743
3class_dedup,train,1681,CHEMBL5284594
3class_dedup,train,2221,CHEMBL1824748
3class_dedup,train,654,CHEMBL5266927
3class_dedup,train,1493,CHEMBL5291192
3class_dedup,train,2421,CHEMBL31224
3class_dedup,train,2218,CHEMBL1824754
3class_dedup,train,2042,CHEMBL1939525
3class_dedup,train,2444,CHEMBL5429338
3class_dedup,train,2722,CHEMBL5402392
3class_dedup,train,415,CHEMBL5286866
3class_dedup,train,25,CHEMBL176539
3class_dedup,train,667,CHEMBL5269004
3class_dedup,train,1375,CHEMBL276140
3class_dedup,train,2831,CHEMBL283196
3class_dedup,train,1583,CHEMBL3752818
3class_dedup,train,390,CHEMBL311400
3class_dedup,train,1031,CHEMBL2440145
3class_dedup,train,2864,CHEMBL2430498
3class_dedup,train,77,CHEMBL5406470
3class_dedup,train,651,CHEMBL5272328
3class_dedup,train,71,CHEMBL205881
3class_dedup,train,1309,CHEMBL2208131
3class_dedup,train,2681,CHEMBL4537791
3class_dedup,train,336,CHEMBL463241
3class_dedup,train,1416,CHEMBL110524
3class_dedup,train,458,CHEMBL5080066
3class_dedup,train,449,CHEMBL287647
3class_dedup,train,2655,CHEMBL168444
3class_dedup,train,869,CHEMBL220792
3class_dedup,train,2934,CHEMBL4753594
3class_dedup,train,915,CHEMBL5273960
3class_dedup,train,2402,CHEMBL4444996
3class_dedup,train,795,CHEMBL3753667
3class_dedup,train,1352,CHEMBL220829
3class_dedup,train,630,CHEMBL150681
3class_dedup,train,1236,CHEMBL23097
3class_dedup,train,1619,CHEMBL84230
3class_dedup,train,1048,CHEMBL2336858
3class_dedup,train,1131,CHEMBL5433532
3class_dedup,train,565,CHEMBL268209
3class_dedup,train,49,CHEMBL362187
3class_dedup,train,2385,CHEMBL325346
3class_dedup,train,1137,CHEMBL1824767
3class_dedup,train,1834,CHEMBL1521315
3class_dedup,train,444,CHEMBL5288485
3class_dedup,train,951,CHEMBL1170893
3class_dedup,train,2456,CHEMBL1173327
3class_dedup,train,3049,CHEMBL291700
3class_dedup,train,1878,CHEMBL366570
3class_dedup,train,2936,CHEMBL4777271
3class_dedup,train,200,CHEMBL133724
3class_dedup,train,82,CHEMBL5438581
3class_dedup,train,524,CHEMBL29338
3class_dedup,train,296,CHEMBL5275215
3class_dedup,train,1644,CHEMBL5280552
3class_dedup,train,2829,CHEMBL75267
3class_dedup,train,238,CHEMBL431843
3class_dedup,train,833,CHEMBL2442753
3class_dedup,train,191,CHEMBL3621226
3class_dedup,train,2695,CHEMBL4162907
3class_dedup,train,245,CHEMBL1172847
3class_dedup,train,1936,CHEMBL4170868
3class_dedup,train,1132,CHEMBL4229074
3class_dedup,train,1246,CHEMBL3134228
3class_dedup,train,1527,CHEMBL5277901
3class_dedup,train,1847,CHEMBL1203757
3class_dedup,train,3048,CHEMBL55144
3class_dedup,train,1281,CHEMBL197650
3class_dedup,train,1686,CHEMBL2112301
3class_dedup,train,2059,CHEMBL4171996
3class_dedup,train,288,CHEMBL274387
3class_dedup,train,312,CHEMBL2312967
3class_dedup,train,314,CHEMBL3422033
3class_dedup,train,218,CHEMBL134169
3class_dedup,train,2024,CHEMBL4216885
3class_dedup,train,2065,CHEMBL3818279
3class_dedup,train,165,CHEMBL3752805
3class_dedup,train,400,CHEMBL3752994
3class_dedup,train,848,CHEMBL596779
3class_dedup,train,1012,CHEMBL3264681
3class_dedup,train,263,CHEMBL457679
3class_dedup,train,1225,CHEMBL23646
3class_dedup,train,2586,CHEMBL9179
3class_dedup,train,1761,CHEMBL5265802
3class_dedup,train,517,CHEMBL3752480
3class_dedup,train,1176,CHEMBL5281207
3class_dedup,train,2759,CHEMBL4574913
3class_dedup,train,1022,CHEMBL4163704
3class_dedup,train,2670,CHEMBL2011186
3class_dedup,train,2446,CHEMBL479942
3class_dedup,train,2252,CHEMBL5400514
3class_dedup,train,1145,CHEMBL3805678
3class_dedup,train,1864,CHEMBL5417452
3class_dedup,train,1345,CHEMBL3980889
3class_dedup,train,2703,CHEMBL4556427
3class_dedup,train,1661,CHEMBL1079595
3class_dedup,train,2928,CHEMBL509750
3class_dedup,train,151,CHEMBL5281414
3class_dedup,train,526,CHEMBL3752341
3class_dedup,train,1626,CHEMBL1629801
3class_dedup,train,2839,CHEMBL3794417
3class_dedup,train,364,CHEMBL71152
3class_dedup,train,353,CHEMBL29138
3class_dedup,train,1896,CHEMBL368305
3class_dedup,train,1709,CHEMBL5271092
3class_dedup,train,443,CHEMBL5273646
3class_dedup,train,1719,CHEMBL5291323
3class_dedup,train,1724,CHEMBL5288289
3class_dedup,train,2687,CHEMBL4159184
3class_dedup,train,2145,CHEMBL3622075
3class_dedup,train,3034,CHEMBL1082760
3class_dedup,train,2020,CHEMBL521591
3class_dedup,train,1390,CHEMBL444068
3class_dedup,train,542,CHEMBL202469
3class_dedup,train,843,CHEMBL285193
3class_dedup,train,1688,CHEMBL2112299
3class_dedup,train,2787,CHEMBL363493
3class_dedup,train,959,CHEMBL3623212
3class_dedup,train,1233,CHEMBL359942
3class_dedup,train,190,CHEMBL349919
3class_dedup,train,2316,CHEMBL5412416
3class_dedup,train,1790,CHEMBL3754720
3class_dedup,train,1820,CHEMBL1939533
3class_dedup,train,2432,CHEMBL374934
3class_dedup,train,1620,CHEMBL5274832
3class_dedup,train,1743,CHEMBL3753997
3class_dedup,train,683,CHEMBL1668328
3class_dedup,train,1780,CHEMBL3751861
3class_dedup,train,2792,CHEMBL516643
3class_dedup,train,1115,CHEMBL2430501
3class_dedup,train,711,CHEMBL5414572
3class_dedup,train,2451,CHEMBL5400554
3class_dedup,train,2727,CHEMBL3805539
3class_dedup,train,546,CHEMBL39661
3class_dedup,train,718,CHEMBL5409215
3class_dedup,train,2948,CHEMBL5413472
3class_dedup,train,1490,CHEMBL5289592
3class_dedup,train,1954,CHEMBL5421179
3class_dedup,train,1633,CHEMBL3752280
3class_dedup,train,2970,CHEMBL2420678
3class_dedup,train,352,CHEMBL149238
3class_dedup,train,1602,CHEMBL5280059
3class_dedup,train,2691,CHEMBL4167098
3class_dedup,train,1391,CHEMBL135095
3class_dedup,train,1380,CHEMBL135070
3class_dedup,train,1565,CHEMBL3819184
3class_dedup,train,2333,CHEMBL5402413
3class_dedup,train,2250,CHEMBL4077246
3class_dedup,train,35,CHEMBL350713
3class_dedup,train,1292,CHEMBL2336848
3class_dedup,train,98,CHEMBL1200374
3class_dedup,train,1519,CHEMBL5266491
3class_dedup,train,164,CHEMBL309656
3class_dedup,train,1053,CHEMBL5429699
3class_dedup,train,595,CHEMBL5274139
3class_dedup,train,2956,CHEMBL2430196
3class_dedup,train,2149,CHEMBL4747849
3class_dedup,train,2768,CHEMBL1825046
3class_dedup,train,1414,CHEMBL3799189
3class_dedup,train,980,CHEMBL3134112
3class_dedup,train,497,CHEMBL5268721
3class_dedup,train,1479,CHEMBL5275780
3class_dedup,train,1638,CHEMBL1629806
3class_dedup,train,2769,CHEMBL3805008
3class_dedup,train,2336,CHEMBL5395326
3class_dedup,train,2556,CHEMBL397728
3class_dedup,train,37,CHEMBL5279060
3class_dedup,train,1827,CHEMBL14563
3class_dedup,train,210,CHEMBL1399
3class_dedup,train,1419,CHEMBL70959
3class_dedup,train,461,CHEMBL30047
3class_dedup,train,2057,CHEMBL3415152
3class_dedup,train,46,CHEMBL363621
3class_dedup,train,473,CHEMBL5266818
3class_dedup,train,1488,CHEMBL3407536
3class_dedup,train,528,CHEMBL5280054
3class_dedup,train,2010,CHEMBL389433
3class_dedup,train,224,CHEMBL1939526
3class_dedup,train,2340,CHEMBL226893
3class_dedup,train,1799,CHEMBL5271636
3class_dedup,train,1256,CHEMBL228985
3class_dedup,train,1253,CHEMBL5434837
3class_dedup,train,381,CHEMBL129883
3class_dedup,train,624,CHEMBL359116
3class_dedup,train,775,CHEMBL8498
3class_dedup,train,2540,CHEMBL1915403
3class_dedup,train,2426,CHEMBL4568674
3class_dedup,train,865,CHEMBL204502
3class_dedup,train,1175,CHEMBL5283978
3class_dedup,train,2061,CHEMBL4175438
3class_dedup,train,943,CHEMBL3805388
3class_dedup,train,814,CHEMBL1097043
3class_dedup,train,10,CHEMBL174579
3class_dedup,train,1740,CHEMBL5273177
3class_dedup,train,3038,CHEMBL24233
3class_dedup,train,1731,CHEMBL1630268
3class_dedup,train,1618,CHEMBL194641
3class_dedup,train,2307,CHEMBL3622055
3class_dedup,train,515,CHEMBL39152
3class_dedup,train,2288,CHEMBL5417041
3class_dedup,train,1242,CHEMBL362441
3class_dedup,train,727,CHEMBL288695
3class_dedup,train,749,CHEMBL2165316
3class_dedup,train,2129,CHEMBL1939530
3class_dedup,train,2139,CHEMBL1939527
3class_dedup,train,998,CHEMBL454226
3class_dedup,train,176,CHEMBL5291168
3class_dedup,train,321,CHEMBL3422029
3class_dedup,train,2500,CHEMBL3959541
3class_dedup,train,1946,CHEMBL65549
3class_dedup,train,2285,CHEMBL3622059
3class_dedup,train,3043,CHEMBL53644
3class_dedup,train,706,CHEMBL4063099
3class_dedup,train,2289,CHEMBL5398138
3class_dedup,train,796,CHEMBL3754719
3class_dedup,train,713,CHEMBL5435743
3class_dedup,train,441,CHEMBL3350384
3class_dedup,train,920,CHEMBL425670
3class_dedup,train,1993,CHEMBL488050
3class_dedup,train,3013,CHEMBL168700
3class_dedup,train,2206,CHEMBL225550
3class_dedup,train,2263,CHEMBL421149
3class_dedup,train,2131,CHEMBL489189
3class_dedup,train,612,CHEMBL5396371
3class_dedup,train,2697,CHEMBL1371590
3class_dedup,train,1898,CHEMBL5425445
3class_dedup,train,793,CHEMBL3752973
3class_dedup,train,1637,CHEMBL5281733
3class_dedup,train,754,CHEMBL176886
3class_dedup,train,2973,CHEMBL2420688
3class_dedup,train,411,CHEMBL105298
3class_dedup,train,180,CHEMBL2112738
3class_dedup,train,1011,CHEMBL3264684
3class_dedup,train,2035,CHEMBL3891718
3class_dedup,train,2048,CHEMBL133079
3class_dedup,train,2975,CHEMBL5178202
3class_dedup,train,1071,CHEMBL5428361
3class_dedup,train,2012,CHEMBL369623
3class_dedup,train,2557,CHEMBL244795
3class_dedup,train,2606,CHEMBL2165322
3class_dedup,train,2019,CHEMBL5408745
3class_dedup,train,946,CHEMBL323197
3class_dedup,train,1365,CHEMBL3752500
3class_dedup,train,430,CHEMBL5205534
3class_dedup,train,2569,CHEMBL376039
3class_dedup,train,1537,CHEMBL3754241
3class_dedup,train,220,CHEMBL934
3class_dedup,train,715,CHEMBL354401
3class_dedup,train,1771,CHEMBL3800417
3class_dedup,train,34,CHEMBL2105261
3class_dedup,train,1807,CHEMBL3924257
3class_dedup,train,1339,CHEMBL491214
3class_dedup,train,177,CHEMBL72228
3class_dedup,train,1051,CHEMBL229907
3class_dedup,train,2602,CHEMBL2165320
3class_dedup,train,2715,CHEMBL5400803
3class_dedup,train,1335,CHEMBL2312969
3class_dedup,train,2246,CHEMBL5400406
3class_dedup,train,2913,CHEMBL287393
3class_dedup,train,2433,CHEMBL4077259
3class_dedup,train,335,CHEMBL102536
3class_dedup,train,995,CHEMBL372835
3class_dedup,train,425,CHEMBL5277776
3class_dedup,train,1738,CHEMBL5285921
3class_dedup,train,357,CHEMBL302305
3class_dedup,train,267,CHEMBL457680
3class_dedup,train,2683,CHEMBL3938615
3class_dedup,train,2833,CHEMBL117
3class_dedup,train,2355,CHEMBL226790
3class_dedup,train,503,CHEMBL5286772
3class_dedup,train,554,CHEMBL3751897
3class_dedup,train,2322,CHEMBL5406393
3class_dedup,train,309,CHEMBL388187
3class_dedup,train,2450,CHEMBL5434794
3class_dedup,train,258,CHEMBL253467
3class_dedup,train,266,CHEMBL464428
3class_dedup,train,2866,CHEMBL465435
3class_dedup,train,945,CHEMBL5439806
3class_dedup,train,91,CHEMBL2163641
3class_dedup,train,983,CHEMBL376473
3class_dedup,train,2177,CHEMBL5431734
3class_dedup,train,2156,CHEMBL598628
3class_dedup,train,1430,CHEMBL5275593
3class_dedup,train,1985,CHEMBL476979
3class_dedup,train,160,CHEMBL5289192
3class_dedup,train,1336,CHEMBL2312955
3class_dedup,train,3002,CHEMBL264401
3class_dedup,train,2106,CHEMBL4165988
3class_dedup,train,2750,CHEMBL1098425
3class_dedup,train,997,CHEMBL3804993
3class_dedup,train,591,CHEMBL26651
3class_dedup,train,901,CHEMBL3622437
3class_dedup,train,564,CHEMBL5289206
3class_dedup,train,2260,CHEMBL5417624
3class_dedup,train,2386,CHEMBL1672974
3class_dedup,train,2639,CHEMBL2011189
3class_dedup,train,1499,CHEMBL166060
3class_dedup,train,2997,CHEMBL598847
3class_dedup,train,1267,CHEMBL1784792
3class_dedup,train,1971,CHEMBL341386
3class_dedup,train,810,CHEMBL5437093
3class_dedup,train,1873,CHEMBL4516755
3class_dedup,train,823,CHEMBL111888
3class_dedup,train,1020,CHEMBL4174373
3class_dedup,train,2022,CHEMBL112021
3class_dedup,train,2371,CHEMBL430879
3class_dedup,train,1695,CHEMBL3798461
3class_dedup,train,2423,CHEMBL1939549
3class_dedup,train,1025,CHEMBL189274
3class_dedup,train,264,CHEMBL229885
3class_dedup,train,144,CHEMBL75
3class_dedup,train,168,CHEMBL5277564
3class_dedup,train,634,CHEMBL150278
3class_dedup,train,2952,CHEMBL5398403
3class_dedup,train,1000,CHEMBL2165314
3class_dedup,train,3052,CHEMBL4228303
3class_dedup,train,1750,CHEMBL5271963
3class_dedup,train,2326,CHEMBL5434606
3class_dedup,train,1142,CHEMBL5427513
3class_dedup,train,2203,CHEMBL5395753
3class_dedup,train,1517,CHEMBL288190
3class_dedup,train,1829,CHEMBL1939539
3class_dedup,train,1224,CHEMBL206300
3class_dedup,train,2383,CHEMBL3622062
3class_dedup,train,2979,CHEMBL455832
3class_dedup,train,1223,CHEMBL294361
3class_dedup,train,1776,CHEMBL5274708
3class_dedup,train,1838,CHEMBL5401856
3class_dedup,train,134,CHEMBL3961033
3class_dedup,train,2938,CHEMBL4797578
3class_dedup,train,1453,CHEMBL5277945
3class_dedup,train,1635,CHEMBL3754485
3class_dedup,train,617,CHEMBL5291406
3class_dedup,train,2735,CHEMBL3421767
3class_dedup,train,2102,CHEMBL452018
3class_dedup,train,19,CHEMBL1939531
3class_dedup,train,969,CHEMBL86928
3class_dedup,train,1913,CHEMBL375292
3class_dedup,train,282,CHEMBL286506
3class_dedup,train,750,CHEMBL2165317
3class_dedup,train,447,CHEMBL5401549
3class_dedup,train,2269,CHEMBL589738
3class_dedup,train,2510,CHEMBL1784812
3class_dedup,train,2368,CHEMBL1672977
3class_dedup,train,1536,CHEMBL3753109
3class_dedup,train,1870,CHEMBL4162163
3class_dedup,train,799,CHEMBL5425854
3class_dedup,train,2714,CHEMBL5401146
3class_dedup,train,1502,CHEMBL166148
3class_dedup,train,1056,CHEMBL5419796
3class_dedup,train,1546,CHEMBL3754168
3class_dedup,train,769,CHEMBL3752661
3class_dedup,train,1195,CHEMBL1688914
3class_dedup,train,1158,CHEMBL4159550
3class_dedup,train,1331,CHEMBL5414372
3class_dedup,train,280,CHEMBL323585
3class_dedup,train,1029,CHEMBL186079
3class_dedup,train,1710,CHEMBL5275448
3class_dedup,train,539,CHEMBL38550
3class_dedup,train,242,CHEMBL1098426
3class_dedup,train,1770,CHEMBL5273549
3class_dedup,train,657,CHEMBL5271503
3class_dedup,train,785,CHEMBL229861
3class_dedup,train,1882,CHEMBL2336865
3class_dedup,train,2779,CHEMBL3806301
3class_dedup,train,548,CHEMBL88918
3class_dedup,train,1450,CHEMBL3752288
3class_dedup,train,2180,CHEMBL5430737
3class_dedup,train,344,CHEMBL3754296
3class_dedup,train,2603,CHEMBL2165323
3class_dedup,train,2807,CHEMBL2333328
3class_dedup,train,476,CHEMBL1630260
3class_dedup,train,63,CHEMBL514745
3class_dedup,train,169,CHEMBL3752351
3class_dedup,train,128,CHEMBL5287457
3class_dedup,train,2356,CHEMBL388291
3class_dedup,train,2391,CHEMBL1824764
3class_dedup,train,2905,CHEMBL28971
3class_dedup,train,3050,CHEMBL4228819
3class_dedup,train,1605,CHEMBL5290784
3class_dedup,train,2957,CHEMBL463168
3class_dedup,train,1206,CHEMBL4173231
3class_dedup,train,1480,CHEMBL5287563
3class_dedup,train,1035,CHEMBL496375
3class_dedup,train,58,CHEMBL56059
3class_dedup,train,1458,CHEMBL3754054
3class_dedup,train,2790,CHEMBL1094427
3class_dedup,train,1630,CHEMBL1630279
3class_dedup,train,991,CHEMBL493181
3class_dedup,train,239,CHEMBL112908
3class_dedup,train,1409,CHEMBL5415900
3class_dedup,train,2677,CHEMBL5413340
3class_dedup,train,1370,CHEMBL39434
3class_dedup,train,146,CHEMBL5272564
3class_dedup,train,1161,CHEMBL4543747
3class_dedup,train,1824,CHEMBL3221175
3class_dedup,train,2966,CHEMBL195571
3class_dedup,train,13,CHEMBL177293
3class_dedup,train,2466,CHEMBL4755831
3class_dedup,train,2717,CHEMBL5410004
3class_dedup,train,122,CHEMBL4863718
3class_dedup,train,1863,CHEMBL1825047
3class_dedup,train,671,CHEMBL5284760
3class_dedup,train,1126,CHEMBL494713
3class_dedup,train,1615,CHEMBL5274890
3class_dedup,train,2766,CHEMBL2430511
3class_dedup,train,2688,CHEMBL4174326
3class_dedup,train,1646,CHEMBL2057976
3class_dedup,train,665,CHEMBL314351
3class_dedup,train,440,CHEMBL2137046
3class_dedup,train,772,CHEMBL3623219
3class_dedup,train,2702,CHEMBL4590541
3class_dedup,train,962,CHEMBL492762
3class_dedup,train,898,CHEMBL438802
3class_dedup,train,532,CHEMBL27879
3class_dedup,train,272,CHEMBL469444
3class_dedup,train,2467,CHEMBL4750835
3class_dedup,train,1333,CHEMBL3132924
3class_dedup,train,2941,CHEMBL4753984
3class_dedup,train,215,CHEMBL3622069
3class_dedup,train,1991,CHEMBL91
3class_dedup,train,858,CHEMBL409271
3class_dedup,train,2529,CHEMBL114447
3class_dedup,train,2861,CHEMBL427247
3class_dedup,train,494,CHEMBL40125
3class_dedup,train,28,CHEMBL5197552
3class_dedup,train,1742,CHEMBL3753182
3class_dedup,train,457,CHEMBL5092560
3class_dedup,train,2987,CHEMBL1454842
3class_dedup,train,93,CHEMBL2312966
3class_dedup,train,675,CHEMBL73071
3class_dedup,train,1903,CHEMBL2430512
3class_dedup,train,1127,CHEMBL4212612
3class_dedup,train,236,CHEMBL3582478
3class_dedup,train,2932,CHEMBL5287750
3class_dedup,train,2452,CHEMBL286738
3class_dedup,train,226,CHEMBL478024
3class_dedup,train,521,CHEMBL5272287
3class_dedup,train,1746,CHEMBL411316
3class_dedup,train,3037,CHEMBL24593
3class_dedup,train,1476,CHEMBL3752591
3class_dedup,train,1654,CHEMBL5271509
3class_dedup,train,1085,CHEMBL5404343
3class_dedup,train,2660,CHEMBL5405284
3class_dedup,train,333,CHEMBL496634
3class_dedup,train,2208,CHEMBL4175698
3class_dedup,train,72,CHEMBL205782
3class_dedup,train,2016,CHEMBL104
3class_dedup,train,1623,CHEMBL3752366
3class_dedup,train,1934,CHEMBL4169419
3class_dedup,train,179,CHEMBL2112739
3class_dedup,train,2339,CHEMBL226947
3class_dedup,train,907,CHEMBL5282986
3class_dedup,train,587,CHEMBL1824757
3class_dedup,train,3027,CHEMBL5432257
3class_dedup,train,655,CHEMBL3752668
3class_dedup,train,1033,CHEMBL2442761
3class_dedup,train,2198,CHEMBL3623231
3class_dedup,train,396,CHEMBL3315157
3class_dedup,train,811,CHEMBL5431946
3class_dedup,train,3031,CHEMBL1825021
3class_dedup,train,1318,CHEMBL3359952
3class_dedup,train,942,CHEMBL3134110
3class_dedup,train,393,CHEMBL73279
3class_dedup,train,1576,CHEMBL3349655
3class_dedup,train,514,CHEMBL5396706
3class_dedup,train,1294,CHEMBL371430
3class_dedup,train,1683,CHEMBL5286458
3class_dedup,train,2083,CHEMBL5419948
3class_dedup,train,2965,CHEMBL4540847
3class_dedup,train,768,CHEMBL3753810
3class_dedup,train,1343,CHEMBL2420681
3class_dedup,train,1804,CHEMBL5405156
3class_dedup,train,307,CHEMBL5069811
3class_dedup,train,628,CHEMBL5426889
3class_dedup,train,2981,CHEMBL23364
3class_dedup,train,157,CHEMBL1630271
3class_dedup,train,1166,CHEMBL5287331
3class_dedup,train,2710,CHEMBL5433442
3class_dedup,train,1774,CHEMBL3623222
3class_dedup,train,374,CHEMBL24897
3class_dedup,train,678,CHEMBL5288828
3class_dedup,train,1463,CHEMBL5279864
3class_dedup,train,2726,CHEMBL3805048
3class_dedup,train,1783,CHEMBL3349658
3class_dedup,train,2770,CHEMBL4172955
3class_dedup,train,2128,CHEMBL366490
3class_dedup,train,1930,CHEMBL480718
3class_dedup,train,647,CHEMBL5279883
3class_dedup,train,2636,CHEMBL4568316
3class_dedup,train,1762,CHEMBL5284435
3class_dedup,train,3044,CHEMBL1939540
3class_dedup,train,2822,CHEMBL1083652
3class_dedup,train,710,CHEMBL1430816
3class_dedup,train,1897,CHEMBL4212655
3class_dedup,train,110,CHEMBL3819549
3class_dedup,train,1645,CHEMBL5281465
3class_dedup,train,2847,CHEMBL1688899
3class_dedup,train,1369,CHEMBL3752510
3class_dedup,train,2405,CHEMBL480321
3class_dedup,train,2154,CHEMBL598846
3class_dedup,train,172,CHEMBL5286286
3class_dedup,train,2002,CHEMBL175799
3class_dedup,train,2165,CHEMBL1672982
3class_dedup,train,1512,CHEMBL3753104
3class_dedup,train,2305,CHEMBL5402619
3class_dedup,train,73,CHEMBL5413133
3class_dedup,train,863,CHEMBL202473
3class_dedup,train,2293,CHEMBL5440424
3class_dedup,train,1136,CHEMBL1824753
3class_dedup,train,2296,CHEMBL5407526
3class_dedup,train,102,CHEMBL1538978
3class_dedup,train,402,CHEMBL5276930
3class_dedup,train,2888,CHEMBL135921
3class_dedup,train,613,CHEMBL39275
3class_dedup,train,1601,CHEMBL5287003
3class_dedup,train,1349,CHEMBL204501
3class_dedup,train,1148,CHEMBL3805173
3class_dedup,train,1400,CHEMBL5285526
3class_dedup,train,1504,CHEMBL351850
3class_dedup,train,79,CHEMBL5431500
3class_dedup,train,1032,CHEMBL2442757
3class_dedup,train,2471,CHEMBL70901
3class_dedup,train,2669,CHEMBL3105519
3class_dedup,train,1514,CHEMBL3753063
3class_dedup,train,2387,CHEMBL5437662
3class_dedup,train,1584,CHEMBL4520027
3class_dedup,train,196,CHEMBL3264672
3class_dedup,train,1705,CHEMBL3753191
3class_dedup,train,1090,CHEMBL29523
3class_dedup,train,804,CHEMBL5432961
3class_dedup,train,2914,CHEMBL135396
3class_dedup,train,3006,CHEMBL1824760
3class_dedup,train,940,CHEMBL53343
3class_dedup,train,283,CHEMBL174308
3class_dedup,train,2008,CHEMBL1939532
3class_dedup,train,2303,CHEMBL5440356
3class_dedup,train,140,CHEMBL4289930
3class_dedup,train,1734,CHEMBL5268515
3class_dedup,train,1262,CHEMBL9687
3class_dedup,train,992,CHEMBL449065
3class_dedup,train,1849,CHEMBL522089
3class_dedup,train,2163,CHEMBL608153
3class_dedup,train,1664,CHEMBL5184565
3class_dedup,train,1265,CHEMBL184952
3class_dedup,train,2418,CHEMBL175091
3class_dedup,train,600,CHEMBL3752065
3class_dedup,train,44,CHEMBL365120
3class_dedup,train,2343,CHEMBL226999
3class_dedup,train,1659,CHEMBL1835547
3class_dedup,train,668,CHEMBL382482
3class_dedup,train,2623,CHEMBL2311553
3class_dedup,train,1634,CHEMBL1629804
3class_dedup,train,405,CHEMBL582837
3class_dedup,train,2837,CHEMBL1688916
3class_dedup,train,2561,CHEMBL2235953
3class_dedup,train,1363,CHEMBL351226
3class_dedup,train,16,CHEMBL193534
3class_dedup,train,1465,CHEMBL1078534
3class_dedup,train,360,CHEMBL71169
3class_dedup,train,76,CHEMBL5427371
3class_dedup,train,2158,CHEMBL599455
3class_dedup,train,470,CHEMBL5288187
3class_dedup,train,408,CHEMBL195688
3class_dedup,train,1234,CHEMBL192155
3class_dedup,train,273,CHEMBL465881
3class_dedup,train,1600,CHEMBL4515880
3class_dedup,train,2555,CHEMBL223176
3class_dedup,train,434,CHEMBL3905734
3class_dedup,train,950,CHEMBL1957217
3class_dedup,train,1606,CHEMBL1230438
3class_dedup,train,1865,CHEMBL5426947
3class_dedup,train,1765,CHEMBL5290876
3class_dedup,train,626,CHEMBL150653
3class_dedup,train,1866,CHEMBL1688905
3class_dedup,train,910,CHEMBL3753272
3class_dedup,train,1303,CHEMBL223983
3class_dedup,train,2711,CHEMBL5405944
3class_dedup,train,2806,CHEMBL3219070
3class_dedup,train,1994,CHEMBL5400511
3class_dedup,train,1901,CHEMBL5439274
3class_dedup,train,2230,CHEMBL518761
3class_dedup,train,2900,CHEMBL282525
3class_dedup,train,1316,CHEMBL2442766
3class_dedup,train,1023,CHEMBL4169808
3class_dedup,train,2167,CHEMBL599442
3class_dedup,train,262,CHEMBL464007
3class_dedup,train,701,CHEMBL1825038
3class_dedup,train,777,CHEMBL24021
3class_dedup,train,3058,CHEMBL292899
3class_dedup,train,616,CHEMBL5283868
3class_dedup,train,287,CHEMBL203869
3class_dedup,train,973,CHEMBL226736
3class_dedup,train,2439,CHEMBL3422034
3class_dedup,train,1457,CHEMBL5285898
3class_dedup,train,660,CHEMBL1939541
3class_dedup,train,1130,CHEMBL5423258
3class_dedup,train,2617,CHEMBL2312963
3class_dedup,train,2239,CHEMBL225053
3class_dedup,train,2362,CHEMBL1672979
3class_dedup,train,2070,CHEMBL63297
3class_dedup,train,533,CHEMBL39840
3class_dedup,train,1559,CHEMBL432751
3class_dedup,train,2067,CHEMBL1939520
3class_dedup,train,932,CHEMBL5289646
3class_dedup,train,2257,CHEMBL1825034
3class_dedup,train,779,CHEMBL1630277
3class_dedup,train,1140,CHEMBL5404699
3class_dedup,train,2520,CHEMBL3359961
3class_dedup,train,2953,CHEMBL5425529
3class_dedup,train,300,CHEMBL3415159
3class_dedup,train,935,CHEMBL5285355
3class_dedup,train,1209,CHEMBL375497
3class_dedup,train,904,CHEMBL5278956
3class_dedup,train,40,CHEMBL370317
3class_dedup,train,111,CHEMBL3818728
3class_dedup,train,2117,CHEMBL193997
3class_dedup,train,2988,CHEMBL54803
3class_dedup,train,279,CHEMBL29230
3class_dedup,train,1938,CHEMBL1957211
3class_dedup,train,508,CHEMBL3752619
3class_dedup,train,954,CHEMBL1170663
3class_dedup,train,2146,CHEMBL3622073
3class_dedup,train,2940,CHEMBL4780337
3class_dedup,train,2440,CHEMBL3422045
3class_dedup,train,2967,CHEMBL446706
3class_dedup,train,1826,CHEMBL576579
3class_dedup,train,103,CHEMBL176452
3class_dedup,train,1791,CHEMBL3623218
3class_dedup,train,1652,CHEMBL5268383
3class_dedup,train,2716,CHEMBL5403786
3class_dedup,train,1028,CHEMBL361653
3class_dedup,train,2526,CHEMBL1784793
3class_dedup,train,2031,CHEMBL3622066
3class_dedup,train,538,CHEMBL1825041
3class_dedup,train,2472,CHEMBL27467
3class_dedup,train,2176,CHEMBL5427944
3class_dedup,train,69,CHEMBL293122
3class_dedup,train,117,CHEMBL5283443
3class_dedup,train,1346,CHEMBL3983734
3class_dedup,train,2764,CHEMBL2299368
3class_dedup,train,1174,CHEMBL5286569
3class_dedup,train,1540,CHEMBL5290788
3class_dedup,train,1759,CHEMBL3753398
3class_dedup,train,948,CHEMBL493182
3class_dedup,train,1727,CHEMBL1630910
3class_dedup,train,1139,CHEMBL1825048
3class_dedup,train,2428,CHEMBL163922
3class_dedup,train,2502,CHEMBL4060208
3class_dedup,train,2741,CHEMBL1939547
3class_dedup,train,1442,CHEMBL5289932
3class_dedup,train,3017,CHEMBL490794
3class_dedup,train,195,CHEMBL4567479
3class_dedup,train,2723,CHEMBL3805481
3class_dedup,train,1786,CHEMBL5269208
3class_dedup,train,896,CHEMBL3099686
3class_dedup,train,2813,CHEMBL159073
3class_dedup,train,627,CHEMBL151646
3class_dedup,train,2141,CHEMBL1939544
3class_dedup,train,1721,CHEMBL5288646
3class_dedup,train,1164,CHEMBL3752216
3class_dedup,train,2211,CHEMBL1688918
3class_dedup,train,1181,CHEMBL190099
3class_dedup,train,1691,CHEMBL5283268
3class_dedup,train,619,CHEMBL5276194
3class_dedup,train,1122,CHEMBL223369
3class_dedup,train,55,CHEMBL175962
3class_dedup,train,2430,CHEMBL5438879
3class_dedup,train,1133,CHEMBL1173699
3class_dedup,train,1446,CHEMBL5284198
3class_dedup,train,2310,CHEMBL3622056
3class_dedup,train,2119,CHEMBL424960
3class_dedup,train,2194,CHEMBL5421565
3class_dedup,train,426,CHEMBL5280326
3class_dedup,train,2883,CHEMBL1688919
3class_dedup,train,1769,CHEMBL2058266
3class_dedup,train,2700,CHEMBL2430507
3class_dedup,train,1941,CHEMBL1939546
3class_dedup,train,2499,CHEMBL4098604
3class_dedup,train,251,CHEMBL4465694
3class_dedup,train,1608,CHEMBL5267423
3class_dedup,train,1014,CHEMBL3589966
3class_dedup,train,2100,CHEMBL491824
3class_dedup,train,1784,CHEMBL3753620
3class_dedup,train,2417,CHEMBL177274
3class_dedup,train,1230,CHEMBL175609
3class_dedup,train,1908,CHEMBL1957218
3class_dedup,train,1557,CHEMBL3754260
3class_dedup,train,830,CHEMBL2442755
3class_dedup,train,1570,CHEMBL3349549
3class_dedup,train,781,CHEMBL5282309
3class_dedup,train,1840,CHEMBL283085
3class_dedup,train,1207,CHEMBL388604
3class_dedup,train,316,CHEMBL3422052
3class_dedup,train,2358,CHEMBL5431758
3class_dedup,train,1157,CHEMBL4161859
3class_dedup,train,1259,CHEMBL5405593
3class_dedup,train,2069,CHEMBL1094426
3class_dedup,train,1325,CHEMBL24115
3class_dedup,train,2781,CHEMBL4176982
3class_dedup,train,1069,CHEMBL2235951
3class_dedup,train,15,CHEMBL366773
3class_dedup,train,689,CHEMBL1630278
3class_dedup,train,2577,CHEMBL166974
3class_dedup,train,662,CHEMBL174407
3class_dedup,train,453,CHEMBL3422030
3class_dedup,train,968,CHEMBL1171818
3class_dedup,train,2454,CHEMBL4474808
3class_dedup,train,1550,CHEMBL5275153
3class_dedup,train,479,CHEMBL583310
3class_dedup,train,87,CHEMBL5438618
3class_dedup,train,53,CHEMBL177468
3class_dedup,train,1351,CHEMBL426541
3class_dedup,train,1531,CHEMBL40432
3class_dedup,train,1698,CHEMBL3753778
3class_dedup,train,891,CHEMBL1915152
3class_dedup,train,2954,CHEMBL5398199
3class_dedup,train,1962,CHEMBL137001
3class_dedup,train,1929,CHEMBL481092
3class_dedup,train,1660,CHEMBL1627841
3class_dedup,train,2649,CHEMBL3105527
3class_dedup,train,1404,CHEMBL5286895
3class_dedup,train,68,CHEMBL53290
3class_dedup,train,537,CHEMBL1825028
3class_dedup,train,2852,CHEMBL1688894
3class_dedup,train,1187,CHEMBL190848
3class_dedup,train,1823,CHEMBL586557
3class_dedup,train,2309,CHEMBL3622057
3class_dedup,train,2352,CHEMBL226789
3class_dedup,train,401,CHEMBL454705
3class_dedup,train,1054,CHEMBL4553272
3class_dedup,train,2075,CHEMBL5440818
3class_dedup,train,551,CHEMBL3754366
3class_dedup,train,1159,CHEMBL4531367
3class_dedup,train,1322,CHEMBL175791
3class_dedup,train,2314,CHEMBL5404624
3class_dedup,train,1217,CHEMBL3105526
3class_dedup,train,427,CHEMBL5274335
3class_dedup,train,2841,CHEMBL1688913
3class_dedup,train,246,CHEMBL1172842
3class_dedup,train,274,CHEMBL2163638
3class_dedup,train,418,CHEMBL2179110
3class_dedup,train,2442,CHEMBL598629
3class_dedup,train,1113,CHEMBL464472
3class_dedup,train,1876,CHEMBL175550
3class_dedup,train,2645,CHEMBL91818
3class_dedup,train,1648,CHEMBL5289821
3class_dedup,train,2409,CHEMBL479559
3class_dedup,train,2985,CHEMBL2299369
3class_dedup,train,757,CHEMBL5184004
3class_dedup,train,765,CHEMBL306022
3class_dedup,train,1723,CHEMBL5287480
3class_dedup,train,2360,CHEMBL5436006
3class_dedup,train,709,CHEMBL4105495
3class_dedup,train,2980,CHEMBL23485
3class_dedup,train,1323,CHEMBL23334
3class_dedup,train,2413,CHEMBL3099695
3class_dedup,train,1515,CHEMBL3754696
3class_dedup,train,1002,CHEMBL1784803
3class_dedup,train,2961,CHEMBL279940
3class_dedup,train,329,CHEMBL1093458
3class_dedup,train,1387,CHEMBL73367
3class_dedup,train,1321,CHEMBL506858
3class_dedup,train,439,CHEMBL5082245
3class_dedup,train,687,CHEMBL25695
3class_dedup,train,695,CHEMBL488513
3class_dedup,train,1808,CHEMBL1956186
3class_dedup,train,354,CHEMBL38510
3class_dedup,train,351,CHEMBL105044
3class_dedup,train,2568,CHEMBL92488
3class_dedup,train,1805,CHEMBL3415173
3class_dedup,train,3067,CHEMBL440930
3class_dedup,train,2374,CHEMBL5413431
3class_dedup,train,2927,CHEMBL4227126
3class_dedup,train,2654,CHEMBL169664
3class_dedup,train,1359,CHEMBL223162
3class_dedup,train,41,CHEMBL381194
3class_dedup,train,1173,CHEMBL5270644
3class_dedup,train,2267,CHEMBL598223
3class_dedup,train,988,CHEMBL463454
3class_dedup,train,2763,CHEMBL4536893
3class_dedup,train,2113,CHEMBL364956
3class_dedup,train,1237,CHEMBL88233
3class_dedup,train,877,CHEMBL368732
3class_dedup,train,1591,CHEMBL5275714
3class_dedup,train,1482,CHEMBL3751946
3class_dedup,train,2459,CHEMBL1171091
3class_dedup,train,2323,CHEMBL5412425
3class_dedup,train,2295,CHEMBL5402457
3class_dedup,train,1057,CHEMBL4517937
3class_dedup,train,1222,CHEMBL66867
3class_dedup,train,1717,CHEMBL5278675
3class_dedup,train,837,CHEMBL41761
3class_dedup,train,544,CHEMBL91363
3class_dedup,train,1462,CHEMBL3752285
3class_dedup,train,2564,CHEMBL424203
3class_dedup,train,2812,CHEMBL421829
3class_dedup,train,1007,CHEMBL299613
3class_dedup,train,1042,CHEMBL1957213
3class_dedup,train,2130,CHEMBL5397541
3class_dedup,train,699,CHEMBL1824756
3class_dedup,train,404,CHEMBL3753352
3class_dedup,train,1526,CHEMBL5271543
3class_dedup,train,547,CHEMBL5430760
3class_dedup,train,2891,CHEMBL135633
3class_dedup,train,1330,CHEMBL66673
3class_dedup,train,27,CHEMBL5271071
3class_dedup,train,1041,CHEMBL4224993
3class_dedup,train,1221,CHEMBL442262
3class_dedup,train,313,CHEMBL2312950
3class_dedup,train,557,CHEMBL338746
3class_dedup,train,403,CHEMBL3754183
3class_dedup,train,1998,CHEMBL1424243
3class_dedup,train,2804,CHEMBL376786
3class_dedup,train,1050,CHEMBL389925
3class_dedup,train,368,CHEMBL334391
3class_dedup,train,2630,CHEMBL4174670
3class_dedup,train,761,CHEMBL349514
3class_dedup,train,462,CHEMBL3422037
3class_dedup,train,1875,CHEMBL5430016
3class_dedup,train,96,CHEMBL1099308
3class_dedup,train,2935,CHEMBL4778401
3class_dedup,train,409,CHEMBL583076
3class_dedup,train,2437,CHEMBL3422042
3class_dedup,train,101,CHEMBL3407538
3class_dedup,train,121,CHEMBL4874928
3class_dedup,train,1120,CHEMBL28290
3class_dedup,train,2896,CHEMBL5410623
3class_dedup,train,2268,CHEMBL598212
3class_dedup,train,1406,CHEMBL451532
3class_dedup,train,2157,CHEMBL598627
3class_dedup,train,2327,CHEMBL3622065
3class_dedup,train,916,CHEMBL390731
3class_dedup,train,159,CHEMBL5288111
3class_dedup,train,809,CHEMBL5436084
3class_dedup,train,1107,CHEMBL1162951
3class_dedup,train,2631,CHEMBL4168266
3class_dedup,train,922,CHEMBL291279
3class_dedup,train,2259,CHEMBL324326
3class_dedup,train,1900,CHEMBL489187
3class_dedup,train,836,CHEMBL39423
3class_dedup,train,700,CHEMBL1825025
3class_dedup,train,362,CHEMBL421491
3class_dedup,train,1538,CHEMBL3754538
3class_dedup,train,1714,CHEMBL5291408
3class_dedup,train,800,CHEMBL371663
3class_dedup,train,1027,CHEMBL187068
3class_dedup,train,633,CHEMBL150999
3class_dedup,train,1558,CHEMBL3754473
3class_dedup,train,2210,CHEMBL4167841
3class_dedup,train,828,CHEMBL115899
3class_dedup,train,2543,CHEMBL1088570
3class_dedup,train,214,CHEMBL3622070
3class_dedup,train,1543,CHEMBL5288515
3class_dedup,train,2589,CHEMBL5412410
3class_dedup,train,1087,CHEMBL202020
3class_dedup,train,42,CHEMBL491010
3class_dedup,train,925,CHEMBL2179107
3class_dedup,train,2684,CHEMBL1784789
3class_dedup,train,902,CHEMBL2331704
3class_dedup,train,2489,CHEMBL4448018
3class_dedup,train,850,CHEMBL5430347
3class_dedup,train,2389,CHEMBL5421908
3class_dedup,train,2620,CHEMBL2312960
3class_dedup,train,2588,CHEMBL388959
3class_dedup,train,2396,CHEMBL1728910
3class_dedup,train,776,CHEMBL74339
3class_dedup,train,124,CHEMBL2179109
3class_dedup,train,1597,CHEMBL3752871
3class_dedup,train,640,CHEMBL151207
3class_dedup,train,2786,CHEMBL185950
3class_dedup,train,645,CHEMBL8417
3class_dedup,train,2233,CHEMBL205177
3class_dedup,train,2441,CHEMBL3422039
3class_dedup,train,260,CHEMBL457263
3class_dedup,train,1851,CHEMBL5423512
3class_dedup,train,1088,CHEMBL5411393
3class_dedup,train,2001,CHEMBL193652
3class_dedup,train,1003,CHEMBL419619
3class_dedup,train,2215,CHEMBL223452
3class_dedup,train,1904,CHEMBL3914106
3class_dedup,train,2673,CHEMBL2430510
3class_dedup,train,734,CHEMBL423613
3class_dedup,train,1185,CHEMBL185809
3class_dedup,train,115,CHEMBL4514728
3class_dedup,train,174,CHEMBL5282019
3class_dedup,train,721,CHEMBL288804
3class_dedup,train,2045,CHEMBL5436915
3class_dedup,train,2095,CHEMBL5423518
3class_dedup,train,2168,CHEMBL592376
3class_dedup,train,356,CHEMBL262723
3class_dedup,train,1163,CHEMBL5283707
3class_dedup,train,468,CHEMBL3754546
3class_dedup,train,1049,CHEMBL497614
3class_dedup,train,762,CHEMBL165218
3class_dedup,train,2895,CHEMBL29904
3class_dedup,train,1704,CHEMBL5288188
3class_dedup,train,1372,CHEMBL353571
3class_dedup,train,2721,CHEMBL5436925
3class_dedup,train,1043,CHEMBL1939522
3class_dedup,train,325,CHEMBL3422031
3class_dedup,train,1887,CHEMBL5404404
3class_dedup,train,132,CHEMBL3916057
3class_dedup,train,822,CHEMBL5414198
3class_dedup,train,2916,CHEMBL5410534
3class_dedup,train,54,CHEMBL364080
3class_dedup,train,2893,CHEMBL137589
3class_dedup,train,1795,CHEMBL2058268
3class_dedup,train,2478,CHEMBL287574
3class_dedup,train,1138,CHEMBL1825036
3class_dedup,train,1990,CHEMBL317581
3class_dedup,train,2950,CHEMBL453448
3class_dedup,train,1693,CHEMBL5270920
3class_dedup,train,2015,CHEMBL1939524
3class_dedup,train,1252,CHEMBL229635
3class_dedup,train,2277,CHEMBL589974
3class_dedup,train,60,CHEMBL55083
3class_dedup,train,347,CHEMBL227113
3class_dedup,train,1924,CHEMBL3415154
3class_dedup,train,1013,CHEMBL3264679
3class_dedup,train,705,CHEMBL4100188
3class_dedup,train,1208,CHEMBL5421164
3class_dedup,train,1871,CHEMBL4449929
3class_dedup,train,3065,CHEMBL1957214
3class_dedup,train,1228,CHEMBL328217
3class_dedup,train,2101,CHEMBL491213
3class_dedup,train,1438,CHEMBL169
3class_dedup,train,2225,CHEMBL1825022
3class_dedup,train,2614,CHEMBL2312954
3class_dedup,train,636,CHEMBL151038
3class_dedup,train,228,CHEMBL491825
3class_dedup,train,2857,CHEMBL1688911
3class_dedup,train,2983,CHEMBL4227385
3class_dedup,train,1685,CHEMBL5290731
3class_dedup,train,2761,CHEMBL4514474
3class_dedup,train,452,CHEMBL5417020
3class_dedup,train,149,CHEMBL272456
3class_dedup,train,1296,CHEMBL2420675
3class_dedup,train,1647,CHEMBL3349856
3class_dedup,train,2999,CHEMBL4225521
3class_dedup,train,582,CHEMBL5273362
3class_dedup,train,1083,CHEMBL1784800
3class_dedup,train,1812,CHEMBL492763
3class_dedup,train,2821,CHEMBL1083354
3class_dedup,train,2380,CHEMBL5398997
3class_dedup,train,1052,CHEMBL388375
3class_dedup,train,1554,CHEMBL5290960
3class_dedup,train,780,CHEMBL5438005
3class_dedup,train,48,CHEMBL193555
3class_dedup,train,1758,CHEMBL5274867
3class_dedup,train,1596,CHEMBL5291270
3class_dedup,train,152,CHEMBL1630264
3class_dedup,train,1818,CHEMBL1303900
3class_dedup,train,495,CHEMBL3752011
3class_dedup,train,1919,CHEMBL3415170
3class_dedup,train,556,CHEMBL331522
3class_dedup,train,2491,CHEMBL518414
3class_dedup,train,1922,CHEMBL2331699
3class_dedup,train,1612,CHEMBL5284841
3class_dedup,train,2567,CHEMBL10026
3class_dedup,train,2341,CHEMBL108425
3class_dedup,train,2364,CHEMBL5395694
3class_dedup,train,85,CHEMBL5421931
3class_dedup,train,464,CHEMBL488
3class_dedup,train,1836,CHEMBL65328
3class_dedup,train,1915,CHEMBL4080256
3class_dedup,train,937,CHEMBL457262
3class_dedup,train,622,CHEMBL356594
3class_dedup,train,305,CHEMBL1784795
3class_dedup,train,941,CHEMBL3134111
3class_dedup,train,398,CHEMBL1097371
3class_dedup,train,86,CHEMBL5419141
3class_dedup,train,1143,CHEMBL4868867
3class_dedup,train,1271,CHEMBL223717
3class_dedup,train,392,CHEMBL439950
3class_dedup,train,2904,CHEMBL286965
3class_dedup,train,2072,CHEMBL5434818
3class_dedup,train,3,CHEMBL1957212
3class_dedup,train,2969,CHEMBL2420674
3class_dedup,train,2562,CHEMBL28689
3class_dedup,train,739,CHEMBL5278107
3class_dedup,train,2282,CHEMBL5440379
3class_dedup,train,2448,CHEMBL5413153
3class_dedup,train,1651,CHEMBL2431526
3class_dedup,train,581,CHEMBL266532
3class_dedup,train,257,CHEMBL260553
3class_dedup,train,2476,CHEMBL281947
3class_dedup,train,953,CHEMBL463638
3class_dedup,train,696,CHEMBL444844
3class_dedup,train,2995,CHEMBL428780
3class_dedup,train,2166,CHEMBL609332
3class_dedup,train,597,CHEMBL440832
3class_dedup,train,2708,CHEMBL5412790
3class_dedup,train,2880,CHEMBL223607
3class_dedup,train,1439,CHEMBL3923127
3class_dedup,train,1358,CHEMBL223108
3class_dedup,train,249,CHEMBL458187
3class_dedup,train,474,CHEMBL2179111
3class_dedup,train,2018,CHEMBL489188
3class_dedup,train,1081,CHEMBL5278229
3class_dedup,train,2232,CHEMBL479366
3class_dedup,train,1858,CHEMBL4228236
3class_dedup,train,1261,CHEMBL10137
3class_dedup,train,90,CHEMBL486853
3class_dedup,train,2497,CHEMBL276473
3class_dedup,train,1156,CHEMBL4165064
3class_dedup,train,2662,CHEMBL3105522
3class_dedup,train,1455,CHEMBL3407539
3class_dedup,train,67,CHEMBL5287070
3class_dedup,train,568,CHEMBL1824744
3class_dedup,train,1045,CHEMBL2336863
3class_dedup,train,744,CHEMBL5278979
3class_dedup,train,680,CHEMBL5290211
3class_dedup,train,575,CHEMBL202452
3class_dedup,train,1966,CHEMBL422093
3class_dedup,train,2431,CHEMBL4564168
3class_dedup,train,465,CHEMBL39782
3class_dedup,train,889,CHEMBL3752191
3class_dedup,train,3005,CHEMBL415952
3class_dedup,train,259,CHEMBL465880
3class_dedup,train,175,CHEMBL3754729
3class_dedup,train,1687,CHEMBL254328
3class_dedup,train,2104,CHEMBL377770
3class_dedup,train,1905,CHEMBL3313969
3class_dedup,train,1567,CHEMBL3623213
3class_dedup,train,2962,CHEMBL304222
3class_dedup,train,2739,CHEMBL3421769
3class_dedup,train,791,CHEMBL124230
3class_dedup,train,3061,CHEMBL301608
3class_dedup,train,1412,CHEMBL5425135
3class_dedup,train,1716,CHEMBL5268672
3class_dedup,train,1147,CHEMBL1784801
3class_dedup,train,2650,CHEMBL22485
3class_dedup,train,2112,CHEMBL179144
3class_dedup,train,686,CHEMBL69891
3class_dedup,train,373,CHEMBL440691
3class_dedup,train,758,CHEMBL4126284
3class_dedup,train,153,CHEMBL5280814
3class_dedup,train,1062,CHEMBL1173067
3class_dedup,train,955,CHEMBL324290
3class_dedup,train,2209,CHEMBL4167430
3class_dedup,train,1728,CHEMBL2282053
3class_dedup,train,1511,CHEMBL164821
3class_dedup,train,682,CHEMBL5268211
3class_dedup,train,1639,CHEMBL1630261
3class_dedup,train,2656,CHEMBL168762
3class_dedup,train,2565,CHEMBL168636
3class_dedup,train,1757,CHEMBL5283592
3class_dedup,train,2537,CHEMBL270301
3class_dedup,train,1461,CHEMBL2311178
3class_dedup,train,3066,CHEMBL1939366
3class_dedup,train,2906,CHEMBL282325
3class_dedup,train,1243,CHEMBL175979
3class_dedup,train,1381,CHEMBL134748
3class_dedup,train,2533,CHEMBL273049
3class_dedup,train,1708,CHEMBL5268650
3class_dedup,train,2571,CHEMBL313774
3class_dedup,train,1097,CHEMBL135063
3class_dedup,train,2445,CHEMBL479928
3class_dedup,train,2734,CHEMBL5417830
3class_dedup,train,2160,CHEMBL607855
3class_dedup,train,1720,CHEMBL5269737
3class_dedup,train,1429,CHEMBL3752447
3class_dedup,train,3000,CHEMBL1601919
3class_dedup,train,221,CHEMBL102884
3class_dedup,train,3030,CHEMBL1825018
3class_dedup,train,2867,CHEMBL224228
3class_dedup,train,1284,CHEMBL382902
3class_dedup,train,2635,CHEMBL463453
3class_dedup,train,1656,CHEMBL5287841
3class_dedup,train,829,CHEMBL2442765
3class_dedup,train,2256,CHEMBL1825032
3class_dedup,train,2780,CHEMBL4162572
3class_dedup,train,2909,CHEMBL135709
3class_dedup,train,852,CHEMBL5427905
3class_dedup,train,1632,CHEMBL1630263
3class_dedup,train,629,CHEMBL151037
3class_dedup,train,1711,CHEMBL5280069
3class_dedup,train,871,CHEMBL376303
3class_dedup,train,1418,CHEMBL274878
3class_dedup,train,207,CHEMBL604716
3class_dedup,train,770,CHEMBL5281516
3class_dedup,train,562,CHEMBL314125
3class_dedup,train,484,CHEMBL3753803
3class_dedup,train,2201,CHEMBL5421626
3class_dedup,train,1093,CHEMBL5185187
3class_dedup,train,1916,CHEMBL4098297
3class_dedup,train,1785,CHEMBL5291212
3class_dedup,train,2108,CHEMBL363849
3class_dedup,train,367,CHEMBL308829
3class_dedup,train,206,CHEMBL605418
3class_dedup,train,1675,CHEMBL1405
3class_dedup,train,2222,CHEMBL29482
3class_dedup,train,1153,CHEMBL1784809
3class_dedup,train,2134,CHEMBL5393946
3class_dedup,train,1983,CHEMBL490194
3class_dedup,train,2597,CHEMBL97542
3class_dedup,train,2692,CHEMBL4159101
3class_dedup,train,1542,CHEMBL5268215
3class_dedup,train,2699,CHEMBL2430508
3class_dedup,train,644,CHEMBL3245348
3class_dedup,train,1800,CHEMBL5195433
3class_dedup,train,113,CHEMBL4575994
3class_dedup,train,1927,CHEMBL468419
3class_dedup,train,1264,CHEMBL185165
3class_dedup,train,2531,CHEMBL260955
3class_dedup,train,487,CHEMBL2179112
3class_dedup,train,1198,CHEMBL523231
3class_dedup,train,1436,CHEMBL487887
3class_dedup,train,112,CHEMBL3818338
3class_dedup,train,197,CHEMBL3415168
3class_dedup,train,2798,CHEMBL213587
3class_dedup,train,2470,CHEMBL305483
3class_dedup,train,821,CHEMBL1997104
3class_dedup,train,2283,CHEMBL5409338
3class_dedup,train,909,CHEMBL5279329
3class_dedup,train,388,CHEMBL71612
3class_dedup,train,673,CHEMBL488848
3class_dedup,train,2082,CHEMBL5412224
3class_dedup,train,1902,CHEMBL490795
3class_dedup,train,1268,CHEMBL1165711
3class_dedup,train,2834,CHEMBL276915
3class_dedup,train,268,CHEMBL389924
3class_dedup,train,1154,CHEMBL4173619
3class_dedup,train,2388,CHEMBL5435398
3class_dedup,train,2666,CHEMBL2011177
3class_dedup,train,2840,CHEMBL1688912
3class_dedup,train,560,CHEMBL5425696
3class_dedup,train,1833,CHEMBL2336857
3class_dedup,train,2836,CHEMBL1688917
3class_dedup,train,2271,CHEMBL599864
3class_dedup,train,1291,CHEMBL2336851
3class_dedup,train,22,CHEMBL5395094
3class_dedup,train,2054,CHEMBL3415160
3class_dedup,train,1423,CHEMBL5417558
3class_dedup,train,1249,CHEMBL3401429
3class_dedup,train,120,CHEMBL3753920
3class_dedup,train,1589,CHEMBL5273350
3class_dedup,train,2640,CHEMBL2011188
3class_dedup,train,2774,CHEMBL469266
3class_dedup,train,2507,CHEMBL491692
3class_dedup,train,1341,CHEMBL3415166
3class_dedup,train,1308,CHEMBL4228753
3class_dedup,train,807,CHEMBL5438740
3class_dedup,train,2315,CHEMBL5417335
3class_dedup,train,906,CHEMBL5271912
3class_dedup,train,507,CHEMBL288712
3class_dedup,train,2313,CHEMBL5401648
3class_dedup,train,2384,CHEMBL390078
3class_dedup,train,2172,CHEMBL1939548
3class_dedup,train,2308,CHEMBL3622054
3class_dedup,train,429,CHEMBL5179009
3class_dedup,train,2797,CHEMBL213588
3class_dedup,train,2509,CHEMBL1784811
3class_dedup,train,1892,CHEMBL5403263
3class_dedup,train,1819,CHEMBL2442754
3class_dedup,train,2287,CHEMBL5425230
3class_dedup,train,2081,CHEMBL5417761
3class_dedup,train,1326,CHEMBL283782
3class_dedup,train,2777,CHEMBL4575939
3class_dedup,train,65,CHEMBL5276018
3class_dedup,train,2029,CHEMBL111868
3class_dedup,train,748,CHEMBL5270986
3class_dedup,train,30,CHEMBL109211
3class_dedup,train,1935,CHEMBL4172433
3class_dedup,train,2217,CHEMBL1824746
3class_dedup,train,900,CHEMBL3805021
3class_dedup,train,1026,CHEMBL361872
3class_dedup,train,1737,CHEMBL5273506
3class_dedup,train,2335,CHEMBL5404820
3class_dedup,train,2917,CHEMBL5394424
3class_dedup,train,1203,CHEMBL4160335
3class_dedup,train,573,CHEMBL37321
3class_dedup,train,788,CHEMBL314991
3class_dedup,train,363,CHEMBL335408
3class_dedup,train,3016,CHEMBL491222
3class_dedup,train,1883,CHEMBL2336864
3class_dedup,train,2881,CHEMBL157925
3class_dedup,train,1123,CHEMBL1688898
3class_dedup,train,663,CHEMBL5422087
3class_dedup,train,348,CHEMBL1784813
3class_dedup,train,2514,CHEMBL105289
3class_dedup,train,1764,CHEMBL5271982
3class_dedup,train,936,CHEMBL5290922
3class_dedup,train,552,CHEMBL73368
3class_dedup,train,577,CHEMBL266350
3class_dedup,train,1432,CHEMBL3753403
3class_dedup,train,2297,CHEMBL5399449
3class_dedup,train,864,CHEMBL204183
3class_dedup,train,397,CHEMBL206283
3class_dedup,train,216,CHEMBL1784810
3class_dedup,train,3012,CHEMBL376371
3class_dedup,train,1128,CHEMBL2333329
3class_dedup,train,2133,CHEMBL5402711
3class_dedup,train,2052,CHEMBL3415153
3class_dedup,train,142,CHEMBL328863
3class_dedup,train,2148,CHEMBL4743255
3class_dedup,train,2399,CHEMBL3806282
3class_dedup,train,610,CHEMBL5425965
3class_dedup,train,2490,CHEMBL355681
3class_dedup,train,1561,CHEMBL2282047
3class_dedup,train,3057,CHEMBL301106
3class_dedup,train,2605,CHEMBL2165325
3class_dedup,train,851,CHEMBL1688909
3class_dedup,train,1106,CHEMBL229908
3class_dedup,train,1682,CHEMBL5285390
3class_dedup,train,559,CHEMBL28173
3class_dedup,train,61,CHEMBL57513
3class_dedup,train,2558,CHEMBL3415163
3class_dedup,train,1434,CHEMBL264924
3class_dedup,train,1665,CHEMBL5283138
3class_dedup,train,1168,CHEMBL5266995
3class_dedup,train,1402,CHEMBL3752414
3class_dedup,train,1933,CHEMBL4164126
3class_dedup,train,47,CHEMBL179149
3class_dedup,train,1631,CHEMBL5266626
3class_dedup,train,2596,CHEMBL404225
3class_dedup,train,2071,CHEMBL294360
3class_dedup,train,2901,CHEMBL26207
3class_dedup,train,2053,CHEMBL5426314
3class_dedup,train,2652,CHEMBL387518
3class_dedup,train,978,CHEMBL317221
3class_dedup,train,1105,CHEMBL229789
3class_dedup,train,588,CHEMBL1825026
3class_dedup,train,1386,CHEMBL8315
3class_dedup,train,1338,CHEMBL521600
3class_dedup,train,1275,CHEMBL197576
3class_dedup,train,350,CHEMBL3084924
3class_dedup,train,5,CHEMBL436369
3class_dedup,train,1797,CHEMBL3623215
3class_dedup,train,2410,CHEMBL225079
3class_dedup,train,661,CHEMBL27698
3class_dedup,train,994,CHEMBL2011184
3class_dedup,train,676,CHEMBL282673
3class_dedup,train,338,CHEMBL4211193
3class_dedup,train,1680,CHEMBL3753971
3class_dedup,train,1255,CHEMBL5418934
3class_dedup,train,1091,CHEMBL522733
3class_dedup,test,118,CHEMBL164543
3class_dedup,test,2518,CHEMBL1784798
3class_dedup,test,1952,CHEMBL5419730
3class_dedup,test,36,CHEMBL25700
3class_dedup,test,2419,CHEMBL177921
3class_dedup,test,184,CHEMBL5268117
3class_dedup,test,2611,CHEMBL2312948
3class_dedup,test,981,CHEMBL3134107
3class_dedup,test,1435,CHEMBL487888
3class_dedup,test,949,CHEMBL455593
3class_dedup,test,1021,CHEMBL4159159
3class_dedup,test,2347,CHEMBL226892
3class_dedup,test,1794,CHEMBL2431527
3class_dedup,test,561,CHEMBL38439
3class_dedup,test,372,CHEMBL81134
3class_dedup,test,2830,CHEMBL1097042
3class_dedup,test,324,CHEMBL3422046
3class_dedup,test,549,CHEMBL72056
3class_dedup,test,2523,CHEMBL3359965
3class_dedup,test,2548,CHEMBL243960
3class_dedup,test,2884,CHEMBL224786
3class_dedup,test,1299,CHEMBL2420683
3class_dedup,test,2575,CHEMBL23150
3class_dedup,test,1300,CHEMBL2420687
3class_dedup,test,2488,CHEMBL4761359
3class_dedup,test,1832,CHEMBL2336854
3class_dedup,test,410,CHEMBL206070
3class_dedup,test,911,CHEMBL5434685
3class_dedup,test,1677,CHEMBL5284742
3class_dedup,test,2634,CHEMBL9323
3class_dedup,test,1080,CHEMBL1485809
3class_dedup,test,298,CHEMBL4875917
3class_dedup,test,2622,CHEMBL2312965
3class_dedup,test,2099,CHEMBL214932
3class_dedup,test,271,CHEMBL463256
3class_dedup,test,1063,CHEMBL1172937
3class_dedup,test,2892,CHEMBL5410574
3class_dedup,test,1466,CHEMBL3623214
3class_dedup,test,599,CHEMBL72415
3class_dedup,test,1775,CHEMBL5283967
3class_dedup,test,2220,CHEMBL1824751
3class_dedup,test,1433,CHEMBL4866633
3class_dedup,test,2758,CHEMBL4526798
3class_dedup,test,2265,CHEMBL349822
3class_dedup,test,2796,CHEMBL377766
3class_dedup,test,1663,CHEMBL1627334
3class_dedup,test,3042,CHEMBL433728
3class_dedup,test,801,CHEMBL3623229
3class_dedup,test,1180,CHEMBL192306
3class_dedup,test,840,CHEMBL5438840
3class_dedup,test,669,CHEMBL204184
3class_dedup,test,730,CHEMBL2442767
3class_dedup,test,1385,CHEMBL4451962
3class_dedup,test,1522,CHEMBL484584
3class_dedup,test,525,CHEMBL41066
3class_dedup,test,2912,CHEMBL284636
3class_dedup,test,1427,CHEMBL3751881
3class_dedup,test,2188,CHEMBL5401445
3class_dedup,test,747,CHEMBL5271678
3class_dedup,test,2959,CHEMBL24014
3class_dedup,test,2484,CHEMBL27767
3class_dedup,test,2819,CHEMBL307160
3class_dedup,test,2665,CHEMBL2011192
3class_dedup,test,1089,CHEMBL27797
3class_dedup,test,1975,CHEMBL343072
3class_dedup,test,2566,CHEMBL166709
3class_dedup,test,1129,CHEMBL5426251
3class_dedup,test,1388,CHEMBL284238
3class_dedup,test,2255,CHEMBL1825033
3class_dedup,test,1974,CHEMBL204039
3class_dedup,test,322,CHEMBL3422028
3class_dedup,test,2776,CHEMBL4563511
3class_dedup,test,681,CHEMBL5287052
3class_dedup,test,712,CHEMBL5428681
3class_dedup,test,639,CHEMBL5423575
3class_dedup,test,62,CHEMBL3422035
3class_dedup,test,550,CHEMBL72538
3class_dedup,test,2162,CHEMBL609618
3class_dedup,test,2120,CHEMBL195248
3class_dedup,test,2492,CHEMBL1689258
3class_dedup,test,2680,CHEMBL4464506
3class_dedup,test,375,CHEMBL73993
3class_dedup,test,1377,CHEMBL325461
3class_dedup,test,1472,CHEMBL3754055
3class_dedup,test,958,CHEMBL5435609
3class_dedup,test,999,CHEMBL492382
3class_dedup,test,952,CHEMBL1170678
3class_dedup,test,193,CHEMBL1688908
3class_dedup,test,250,CHEMBL457261
3class_dedup,test,328,CHEMBL2386284
3class_dedup,test,1283,CHEMBL201831
3class_dedup,test,100,CHEMBL3753307
3class_dedup,test,2926,CHEMBL1172779
3class_dedup,test,729,CHEMBL2442768
3class_dedup,test,2729,CHEMBL3805211
3class_dedup,test,861,CHEMBL270283
3class_dedup,test,2366,CHEMBL1672978
3class_dedup,test,2744,CHEMBL28800
3class_dedup,test,361,CHEMBL302741
3class_dedup,test,880,CHEMBL5430301
3class_dedup,test,763,CHEMBL1397
3class_dedup,test,2825,CHEMBL1083970
3class_dedup,test,1641,CHEMBL3752149
3class_dedup,test,1064,CHEMBL4206988
3class_dedup,test,506,CHEMBL25735
3class_dedup,test,317,CHEMBL3422051
3class_dedup,test,957,CHEMBL1173065
3class_dedup,test,1886,CHEMBL5423113
3class_dedup,test,382,CHEMBL130546
3class_dedup,test,1059,CHEMBL4517895
3class_dedup,test,1109,CHEMBL490584
3class_dedup,test,1214,CHEMBL419131
3class_dedup,test,442,CHEMBL5269083
3class_dedup,test,1925,CHEMBL3622445
3class_dedup,test,1061,CHEMBL1170662
3class_dedup,test,1777,CHEMBL3751984
3class_dedup,test,1587,CHEMBL5268139
3class_dedup,test,1692,CHEMBL5285644
3class_dedup,test,1006,CHEMBL425194
3class_dedup,test,222,CHEMBL368631
3class_dedup,test,1989,CHEMBL476143
3class_dedup,test,3018,CHEMBL475943
3class_dedup,test,2041,CHEMBL3421778
3class_dedup,test,1192,CHEMBL212168
3class_dedup,test,1177,CHEMBL3084324
3class_dedup,test,3015,CHEMBL1783176
3class_dedup,test,1152,CHEMBL1784808
3class_dedup,test,2986,CHEMBL224600
3class_dedup,test,31,CHEMBL113082
3class_dedup,test,1347,CHEMBL437497
3class_dedup,test,2495,CHEMBL129795
3class_dedup,test,1767,CHEMBL5268832
3class_dedup,test,2011,CHEMBL5425929
3class_dedup,test,1366,CHEMBL164746
3class_dedup,test,2191,CHEMBL5425656
3class_dedup,test,677,CHEMBL70317
3class_dedup,test,1039,CHEMBL1957223
3class_dedup,test,1555,CHEMBL5269293
3class_dedup,test,608,CHEMBL3752625
3class_dedup,test,1112,CHEMBL465879
3class_dedup,test,1891,CHEMBL2011174
3class_dedup,test,919,CHEMBL229790
3class_dedup,test,1943,CHEMBL1956183
3class_dedup,test,212,CHEMBL3622072
3class_dedup,test,2184,CHEMBL5411125
3class_dedup,test,1073,CHEMBL5409753
3class_dedup,test,3029,CHEMBL14192
3class_dedup,test,455,CHEMBL202474
3class_dedup,test,1191,CHEMBL377626
3class_dedup,test,2506,CHEMBL45068
3class_dedup,test,2604,CHEMBL2165324
3class_dedup,test,1754,CHEMBL484579
3class_dedup,test,1649,CHEMBL3349864
3class_dedup,test,1197,CHEMBL453233
3class_dedup,test,2317,CHEMBL5396464
3class_dedup,test,1421,CHEMBL310735
3class_dedup,test,1376,CHEMBL355905
3class_dedup,test,131,CHEMBL5173597
3class_dedup,test,1486,CHEMBL5289279
3class_dedup,test,83,CHEMBL5396276
3class_dedup,test,2679,CHEMBL3931836
3class_dedup,test,602,CHEMBL5283480
3class_dedup,test,6,CHEMBL350338
3class_dedup,test,1979,CHEMBL475944
3class_dedup,test,740,CHEMBL5268850
3class_dedup,test,1749,CHEMBL5267873
3class_dedup,test,2227,CHEMBL481091
3class_dedup,test,859,CHEMBL271129
3class_dedup,test,436,CHEMBL5075144
3class_dedup,test,1179,CHEMBL184051
3class_dedup,test,1700,CHEMBL5278253
3class_dedup,test,454,CHEMBL202030
3class_dedup,test,143,CHEMBL319160
3class_dedup,test,486,CHEMBL5285990
3class_dedup,test,1141,CHEMBL5420394
3class_dedup,test,1393,CHEMBL5397043
3class_dedup,test,2823,CHEMBL1083665
3class_dedup,test,469,CHEMBL3752648
3class_dedup,test,3003,CHEMBL2336860
3class_dedup,test,189,CHEMBL1172400
3class_dedup,test,1078,CHEMBL229905
3class_dedup,test,1379,CHEMBL337251
3class_dedup,test,2318,CHEMBL5402090
3class_dedup,test,1146,CHEMBL3805814
3class_dedup,test,1260,CHEMBL267508
3class_dedup,test,2007,CHEMBL4225257
3class_dedup,test,513,CHEMBL29339
3class_dedup,test,1552,CHEMBL5265837
3class_dedup,test,432,CHEMBL5204674
3class_dedup,test,1911,CHEMBL495565
3class_dedup,test,2411,CHEMBL3099683
3class_dedup,test,2091,CHEMBL489360
3class_dedup,test,835,CHEMBL5410174
3class_dedup,test,3059,CHEMBL300109
3class_dedup,test,2685,CHEMBL4160591
3class_dedup,test,745,CHEMBL3754174
3class_dedup,test,1609,CHEMBL5266594
3class_dedup,test,1417,CHEMBL574960
3class_dedup,test,2228,CHEMBL479385
3class_dedup,test,1992,CHEMBL1939536
3class_dedup,test,518,CHEMBL5269979
3class_dedup,test,635,CHEMBL5394720
3class_dedup,test,787,CHEMBL269761
3class_dedup,test,566,CHEMBL5284912
3class_dedup,test,1362,CHEMBL164993
3class_dedup,test,2627,CHEMBL458395
3class_dedup,test,987,CHEMBL463254
3class_dedup,test,1640,CHEMBL5289394
3class_dedup,test,2033,CHEMBL382679
3class_dedup,test,2403,CHEMBL4847316
3class_dedup,test,1841,CHEMBL138538
3class_dedup,test,815,CHEMBL4170175
3class_dedup,test,1616,CHEMBL3752050
3class_dedup,test,1293,CHEMBL2336847
3class_dedup,test,355,CHEMBL341591
3class_dedup,test,2762,CHEMBL4592407
3class_dedup,test,1332,CHEMBL4224728
3class_dedup,test,2077,CHEMBL5437945
3class_dedup,test,2870,CHEMBL4098990
3class_dedup,test,2760,CHEMBL4556775
3class_dedup,test,1287,CHEMBL387892
3class_dedup,test,209,CHEMBL598224
3class_dedup,test,320,CHEMBL3422050
3class_dedup,test,2349,CHEMBL226841
3class_dedup,test,1624,CHEMBL5281055
3class_dedup,test,1313,CHEMBL1173700
3class_dedup,test,1888,CHEMBL5398069
3class_dedup,test,2200,CHEMBL5406734
3class_dedup,test,2338,CHEMBL226843
3class_dedup,test,2783,CHEMBL4166364
3class_dedup,test,97,CHEMBL1097764
3class_dedup,test,2214,CHEMBL223554
3class_dedup,test,1170,CHEMBL5281951
3class_dedup,test,1712,CHEMBL5270933
3class_dedup,test,2137,CHEMBL3582472
3class_dedup,test,1699,CHEMBL5275758
3class_dedup,test,2653,CHEMBL23484
3class_dedup,test,1079,CHEMBL229094
3class_dedup,test,1008,CHEMBL366669
3class_dedup,test,463,CHEMBL151212
3class_dedup,test,2424,CHEMBL258257
3class_dedup,test,927,CHEMBL3752063
3class_dedup,test,609,CHEMBL89102
3class_dedup,test,369,CHEMBL336387
3class_dedup,test,2425,CHEMBL4546916
3class_dedup,test,1182,CHEMBL189170
3class_dedup,test,1590,CHEMBL3754061
3class_dedup,test,1562,CHEMBL2282050
3class_dedup,test,2616,CHEMBL2312952
3class_dedup,test,14,CHEMBL194440
3class_dedup,test,1814,CHEMBL1939543
3class_dedup,test,2244,CHEMBL162585
3class_dedup,test,1668,CHEMBL1835542
3class_dedup,test,2713,CHEMBL5422315
3class_dedup,test,873,CHEMBL222189
3class_dedup,test,1666,CHEMBL5281632
3class_dedup,test,1516,CHEMBL3753695
3class_dedup,test,341,CHEMBL3754222
3class_dedup,test,2963,CHEMBL95919
3class_dedup,test,2609,CHEMBL2312953
3class_dedup,test,2874,CHEMBL5394126
3class_dedup,test,2115,CHEMBL370530
3class_dedup,test,1440,CHEMBL4071689
3class_dedup,test,3047,CHEMBL2430098
3class_dedup,test,2197,CHEMBL5436996
3class_dedup,test,2266,CHEMBL1824769
3class_dedup,test,2911,CHEMBL28753
3class_dedup,test,1869,CHEMBL4170393
3class_dedup,test,2693,CHEMBL4170504
3class_dedup,test,1500,CHEMBL424185
3class_dedup,test,808,CHEMBL5416993
3class_dedup,test,2793,CHEMBL3793576
3class_dedup,test,2379,CHEMBL3622064
3class_dedup,test,2579,CHEMBL169086
3class_dedup,test,3001,CHEMBL3622434
3class_dedup,test,277,CHEMBL104126
3class_dedup,test,2719,CHEMBL5411799
3class_dedup,test,1410,CHEMBL5433734
3class_dedup,test,2751,CHEMBL3421785
3class_dedup,test,2859,CHEMBL1688902
3class_dedup,test,903,CHEMBL133082
3class_dedup,test,855,CHEMBL272398
3class_dedup,test,2801,CHEMBL50
3class_dedup,test,2664,CHEMBL2011193
3class_dedup,test,2144,CHEMBL3622074
3class_dedup,test,2299,CHEMBL5423824
3class_dedup,test,2576,CHEMBL424556
3class_dedup,test,1307,CHEMBL2208140
3class_dedup,test,1736,CHEMBL3623217
3class_dedup,test,1796,CHEMBL3818442
3class_dedup,test,2123,CHEMBL3948337
3class_dedup,test,2624,CHEMBL451168
3class_dedup,test,1496,CHEMBL5270927
3class_dedup,test,2321,CHEMBL5432233
3class_dedup,test,741,CHEMBL5281599
3class_dedup,test,2193,CHEMBL5436300
3class_dedup,test,2353,CHEMBL226738
3class_dedup,test,2718,CHEMBL5426175
3class_dedup,test,2270,CHEMBL1825020
3class_dedup,test,708,CHEMBL4095313
3class_dedup,test,2331,CHEMBL5428080
3class_dedup,test,2592,CHEMBL256665
3class_dedup,test,2885,CHEMBL106
3class_dedup,test,2047,CHEMBL1939535
3class_dedup,test,917,CHEMBL229893
3class_dedup,test,237,CHEMBL4067000
3class_dedup,test,337,CHEMBL4207348
3class_dedup,test,2728,CHEMBL3805733
3class_dedup,test,24,CHEMBL5288513
3class_dedup,test,424,CHEMBL4632445
3class_dedup,test,2249,CHEMBL5419123
3class_dedup,test,2989,CHEMBL460382
3class_dedup,test,2066,CHEMBL1957210
3class_dedup,test,1324,CHEMBL288093
3class_dedup,test,2080,CHEMBL5439843
3class_dedup,test,841,CHEMBL5401017
3class_dedup,test,2922,CHEMBL513615
3class_dedup,test,1485,CHEMBL5266984
3class_dedup,test,2977,CHEMBL4227979
3class_dedup,test,2055,CHEMBL3415164
3class_dedup,test,1821,CHEMBL2442759
3class_dedup,test,371,CHEMBL83422
3class_dedup,test,2324,CHEMBL5408847
3class_dedup,test,1957,CHEMBL135378
3class_dedup,test,2187,CHEMBL5433553
3class_dedup,test,839,CHEMBL5394067
3class_dedup,test,1447,CHEMBL5277286
3class_dedup,test,2972,CHEMBL2420680
3class_dedup,test,1165,CHEMBL3754378
3class_dedup,test,1684,CHEMBL1077603
3class_dedup,test,2330,CHEMBL5410657
3class_dedup,test,2393,CHEMBL1688907
3class_dedup,test,1471,CHEMBL3753447
3class_dedup,test,2375,CHEMBL5402193
3class_dedup,test,2092,CHEMBL523813
3class_dedup,test,2096,CHEMBL5395012
3class_dedup,test,2868,CHEMBL1650709
3class_dedup,test,1272,CHEMBL4091260
3class_dedup,test,1837,CHEMBL5424130
3class_dedup,test,2964,CHEMBL187185
3class_dedup,test,2032,CHEMBL5416003
3class_dedup,test,974,CHEMBL3359958
3class_dedup,test,2704,CHEMBL4460718
3class_dedup,test,1484,CHEMBL5282619
3class_dedup,test,94,CHEMBL2312949
3class_dedup,test,1918,CHEMBL3415171
3class_dedup,test,1220,CHEMBL285155
3class_dedup,test,2281,CHEMBL3622061
3class_dedup,test,422,CHEMBL5283276
3class_dedup,test,1586,CHEMBL3752038
3class_dedup,test,332,CHEMBL460026
3class_dedup,test,2279,CHEMBL1825017
3class_dedup,test,2949,CHEMBL5429844
3class_dedup,test,971,CHEMBL390717
3class_dedup,test,2657,CHEMBL169449
3class_dedup,test,2832,CHEMBL300814
3class_dedup,test,1288,CHEMBL5413419
3class_dedup,test,1715,CHEMBL5275798
3class_dedup,test,437,CHEMBL3948254
3class_dedup,test,1894,CHEMBL1097763
3class_dedup,test,2990,CHEMBL299066
3class_dedup,test,43,CHEMBL367719
3class_dedup,test,825,CHEMBL1094428
3class_dedup,test,2237,CHEMBL513168
3class_dedup,test,1551,CHEMBL5276820
3class_dedup,test,162,CHEMBL443530
3class_dedup,test,1357,CHEMBL220885
3class_dedup,test,1095,CHEMBL379019
3class_dedup,test,1235,CHEMBL448463
3class_dedup,test,824,CHEMBL113637
3class_dedup,test,1247,CHEMBL5420745
3class_dedup,test,435,CHEMBL3961452
3class_dedup,test,2584,CHEMBL9165
3class_dedup,test,2545,CHEMBL113242
3class_dedup,test,1384,CHEMBL487113
3class_dedup,test,2580,CHEMBL169251
3class_dedup,test,2098,CHEMBL5402637
3class_dedup,test,1603,CHEMBL5281249
3class_dedup,test,2982,CHEMBL65590
3class_dedup,test,1523,CHEMBL3754489
3class_dedup,test,294,CHEMBL25473
3class_dedup,test,148,CHEMBL5288430
3class_dedup,test,472,CHEMBL5280921
3class_dedup,test,2185,CHEMBL5418765
3class_dedup,test,490,CHEMBL15594
3class_dedup,test,498,CHEMBL5270141
3class_dedup,test,1415,CHEMBL112509
3class_dedup,test,979,CHEMBL3134109
3class_dedup,test,838,CHEMBL112074
3class_dedup,test,1528,CHEMBL2113524
3class_dedup,test,1509,CHEMBL349851
3class_dedup,test,2908,CHEMBL5423274
3class_dedup,test,139,CHEMBL4129721
3class_dedup,test,2887,CHEMBL28637
3class_dedup,test,2862,CHEMBL225178
3class_dedup,test,989,CHEMBL5423576
3class_dedup,test,491,CHEMBL267476
3class_dedup,test,1653,CHEMBL5269555
3class_dedup,test,1399,CHEMBL3754482
3class_dedup,test,2756,CHEMBL4520995
3class_dedup,test,985,CHEMBL463255
3class_dedup,test,2435,CHEMBL3422036
3class_dedup,test,641,CHEMBL348263
3class_dedup,test,2863,CHEMBL3264675
3class_dedup,test,1356,CHEMBL223161
3class_dedup,test,1960,CHEMBL137049
3class_dedup,test,2929,CHEMBL1957215
3class_dedup,test,2644,CHEMBL24279
3class_dedup,test,366,CHEMBL71736
3class_dedup,test,1353,CHEMBL220774
3class_dedup,test,289,CHEMBL3359955
3class_dedup,test,1575,CHEMBL3245349
3class_dedup,test,1610,CHEMBL5267610
3class_dedup,test,1809,CHEMBL482693
3class_dedup,test,1258,CHEMBL256407
3class_dedup,test,2234,CHEMBL469260
3class_dedup,test,771,CHEMBL5286964
3class_dedup,test,2089,CHEMBL137373
3class_dedup,test,2276,CHEMBL598199
3class_dedup,test,89,CHEMBL5426228
3class_dedup,test,2856,CHEMBL1688906
3class_dedup,test,888,CHEMBL5281823
3class_dedup,test,535,CHEMBL1824745
3class_dedup,test,2503,CHEMBL1784788
3class_dedup,test,3051,CHEMBL4225998
3class_dedup,test,1588,CHEMBL5279628
3class_dedup,test,965,CHEMBL3623228
3class_dedup,test,819,CHEMBL5428001
3class_dedup,test,2775,CHEMBL523232
3class_dedup,test,155,CHEMBL81255
3class_dedup,test,2648,CHEMBL3105517
3class_dedup,test,2746,CHEMBL4159524
3class_dedup,test,2736,CHEMBL3421766
3class_dedup,test,1389,CHEMBL305205
3class_dedup,test,3039,CHEMBL352645
3class_dedup,test,631,CHEMBL433737
3class_dedup,test,2498,CHEMBL3941042
3class_dedup,test,1942,CHEMBL2336855
3class_dedup,test,615,CHEMBL5266867
3class_dedup,test,2594,CHEMBL439241
3class_dedup,test,886,CHEMBL5276442
3class_dedup,test,2583,CHEMBL3099734
3class_dedup,test,1244,CHEMBL67842
3class_dedup,test,2357,CHEMBL5412669
3class_dedup,test,1706,CHEMBL5288418
3class_dedup,test,1650,CHEMBL1630280
3class_dedup,test,420,CHEMBL4634777
3class_dedup,test,2560,CHEMBL415753
3class_dedup,test,59,CHEMBL55558
3class_dedup,test,1722,CHEMBL5282836
3class_dedup,test,1273,CHEMBL362968
3class_dedup,test,1839,CHEMBL5429779
3class_dedup,test,1489,CHEMBL5281469
3class_dedup,test,2889,CHEMBL334999
3class_dedup,test,529,CHEMBL38472
3class_dedup,test,2547,CHEMBL243961
3class_dedup,test,541,CHEMBL202470
3class_dedup,test,1879,CHEMBL192077
3class_dedup,test,540,CHEMBL88421
3class_dedup,test,2882,CHEMBL1784790
3class_dedup,test,2516,CHEMBL5428947
3class_dedup,test,3033,CHEMBL1824762
3class_dedup,test,1099,CHEMBL135494
3class_dedup,test,760,CHEMBL3747562
3class_dedup,test,2809,CHEMBL2333326
3class_dedup,test,1553,CHEMBL3753089
3class_dedup,test,1344,CHEMBL3926174
3class_dedup,test,1969,CHEMBL335215
3class_dedup,test,167,CHEMBL5268507
3class_dedup,test,931,CHEMBL1630275
3class_dedup,test,2073,CHEMBL5421595
3class_dedup,test,722,CHEMBL5432856
3class_dedup,test,145,CHEMBL5270376
3class_dedup,test,1745,CHEMBL5277888
3class_dedup,test,1732,CHEMBL1630273
3class_dedup,test,1468,CHEMBL5286151
3class_dedup,test,2754,CHEMBL1085936
3class_dedup,test,32,CHEMBL113739
3class_dedup,test,2994,CHEMBL2442756
3class_dedup,test,3004,CHEMBL5419940
3class_dedup,test,2468,CHEMBL4745681
3class_dedup,test,2619,CHEMBL2312959
3class_dedup,test,254,CHEMBL4451577
3class_dedup,test,2378,CHEMBL5408436
3class_dedup,test,166,CHEMBL5278365
3class_dedup,test,2415,CHEMBL4207850
3class_dedup,test,679,CHEMBL5288881
3class_dedup,test,1781,CHEMBL5281772
3class_dedup,test,2463,CHEMBL69011
3class_dedup,test,1953,CHEMBL5421772
3class_dedup,test,1464,CHEMBL3818725
3class_dedup,test,2698,CHEMBL2430505
3class_dedup,test,1729,CHEMBL2111947
3class_dedup,test,1890,CHEMBL2312962
3class_dedup,test,1830,CHEMBL1939545
3class_dedup,test,1658,CHEMBL1628064
3class_dedup,test,963,CHEMBL1094149
3class_dedup,test,884,CHEMBL4212918
3class_dedup,test,2818,CHEMBL2333334
3class_dedup,test,2480,CHEMBL28880
3class_dedup,test,2835,CHEMBL275638
3class_dedup,test,2408,CHEMBL453736
3class_dedup,test,2138,CHEMBL3893614
3class_dedup,test,2958,CHEMBL304583
3class_dedup,test,817,CHEMBL5439256
3class_dedup,test,642,CHEMBL151449
3class_dedup,test,1017,CHEMBL5440376
3class_dedup,test,26,CHEMBL5271144
3class_dedup,test,1694,CHEMBL3754516
3class_dedup,test,2261,CHEMBL442373
3class_dedup,test,2574,CHEMBL26065
3class_dedup,test,2794,CHEMBL3793091
3class_dedup,test,2535,CHEMBL409448
3class_dedup,test,2671,CHEMBL2011185
3class_dedup,test,2004,CHEMBL383807
3class_dedup,test,2245,CHEMBL5408823
3class_dedup,test,343,CHEMBL3754184
3class_dedup,test,2925,CHEMBL1173260
3class_dedup,test,1392,CHEMBL134442
3class_dedup,test,1383,CHEMBL132072
3class_dedup,test,522,CHEMBL8659
3class_dedup,test,1753,CHEMBL5288833
3class_dedup,test,1848,CHEMBL2011175
3class_dedup,test,2696,CHEMBL4169784
3class_dedup,test,1178,CHEMBL224787
3class_dedup,test,1544,CHEMBL5290564
3class_dedup,test,2216,CHEMBL1824747
3class_dedup,test,2090,CHEMBL203981
3class_dedup,test,892,CHEMBL1915161
3class_dedup,test,519,CHEMBL2179113
3class_dedup,test,2241,CHEMBL1783178
3class_dedup,test,2827,CHEMBL28
3class_dedup,test,205,CHEMBL597416
3class_dedup,test,3024,CHEMBL5427189
3class_dedup,test,2325,CHEMBL3622067
3class_dedup,test,1779,CHEMBL3752637
3class_dedup,test,1036,CHEMBL1650711
3class_dedup,test,2457,CHEMBL3421764
3class_dedup,test,2190,CHEMBL5440707
3class_dedup,test,84,CHEMBL5414163
3class_dedup,test,604,CHEMBL267668
3class_dedup,test,2808,CHEMBL78322
3class_dedup,test,2826,CHEMBL151
3class_dedup,test,844,CHEMBL289945
3class_dedup,test,511,CHEMBL5287473
3class_dedup,test,2171,CHEMBL3421780
3class_dedup,test,485,CHEMBL3752405
3class_dedup,test,620,CHEMBL5290320
3class_dedup,test,3021,CHEMBL1825042
3class_dedup,test,1183,CHEMBL362906
3class_dedup,test,1582,CHEMBL3752347
3class_dedup,test,2944,CHEMBL5410011
3class_dedup,test,982,CHEMBL3134108
3class_dedup,test,1448,CHEMBL5268836
3class_dedup,test,816,CHEMBL5413476
3class_dedup,test,3022,CHEMBL1825049
3class_dedup,test,2701,CHEMBL2430506
3class_dedup,test,88,CHEMBL5405854
3class_dedup,test,990,CHEMBL476126
3class_dedup,test,583,CHEMBL3754063
3class_dedup,test,2897,CHEMBL135540
3class_dedup,test,2930,CHEMBL1939551
3class_dedup,test,339,CHEMBL4207995
3class_dedup,test,1420,CHEMBL25588
3class_dedup,test,1917,CHEMBL3415155
3class_dedup,test,1395,CHEMBL5430729
3class_dedup,test,2342,CHEMBL1672975
3class_dedup,test,2348,CHEMBL388506
3class_dedup,test,2803,CHEMBL224665
3class_dedup,test,1445,CHEMBL5285274
3class_dedup,test,2290,CHEMBL5400488
3class_dedup,test,496,CHEMBL3752506
3class_dedup,test,2181,CHEMBL31456
3class_dedup,test,2140,CHEMBL1939528
3class_dedup,test,806,CHEMBL5428148
3class_dedup,test,1497,CHEMBL5282687
3class_dedup,test,2513,CHEMBL103040
3class_dedup,test,1613,CHEMBL5279731
3class_dedup,test,2740,CHEMBL3421768
3class_dedup,test,1733,CHEMBL1630272
3class_dedup,test,2044,CHEMBL5401971
3class_dedup,test,1580,CHEMBL5284738
3class_dedup,test,303,CHEMBL5081446
3class_dedup,test,231,CHEMBL517816
3class_dedup,test,1928,CHEMBL1203762
3class_dedup,test,181,CHEMBL3752381
3class_dedup,test,2192,CHEMBL5433174
3class_dedup,test,1298,CHEMBL2420679
3class_dedup,test,1912,CHEMBL1784796
3class_dedup,test,1216,CHEMBL2011180
3class_dedup,test,414,CHEMBL5430986
3class_dedup,test,2632,CHEMBL369471
3class_dedup,test,2519,CHEMBL3359964
3class_dedup,test,270,CHEMBL456062
3class_dedup,test,45,CHEMBL178036
3class_dedup,test,227,CHEMBL516275
3class_dedup,test,1877,CHEMBL371742
3class_dedup,test,342,CHEMBL3753169
3class_dedup,test,2254,CHEMBL1825037
3class_dedup,test,735,CHEMBL1203760
3class_dedup,test,2860,CHEMBL437731
3class_dedup,test,2304,CHEMBL5424049
3class_dedup,test,2390,CHEMBL1824750
3class_dedup,test,391,CHEMBL71117
3class_dedup,test,450,CHEMBL2333333
3class_dedup,test,2907,CHEMBL28696
3class_dedup,test,1171,CHEMBL5276919
3class_dedup,test,3045,CHEMBL195996
3class_dedup,test,1579,CHEMBL5269252
3class_dedup,test,3008,CHEMBL1824755
3class_dedup,test,2559,CHEMBL168434
3class_dedup,test,966,CHEMBL3827037
3class_dedup,test,2381,CHEMBL3622063
3class_dedup,test,1747,CHEMBL5280521
binary,train,10,CHEMBL166709
binary,train,1683,CHEMBL3623217
binary,train,331,CHEMBL112908
binary,train,2189,CHEMBL5269029
binary,train,1690,CHEMBL3623208
binary,train,1830,CHEMBL3919759
binary,train,754,CHEMBL469444
binary,train,2072,CHEMBL4632445
binary,train,1232,CHEMBL1784794
binary,train,1626,CHEMBL3422036
binary,train,1529,CHEMBL3105519
binary,train,2039,CHEMBL5195433
binary,train,1321,CHEMBL1939533
binary,train,1159,CHEMBL1668326
binary,train,2712,CHEMBL301106
binary,train,378,CHEMBL25059
binary,train,2152,CHEMBL5267234
binary,train,1623,CHEMBL3422040
binary,train,2491,CHEMBL5422315
binary,train,1644,CHEMBL3264681
binary,train,1866,CHEMBL4174670
binary,train,2674,CHEMBL161230
binary,train,2687,CHEMBL187068
binary,train,2327,CHEMBL3753109
binary,train,2272,CHEMBL3754168
binary,train,763,CHEMBL457261
binary,train,1883,CHEMBL4173231
binary,train,207,CHEMBL304903
binary,train,1875,CHEMBL4160335
binary,train,1179,CHEMBL1688893
binary,train,548,CHEMBL223874
binary,train,699,CHEMBL272464
binary,train,741,CHEMBL512578
binary,train,2952,CHEMBL5423378
binary,train,1997,CHEMBL4556775
binary,train,101,CHEMBL166017
binary,train,103,CHEMBL164993
binary,train,2475,CHEMBL5266533
binary,train,1571,CHEMBL3099695
binary,train,2565,CHEMBL5432856
binary,train,466,CHEMBL370281
binary,train,161,CHEMBL73219
binary,train,1730,CHEMBL3754724
binary,train,2994,CHEMBL5425567
binary,train,1518,CHEMBL3099686
binary,train,826,CHEMBL293122
binary,train,547,CHEMBL387518
binary,train,2995,CHEMBL23365
binary,train,1043,CHEMBL9298
binary,train,1158,CHEMBL488513
binary,train,554,CHEMBL224649
binary,train,1045,CHEMBL1083970
binary,train,290,CHEMBL53290
binary,train,2673,CHEMBL133081
binary,train,1573,CHEMBL3315157
binary,train,1691,CHEMBL3623219
binary,train,324,CHEMBL70901
binary,train,1552,CHEMBL3359957
binary,train,2454,CHEMBL5288111
binary,train,2741,CHEMBL199334
binary,train,2138,CHEMBL5281249
binary,train,1790,CHEMBL3818343
binary,train,2232,CHEMBL3752668
binary,train,2413,CHEMBL5275758
binary,train,452,CHEMBL192306
binary,train,213,CHEMBL133240
binary,train,1458,CHEMBL2333336
binary,train,2288,CHEMBL5275780
binary,train,1807,CHEMBL3623228
binary,train,2434,CHEMBL3752447
binary,train,1189,CHEMBL1688900
binary,train,555,CHEMBL224787
binary,train,2851,CHEMBL3622057
binary,train,1101,CHEMBL175550
binary,train,2739,CHEMBL379019
binary,train,1009,CHEMBL91
binary,train,2240,CHEMBL3752648
binary,train,1605,CHEMBL3415171
binary,train,2697,CHEMBL5394126
binary,train,739,CHEMBL442813
binary,train,1010,CHEMBL28
binary,train,761,CHEMBL456062
binary,train,995,CHEMBL223874
binary,train,451,CHEMBL192306
binary,train,1520,CHEMBL2011177
binary,train,1757,CHEMBL3623223
binary,train,2586,CHEMBL5440983
binary,train,2433,CHEMBL1405
binary,train,2231,CHEMBL5284759
binary,train,650,CHEMBL229945
binary,train,818,CHEMBL161230
binary,train,1978,CHEMBL4592407
binary,train,1616,CHEMBL3421785
binary,train,877,CHEMBL521600
binary,train,1431,CHEMBL165
binary,train,1840,CHEMBL9298
binary,train,901,CHEMBL480321
binary,train,398,CHEMBL328863
binary,train,2417,CHEMBL5275068
binary,train,1972,CHEMBL3622063
binary,train,183,CHEMBL416616
binary,train,1412,CHEMBL2165315
binary,train,2682,CHEMBL158635
binary,train,651,CHEMBL229094
binary,train,1863,CHEMBL4175698
binary,train,2675,CHEMBL421149
binary,train,994,CHEMBL1094426
binary,train,1188,CHEMBL1688899
binary,train,2355,CHEMBL3753667
binary,train,920,CHEMBL100749
binary,train,805,CHEMBL212473
binary,train,2918,CHEMBL162585
binary,train,1734,CHEMBL1077603
binary,train,2950,CHEMBL5401971
binary,train,2600,CHEMBL5409914
binary,train,1834,CHEMBL381014
binary,train,1013,CHEMBL104
binary,train,1829,CHEMBL3924257
binary,train,2385,CHEMBL3753084
binary,train,2574,CHEMBL5394424
binary,train,2915,CHEMBL350072
binary,train,11,CHEMBL424556
binary,train,2347,CHEMBL1629804
binary,train,1387,CHEMBL2011185
binary,train,1908,CHEMBL4129721
binary,train,1370,CHEMBL131921
binary,train,2749,CHEMBL28637
binary,train,967,CHEMBL609332
binary,train,519,CHEMBL204039
binary,train,2338,CHEMBL5287894
binary,train,1745,CHEMBL3752510
binary,train,1067,CHEMBL1173327
binary,train,1096,CHEMBL362441
binary,train,2261,CHEMBL3752315
binary,train,1481,CHEMBL2336863
binary,train,1729,CHEMBL3752892
binary,train,1677,CHEMBL3622073
binary,train,2896,CHEMBL5404624
binary,train,1004,CHEMBL1444
binary,train,289,CHEMBL468419
binary,train,1137,CHEMBL1629801
binary,train,2481,CHEMBL5426175
binary,train,1852,CHEMBL4095313
binary,train,2346,CHEMBL1630263
binary,train,1615,CHEMBL3421779
binary,train,575,CHEMBL31215
binary,train,772,CHEMBL458187
binary,train,2775,CHEMBL138538
binary,train,2422,CHEMBL1835547
binary,train,732,CHEMBL220886
binary,train,1355,CHEMBL1957209
binary,train,715,CHEMBL373427
binary,train,1537,CHEMBL3134112
binary,train,2501,CHEMBL5407335
binary,train,1838,CHEMBL206351
binary,train,1929,CHEMBL4543747
binary,train,569,CHEMBL224787
binary,train,1113,CHEMBL179144
binary,train,2504,CHEMBL5414572
binary,train,2789,CHEMBL135540
binary,train,1112,CHEMBL424960
binary,train,2315,CHEMBL5275714
binary,train,770,CHEMBL458188
binary,train,1085,CHEMBL363621
binary,train,709,CHEMBL436515
binary,train,538,CHEMBL213587
binary,train,372,CHEMBL24037
binary,train,1667,CHEMBL480321
binary,train,1,CHEMBL431859
binary,train,512,CHEMBL204039
binary,train,1298,CHEMBL1915161
binary,train,2044,CHEMBL488
binary,train,1372,CHEMBL2011192
binary,train,364,CHEMBL102884
binary,train,2134,CHEMBL5272287
binary,train,1961,CHEMBL3622055
binary,train,667,CHEMBL226842
binary,train,1513,CHEMBL2442770
binary,train,2813,CHEMBL3622076
binary,train,189,CHEMBL39423
binary,train,45,CHEMBL168444
binary,train,587,CHEMBL288093
binary,train,1335,CHEMBL1939547
binary,train,2785,CHEMBL135340
binary,train,2945,CHEMBL5425656
binary,train,2856,CHEMBL5421435
binary,train,314,CHEMBL9179
binary,train,44,CHEMBL413344
binary,train,1015,CHEMBL294878
binary,train,938,CHEMBL582837
binary,train,870,CHEMBL28
binary,train,17,CHEMBL169449
binary,train,745,CHEMBL253467
binary,train,2437,CHEMBL5270986
binary,train,505,CHEMBL202030
binary,train,248,CHEMBL288093
binary,train,1893,CHEMBL4212612
binary,train,2561,CHEMBL113637
binary,train,876,CHEMBL489360
binary,train,2220,CHEMBL5279883
binary,train,1946,CHEMBL4564333
binary,train,1326,CHEMBL1939538
binary,train,3006,CHEMBL3401429
binary,train,509,CHEMBL204502
binary,train,1797,CHEMBL3623223
binary,train,1956,CHEMBL31760
binary,train,1164,CHEMBL108425
binary,train,2348,CHEMBL3754296
binary,train,1061,CHEMBL1172882
binary,train,1878,CHEMBL4165988
binary,train,524,CHEMBL9298
binary,train,823,CHEMBL350922
binary,train,134,CHEMBL93828
binary,train,2157,CHEMBL5270578
binary,train,38,CHEMBL415753
binary,train,1174,CHEMBL1672979
binary,train,2069,CHEMBL2179110
binary,train,2804,CHEMBL5427411
binary,train,2596,CHEMBL5428148
binary,train,2281,CHEMBL5271771
binary,train,2601,CHEMBL5407805
binary,train,1917,CHEMBL1371590
binary,train,2217,CHEMBL5283920
binary,train,311,CHEMBL357775
binary,train,2931,CHEMBL5401807
binary,train,2879,CHEMBL5416513
binary,train,1843,CHEMBL4098990
binary,train,2274,CHEMBL5290564
binary,train,1292,CHEMBL1098737
binary,train,26,CHEMBL168434
binary,train,612,CHEMBL375043
binary,train,1500,CHEMBL2442766
binary,train,1114,CHEMBL175554
binary,train,342,CHEMBL24410
binary,train,1640,CHEMBL3264675
binary,train,1079,CHEMBL175979
binary,train,2890,CHEMBL5413472
binary,train,1554,CHEMBL1688900
binary,train,762,CHEMBL457262
binary,train,660,CHEMBL226945
binary,train,1727,CHEMBL3754241
binary,train,1037,CHEMBL1083353
binary,train,856,CHEMBL493173
binary,train,92,CHEMBL443530
binary,train,2971,CHEMBL348263
binary,train,2165,CHEMBL3623213
binary,train,1813,CHEMBL3916057
binary,train,1148,CHEMBL1630268
binary,train,2719,CHEMBL69011
binary,train,140,CHEMBL70317
binary,train,2634,CHEMBL5396048
binary,train,1433,CHEMBL2235953
binary,train,432,CHEMBL360026
binary,train,1592,CHEMBL3415159
binary,train,2535,CHEMBL28290
binary,train,2260,CHEMBL3752619
binary,train,2584,CHEMBL5408745
binary,train,2689,CHEMBL223874
binary,train,1404,CHEMBL2165324
binary,train,1695,CHEMBL3219600
binary,train,258,CHEMBL26065
binary,train,2748,CHEMBL29904
binary,train,539,CHEMBL377766
binary,train,1732,CHEMBL1629804
binary,train,1293,CHEMBL9165
binary,train,1676,CHEMBL3622072
binary,train,382,CHEMBL421491
binary,train,899,CHEMBL512994
binary,train,2750,CHEMBL282325
binary,train,1531,CHEMBL399910
binary,train,2116,CHEMBL3753089
binary,train,1601,CHEMBL3415168
binary,train,307,CHEMBL2051951
binary,train,1322,CHEMBL1939534
binary,train,2802,CHEMBL135172
binary,train,537,CHEMBL158635
binary,train,98,CHEMBL353571
binary,train,2425,CHEMBL5184565
binary,train,2816,CHEMBL5432233
binary,train,1903,CHEMBL4227385
binary,train,1455,CHEMBL2163639
binary,train,872,CHEMBL517347
binary,train,2403,CHEMBL5273164
binary,train,2236,CHEMBL1629800
binary,train,1216,CHEMBL256665
binary,train,2976,CHEMBL150999
binary,train,1423,CHEMBL2179109
binary,train,1603,CHEMBL3415170
binary,train,2870,CHEMBL5408436
binary,train,2844,CHEMBL5439970
binary,train,2942,CHEMBL5401856
binary,train,1892,CHEMBL4207995
binary,train,2153,CHEMBL5289646
binary,train,111,CHEMBL164543
binary,train,526,CHEMBL212473
binary,train,1986,CHEMBL4547558
binary,train,2292,CHEMBL5290751
binary,train,565,CHEMBL224649
binary,train,2113,CHEMBL3754505
binary,train,2537,CHEMBL124230
binary,train,1977,CHEMBL4560281
binary,train,2803,CHEMBL135378
binary,train,2262,CHEMBL3752341
binary,train,2746,CHEMBL5422369
binary,train,226,CHEMBL174909
binary,train,1260,CHEMBL1824754
binary,train,125,CHEMBL165106
binary,train,1472,CHEMBL2336853
binary,train,1701,CHEMBL131921
binary,train,2459,CHEMBL411316
binary,train,1146,CHEMBL1630266
binary,train,2859,CHEMBL5394799
binary,train,2959,CHEMBL5436300
binary,train,832,CHEMBL224649
binary,train,1887,CHEMBL4204862
binary,train,2685,CHEMBL184749
binary,train,1258,CHEMBL1824752
binary,train,1696,CHEMBL293122
binary,train,1110,CHEMBL179149
binary,train,897,CHEMBL468419
binary,train,2925,CHEMBL5426228
binary,train,765,CHEMBL465879
binary,train,2019,CHEMBL4858552
binary,train,231,CHEMBL268209
binary,train,2381,CHEMBL5277888
binary,train,887,CHEMBL367149
binary,train,1026,CHEMBL1097764
binary,train,2176,CHEMBL5274501
binary,train,1018,CHEMBL488
binary,train,2967,CHEMBL5419123
binary,train,116,CHEMBL351850
binary,train,391,CHEMBL88918
binary,train,1905,CHEMBL4227458
binary,train,1549,CHEMBL3359965
binary,train,190,CHEMBL488
binary,train,906,CHEMBL479366
binary,train,1606,CHEMBL3415172
binary,train,365,CHEMBL71152
binary,train,1124,CHEMBL371742
binary,train,559,CHEMBL225472
binary,train,2603,CHEMBL5398511
binary,train,173,CHEMBL134442
binary,train,2794,CHEMBL5410574
binary,train,428,CHEMBL176287
binary,train,2273,CHEMBL3752788
binary,train,57,CHEMBL297784
binary,train,2035,CHEMBL5074047
binary,train,1952,CHEMBL29230
binary,train,1454,CHEMBL9298
binary,train,610,CHEMBL374934
binary,train,2998,CHEMBL5438005
binary,train,804,CHEMBL223874
binary,train,1082,CHEMBL193858
binary,train,1187,CHEMBL1688898
binary,train,2155,CHEMBL5279329
binary,train,215,CHEMBL130546
binary,train,412,CHEMBL177921
binary,train,1213,CHEMBL518414
binary,train,2109,CHEMBL3752976
binary,train,1031,CHEMBL1094149
binary,train,2412,CHEMBL5291132
binary,train,1681,CHEMBL108425
binary,train,385,CHEMBL90856
binary,train,980,CHEMBL605418
binary,train,67,CHEMBL27879
binary,train,871,CHEMBL518586
binary,train,2473,CHEMBL5284760
binary,train,2887,CHEMBL5406734
binary,train,2932,CHEMBL5395683
binary,train,551,CHEMBL437731
binary,train,1576,CHEMBL1200374
binary,train,255,CHEMBL23148
binary,train,2188,CHEMBL5291212
binary,train,2305,CHEMBL5284111
binary,train,1092,CHEMBL194440
binary,train,1818,CHEMBL149791
binary,train,2564,CHEMBL41761
binary,train,2771,CHEMBL135381
binary,train,2271,CHEMBL5267688
binary,train,894,CHEMBL1399
binary,train,2100,CHEMBL3753307
binary,train,2597,CHEMBL5428001
binary,train,484,CHEMBL1629802
binary,train,671,CHEMBL388506
binary,train,1580,CHEMBL1200374
binary,train,88,CHEMBL349514
binary,train,1635,CHEMBL2386285
binary,train,635,CHEMBL488
binary,train,141,CHEMBL307690
binary,train,1021,CHEMBL275638
binary,train,1738,CHEMBL3752191
binary,train,1287,CHEMBL1825037
binary,train,1225,CHEMBL1444
binary,train,123,CHEMBL132530
binary,train,195,CHEMBL488
binary,train,114,CHEMBL1629804
binary,train,2279,CHEMBL3752155
binary,train,1812,CHEMBL3944017
binary,train,2696,CHEMBL224649
binary,train,2498,CHEMBL5400203
binary,train,2200,CHEMBL3754505
binary,train,2263,CHEMBL3752252
binary,train,1193,CHEMBL1688903
binary,train,2414,CHEMBL5283697
binary,train,923,CHEMBL480718
binary,train,2549,CHEMBL5427189
binary,train,811,CHEMBL224228
binary,train,170,CHEMBL317581
binary,train,2383,CHEMBL5289394
binary,train,2661,CHEMBL275638
binary,train,2702,CHEMBL5419796
binary,train,336,CHEMBL325461
binary,train,1645,CHEMBL3264685
binary,train,2066,CHEMBL197650
binary,train,457,CHEMBL190099
binary,train,374,CHEMBL71363
binary,train,1562,CHEMBL3359952
binary,train,105,CHEMBL165218
binary,train,1796,CHEMBL3819184
binary,train,1240,CHEMBL1389987
binary,train,1624,CHEMBL3422038
binary,train,1625,CHEMBL3422037
binary,train,2204,CHEMBL5276820
binary,train,2486,CHEMBL5412790
binary,train,1786,CHEMBL1784801
binary,train,2503,CHEMBL5435743
binary,train,791,CHEMBL495567
binary,train,710,CHEMBL374651
binary,train,2208,CHEMBL3752625
binary,train,778,CHEMBL270215
binary,train,1820,CHEMBL3984531
binary,train,1104,CHEMBL176009
binary,train,614,CHEMBL29482
binary,train,1728,CHEMBL484584
binary,train,572,CHEMBL31215
binary,train,274,CHEMBL301608
binary,train,147,CHEMBL73368
binary,train,1717,CHEMBL3622437
binary,train,1672,CHEMBL1399
binary,train,790,CHEMBL495566
binary,train,1077,CHEMBL360026
binary,train,1098,CHEMBL366669
binary,train,1467,CHEMBL78322
binary,train,2441,CHEMBL5265959
binary,train,2228,CHEMBL3753920
binary,train,2002,CHEMBL4632445
binary,train,1154,CHEMBL1630275
binary,train,1633,CHEMBL3422046
binary,train,1565,CHEMBL1688892
binary,train,1218,CHEMBL1783178
binary,train,1891,CHEMBL446083
binary,train,3004,CHEMBL161530
binary,train,2883,CHEMBL5430347
binary,train,127,CHEMBL424185
binary,train,594,CHEMBL225360
binary,train,2593,CHEMBL5416993
binary,train,2187,CHEMBL5269208
binary,train,300,CHEMBL162834
binary,train,2951,CHEMBL5397559
binary,train,1444,CHEMBL2312957
binary,train,645,CHEMBL390731
binary,train,694,CHEMBL409271
binary,train,430,CHEMBL9298
binary,train,2264,CHEMBL5284738
binary,train,2588,CHEMBL5416003
binary,train,1020,CHEMBL50
binary,train,1047,CHEMBL1082760
binary,train,1197,CHEMBL1688907
binary,train,429,CHEMBL369623
binary,train,198,CHEMBL304788
binary,train,1048,CHEMBL350922
binary,train,661,CHEMBL226893
binary,train,2257,CHEMBL3754546
binary,train,1462,CHEMBL2333332
binary,train,2780,CHEMBL133026
binary,train,1898,CHEMBL165
binary,train,2387,CHEMBL3754711
binary,train,78,CHEMBL27591
binary,train,393,CHEMBL302305
binary,train,926,CHEMBL9298
binary,train,2020,CHEMBL4874326
binary,train,679,CHEMBL244795
binary,train,296,CHEMBL1203762
binary,train,799,CHEMBL213588
binary,train,2245,CHEMBL3753447
binary,train,1476,CHEMBL2336849
binary,train,1920,CHEMBL4462178
binary,train,2086,CHEMBL5283822
binary,train,1257,CHEMBL1824749
binary,train,2829,CHEMBL5407526
binary,train,743,CHEMBL463241
binary,train,2409,CHEMBL3752366
binary,train,1267,CHEMBL1824762
binary,train,2083,CHEMBL5278036
binary,train,1251,CHEMBL224789
binary,train,1357,CHEMBL1957210
binary,train,1907,CHEMBL75
binary,train,171,CHEMBL108646
binary,train,270,CHEMBL421149
binary,train,2793,CHEMBL5410623
binary,train,1744,CHEMBL3753182
binary,train,107,CHEMBL31456
binary,train,727,CHEMBL202473
binary,train,3029,CHEMBL5406470
binary,train,2482,CHEMBL5433442
binary,train,2695,CHEMBL224228
binary,train,1324,CHEMBL1939536
binary,train,313,CHEMBL9165
binary,train,2873,CHEMBL5419258
binary,train,2703,CHEMBL5429907
binary,train,859,CHEMBL449065
binary,train,2933,CHEMBL5414163
binary,train,830,CHEMBL184749
binary,train,1949,CHEMBL4520056
binary,train,356,CHEMBL39661
binary,train,1211,CHEMBL1689258
binary,train,540,CHEMBL209731
binary,train,1680,CHEMBL3622077
binary,train,1914,CHEMBL4516755
binary,train,737,CHEMBL465435
binary,train,2633,CHEMBL5405156
binary,train,1636,CHEMBL1444
binary,train,1532,CHEMBL117
binary,train,1517,CHEMBL3099735
binary,train,1967,CHEMBL1997442
binary,train,2101,CHEMBL5268471
binary,train,835,CHEMBL192306
binary,train,1685,CHEMBL3623215
binary,train,2197,CHEMBL3245353
binary,train,193,CHEMBL287950
binary,train,176,CHEMBL132072
binary,train,1739,CHEMBL3623213
binary,train,1700,CHEMBL50
binary,train,2021,CHEMBL165
binary,train,2776,CHEMBL135709
binary,train,2489,CHEMBL5420394
binary,train,758,CHEMBL463254
binary,train,2797,CHEMBL133198
binary,train,112,CHEMBL82981
binary,train,759,CHEMBL457263
binary,train,2716,CHEMBL57513
binary,train,700,CHEMBL270488
binary,train,1202,CHEMBL1688912
binary,train,1312,CHEMBL1939524
binary,train,464,CHEMBL131921
binary,train,1566,CHEMBL1688890
binary,train,1206,CHEMBL1688916
binary,train,2500,CHEMBL1444
binary,train,1244,CHEMBL1351273
binary,train,948,CHEMBL1399
binary,train,2571,CHEMBL5438840
binary,train,2969,CHEMBL5439983
binary,train,439,CHEMBL95919
binary,train,1824,CHEMBL3938615
binary,train,712,CHEMBL426541
binary,train,771,CHEMBL514745
binary,train,2452,CHEMBL5288513
binary,train,2825,CHEMBL5412416
binary,train,304,CHEMBL158984
binary,train,402,CHEMBL488
binary,train,2249,CHEMBL3349657
binary,train,192,CHEMBL291646
binary,train,102,CHEMBL164821
binary,train,2800,CHEMBL336708
binary,train,1263,CHEMBL1824758
binary,train,1969,CHEMBL108425
binary,train,1759,CHEMBL3805021
binary,train,233,CHEMBL266532
binary,train,2979,CHEMBL151038
binary,train,582,CHEMBL376786
binary,train,1285,CHEMBL336638
binary,train,19,CHEMBL39513
binary,train,2290,CHEMBL5291192
binary,train,74,CHEMBL281947
binary,train,2742,CHEMBL201831
binary,train,2591,CHEMBL5410695
binary,train,2022,CHEMBL69011
binary,train,2547,CHEMBL452018
binary,train,2051,CHEMBL5178202
binary,train,2246,CHEMBL3753373
binary,train,2374,CHEMBL1629805
binary,train,266,CHEMBL488
binary,train,286,CHEMBL355905
binary,train,2656,CHEMBL5407494
binary,train,228,CHEMBL488
binary,train,1195,CHEMBL1688905
binary,train,2341,CHEMBL5291323
binary,train,2432,CHEMBL5282717
binary,train,460,CHEMBL190848
binary,train,459,CHEMBL191488
binary,train,1161,CHEMBL1668328
binary,train,1270,CHEMBL1824765
binary,train,1054,CHEMBL1173065
binary,train,1854,CHEMBL1200374
binary,train,76,CHEMBL281947
binary,train,483,CHEMBL194641
binary,train,2814,CHEMBL3622077
binary,train,1679,CHEMBL3622076
binary,train,467,CHEMBL193858
binary,train,738,CHEMBL165
binary,train,129,CHEMBL93828
binary,train,996,CHEMBL1094427
binary,train,2476,CHEMBL5278229
binary,train,375,CHEMBL88412
binary,train,1828,CHEMBL3948337
binary,train,1275,CHEMBL1825017
binary,train,1005,CHEMBL283196
binary,train,53,CHEMBL2311169
binary,train,1510,CHEMBL2442753
binary,train,1670,CHEMBL592131
binary,train,2526,CHEMBL29230
binary,train,2615,CHEMBL23485
binary,train,1398,CHEMBL2163639
binary,train,503,CHEMBL381883
binary,train,2080,CHEMBL372999
binary,train,1909,CHEMBL4126996
binary,train,2308,CHEMBL3753695
binary,train,595,CHEMBL388515
binary,train,1902,CHEMBL1399
binary,train,1452,CHEMBL2312949
binary,train,468,CHEMBL364956
binary,train,1327,CHEMBL1939539
binary,train,1178,CHEMBL225499
binary,train,982,CHEMBL589974
binary,train,293,CHEMBL291279
binary,train,2046,CHEMBL1200374
binary,train,51,CHEMBL28689
binary,train,777,CHEMBL264924
binary,train,2024,CHEMBL4859743
binary,train,1939,CHEMBL4514728
binary,train,734,CHEMBL3084324
binary,train,2267,CHEMBL5268166
binary,train,3014,CHEMBL199334
binary,train,2625,CHEMBL304583
binary,train,1888,CHEMBL4207850
binary,train,2128,CHEMBL5267848
binary,train,242,CHEMBL8498
binary,train,663,CHEMBL226892
binary,train,2229,CHEMBL3754471
binary,train,361,CHEMBL302249
binary,train,2691,CHEMBL225178
binary,train,2061,CHEMBL5175340
binary,train,2207,CHEMBL3754285
binary,train,2721,CHEMBL324290
binary,train,2906,CHEMBL5401648
binary,train,151,CHEMBL305205
binary,train,1575,CHEMBL9298
binary,train,2026,CHEMBL1200374
binary,train,2568,CHEMBL5436290
binary,train,2544,CHEMBL5394706
binary,train,841,CHEMBL190208
binary,train,1396,CHEMBL132530
binary,train,1346,CHEMBL1956171
binary,train,390,CHEMBL328546
binary,train,922,CHEMBL519436
binary,train,2129,CHEMBL5278342
binary,train,1987,CHEMBL4547558
binary,train,558,CHEMBL223874
binary,train,837,CHEMBL307160
binary,train,815,CHEMBL188664
binary,train,501,CHEMBL7162
binary,train,1460,CHEMBL2333334
binary,train,20,CHEMBL2112738
binary,train,1041,CHEMBL1083971
binary,train,556,CHEMBL225499
binary,train,2729,CHEMBL3623226
binary,train,444,CHEMBL362906
binary,train,245,CHEMBL266350
binary,train,1793,CHEMBL3623217
binary,train,70,CHEMBL281947
binary,train,453,CHEMBL189472
binary,train,2225,CHEMBL3752661
binary,train,1299,CHEMBL1915167
binary,train,1304,CHEMBL264401
binary,train,423,CHEMBL9298
binary,train,2614,CHEMBL23646
binary,train,1226,CHEMBL1784788
binary,train,3024,CHEMBL5397563
binary,train,1861,CHEMBL4170393
binary,train,2513,CHEMBL5430301
binary,train,478,CHEMBL196796
binary,train,275,CHEMBL350922
binary,train,1911,CHEMBL4126284
binary,train,2665,CHEMBL75267
binary,train,56,CHEMBL276140
binary,train,571,CHEMBL390569
binary,train,2442,CHEMBL5278979
binary,train,418,CHEMBL179247
binary,train,2957,CHEMBL5418765
binary,train,2127,CHEMBL3752892
binary,train,2876,CHEMBL5429338
binary,train,302,CHEMBL288190
binary,train,264,CHEMBL163420
binary,train,1457,CHEMBL9298
binary,train,2119,CHEMBL3754259
binary,train,367,CHEMBL71612
binary,train,1856,CHEMBL106
binary,train,2367,CHEMBL5286286
binary,train,2270,CHEMBL5287546
binary,train,2858,CHEMBL5427905
binary,train,1386,CHEMBL2011184
binary,train,2067,CHEMBL5203413
binary,train,1534,CHEMBL3134111
binary,train,2774,CHEMBL337750
binary,train,2203,CHEMBL3753089
binary,train,2897,CHEMBL5395694
binary,train,1849,CHEMBL4074186
binary,train,2556,CHEMBL5400511
binary,train,49,CHEMBL39840
binary,train,740,CHEMBL227113
binary,train,566,CHEMBL223929
binary,train,978,CHEMBL598223
binary,train,2407,CHEMBL5274863
binary,train,1212,CHEMBL1689259
binary,train,2708,CHEMBL292899
binary,train,1065,CHEMBL157101
binary,train,2196,CHEMBL3245350
binary,train,567,CHEMBL390152
binary,train,2254,CHEMBL3752480
binary,train,2707,CHEMBL53068
binary,train,149,CHEMBL307581
binary,train,115,CHEMBL285809
binary,train,22,CHEMBL289116
binary,train,1474,CHEMBL2336851
binary,train,844,CHEMBL522733
binary,train,2532,CHEMBL5404029
binary,train,954,CHEMBL598628
binary,train,646,CHEMBL389925
binary,train,3001,CHEMBL317221
binary,train,947,CHEMBL1444
binary,train,2247,CHEMBL3349550
binary,train,2034,CHEMBL5092560
binary,train,2806,CHEMBL3622069
binary,train,528,CHEMBL9298
binary,train,2889,CHEMBL5438093
binary,train,2495,CHEMBL5408038
binary,train,2307,CHEMBL5275846
binary,train,1128,CHEMBL195248
binary,train,1273,CHEMBL1824768
binary,train,316,CHEMBL124118
binary,train,455,CHEMBL363493
binary,train,544,CHEMBL376303
binary,train,2055,CHEMBL5185187
binary,train,2192,CHEMBL3753611
binary,train,1761,CHEMBL3805173
binary,train,2243,CHEMBL3752591
binary,train,2762,CHEMBL335215
binary,train,126,CHEMBL423096
binary,train,2105,CHEMBL5270517
binary,train,1673,CHEMBL3622069
binary,train,918,CHEMBL480514
binary,train,2331,CHEMBL5275153
binary,train,1595,CHEMBL3415162
binary,train,1274,CHEMBL1824769
binary,train,388,CHEMBL284238
binary,train,1447,CHEMBL2312955
binary,train,627,CHEMBL225497
binary,train,2658,CHEMBL3084924
binary,train,750,CHEMBL463454
binary,train,2901,CHEMBL5400682
binary,train,1282,CHEMBL1444
binary,train,445,CHEMBL188664
binary,train,1343,CHEMBL87333
binary,train,1153,CHEMBL1630274
binary,train,1598,CHEMBL3415165
binary,train,1019,CHEMBL1096439
binary,train,574,CHEMBL224665
binary,train,2766,CHEMBL343072
binary,train,2831,CHEMBL5440356
binary,train,2054,CHEMBL5175025
binary,train,2443,CHEMBL5273384
binary,train,831,CHEMBL451201
binary,train,394,CHEMBL25523
binary,train,1328,CHEMBL1939540
binary,train,2112,CHEMBL3752414
binary,train,239,CHEMBL8315
binary,train,1264,CHEMBL1824759
binary,train,1496,CHEMBL2431525
binary,train,1028,CHEMBL1099308
binary,train,2444,CHEMBL3754457
binary,train,454,CHEMBL363493
binary,train,1604,CHEMBL2331699
binary,train,1354,CHEMBL1444
binary,train,1896,CHEMBL4214618
binary,train,281,CHEMBL1203760
binary,train,602,CHEMBL224790
binary,train,1007,CHEMBL1096744
binary,train,672,CHEMBL226789
binary,train,972,CHEMBL598846
binary,train,326,CHEMBL149238
binary,train,1349,CHEMBL1956180
binary,train,703,CHEMBL273049
binary,train,2244,CHEMBL3754259
binary,train,1108,CHEMBL369623
binary,train,2166,CHEMBL3623214
binary,train,1162,CHEMBL488848
binary,train,2077,CHEMBL1444
binary,train,2540,CHEMBL5400890
binary,train,2125,CHEMBL3754724
binary,train,1650,CHEMBL3622054
binary,train,1991,CHEMBL4564168
binary,train,2698,CHEMBL390152
binary,train,1808,CHEMBL3827037
binary,train,898,CHEMBL468410
binary,train,507,CHEMBL202473
binary,train,2732,CHEMBL5421179
binary,train,1567,CHEMBL1688891
binary,train,757,CHEMBL463255
binary,train,1076,CHEMBL179149
binary,train,2485,CHEMBL5410004
binary,train,2419,CHEMBL5287480
binary,train,729,CHEMBL372835
binary,train,1063,CHEMBL1171991
binary,train,600,CHEMBL223554
binary,train,2047,CHEMBL16782
binary,train,135,CHEMBL92488
binary,train,2563,CHEMBL112074
binary,train,187,CHEMBL41761
binary,train,2392,CHEMBL3753281
binary,train,2314,CHEMBL4515880
binary,train,1782,CHEMBL3805820
binary,train,1332,CHEMBL1939544
binary,train,991,CHEMBL1097043
binary,train,2030,CHEMBL5082681
binary,train,1705,CHEMBL188664
binary,train,2893,CHEMBL4465348
binary,train,557,CHEMBL387518
binary,train,999,CHEMBL1098424
binary,train,1451,CHEMBL2312951
binary,train,265,CHEMBL9298
binary,train,665,CHEMBL226843
binary,train,1992,CHEMBL4526798
binary,train,785,CHEMBL459502
binary,train,599,CHEMBL223555
binary,train,1493,CHEMBL2386285
binary,train,1989,CHEMBL4575939
binary,train,2164,CHEMBL5279864
binary,train,1842,CHEMBL4091260
binary,train,377,CHEMBL311400
binary,train,2961,CHEMBL5421565
binary,train,154,CHEMBL74295
binary,train,2850,CHEMBL3622056
binary,train,2446,CHEMBL5280449
binary,train,2530,CHEMBL27591
binary,train,560,CHEMBL225178
binary,train,2353,CHEMBL5271891
binary,train,2285,CHEMBL5290344
binary,train,2900,CHEMBL5413431
binary,train,2424,CHEMBL1835542
binary,train,649,CHEMBL229885
binary,train,853,CHEMBL454226
binary,train,1906,CHEMBL4228244
binary,train,718,CHEMBL223162
binary,train,525,CHEMBL157101
binary,train,789,CHEMBL495565
binary,train,1772,CHEMBL3805839
binary,train,327,CHEMBL149238
binary,train,2106,CHEMBL3753169
binary,train,1764,CHEMBL3805211
binary,train,998,CHEMBL1098737
binary,train,2214,CHEMBL5269206
binary,train,2842,CHEMBL5440424
binary,train,535,CHEMBL212168
binary,train,1171,CHEMBL1672976
binary,train,2611,CHEMBL5412410
binary,train,1437,CHEMBL2312963
binary,train,489,CHEMBL202226
binary,train,1501,CHEMBL2442763
binary,train,1919,CHEMBL4449929
binary,train,1165,CHEMBL430879
binary,train,951,CHEMBL599238
binary,train,236,CHEMBL8254
binary,train,603,CHEMBL224789
binary,train,2838,CHEMBL5412353
binary,train,169,CHEMBL108425
binary,train,1366,CHEMBL1444
binary,train,564,CHEMBL224228
binary,train,60,CHEMBL113739
binary,train,2937,CHEMBL5419940
binary,train,104,CHEMBL165925
binary,train,1953,CHEMBL29521
binary,train,1415,CHEMBL1083653
binary,train,1885,CHEMBL4170868
binary,train,414,CHEMBL175144
binary,train,2418,CHEMBL5282836
binary,train,263,CHEMBL159073
binary,train,1900,CHEMBL1939366
binary,train,1373,CHEMBL2011193
binary,train,735,CHEMBL225472
binary,train,2778,CHEMBL334958
binary,train,1309,CHEMBL1939521
binary,train,1245,CHEMBL1784808
binary,train,95,CHEMBL31760
binary,train,1995,CHEMBL4592407
binary,train,2726,CHEMBL4206988
binary,train,1084,CHEMBL364080
binary,train,1223,CHEMBL95109
binary,train,1506,CHEMBL2442758
binary,train,2522,CHEMBL9298
binary,train,2293,CHEMBL5289592
binary,train,792,CHEMBL523231
binary,train,1475,CHEMBL2336850
binary,train,109,CHEMBL350074
binary,train,1333,CHEMBL1939545
binary,train,1252,CHEMBL1824744
binary,train,958,CHEMBL598627
binary,train,2690,CHEMBL225472
binary,train,1016,CHEMBL9352
binary,train,1008,CHEMBL214932
binary,train,2582,CHEMBL5439256
binary,train,180,CHEMBL444068
binary,train,2041,CHEMBL185
binary,train,1540,CHEMBL1444
binary,train,2146,CHEMBL5286772
binary,train,2494,CHEMBL5421409
binary,train,2514,CHEMBL5430284
binary,train,2744,CHEMBL202226
binary,train,1983,CHEMBL4568674
binary,train,1220,CHEMBL1783178
binary,train,448,CHEMBL185950
binary,train,1631,CHEMBL3422028
binary,train,968,CHEMBL599455
binary,train,633,CHEMBL1399
binary,train,838,CHEMBL448463
binary,train,1726,CHEMBL3753611
binary,train,1426,CHEMBL2208141
binary,train,492,CHEMBL199334
binary,train,2713,CHEMBL53290
binary,train,1762,CHEMBL3806301
binary,train,593,CHEMBL225378
binary,train,216,CHEMBL176452
binary,train,2562,CHEMBL111868
binary,train,2377,CHEMBL3349656
binary,train,1143,CHEMBL1630261
binary,train,2977,CHEMBL150278
binary,train,2108,CHEMBL3751945
binary,train,1628,CHEMBL3422033
binary,train,1121,CHEMBL365314
binary,train,413,CHEMBL175091
binary,train,801,CHEMBL437731
binary,train,1450,CHEMBL2312952
binary,train,2668,CHEMBL274318
binary,train,2620,CHEMBL304903
binary,train,601,CHEMBL223452
binary,train,607,CHEMBL13784
binary,train,1070,CHEMBL1172882
binary,train,341,CHEMBL105298
binary,train,426,CHEMBL176009
binary,train,2759,CHEMBL26208
binary,train,1707,CHEMBL3623228
binary,train,3021,CHEMBL5409338
binary,train,2319,CHEMBL2311169
binary,train,970,CHEMBL609333
binary,train,1490,CHEMBL149791
binary,train,3032,CHEMBL5434818
binary,train,2631,CHEMBL353068
binary,train,963,CHEMBL597606
binary,train,1278,CHEMBL1825020
binary,train,852,CHEMBL493174
binary,train,2335,CHEMBL5287129
binary,train,450,CHEMBL131921
binary,train,63,CHEMBL113082
binary,train,2807,CHEMBL3622070
binary,train,62,CHEMBL10137
binary,train,1560,CHEMBL1688899
binary,train,1168,CHEMBL592131
binary,train,1323,CHEMBL1939535
binary,train,2186,CHEMBL5268195
binary,train,2230,CHEMBL5277446
binary,train,2779,CHEMBL133079
binary,train,1102,CHEMBL366570
binary,train,2294,CHEMBL5281469
binary,train,2098,CHEMBL3132924
binary,train,1945,CHEMBL4460869
binary,train,1319,CHEMBL1939531
binary,train,2701,CHEMBL225499
binary,train,139,CHEMBL305630
binary,train,1881,CHEMBL4169808
binary,train,2636,CHEMBL5439806
binary,train,2832,CHEMBL5400488
binary,train,3022,CHEMBL3622062
binary,train,1661,CHEMBL3622065
binary,train,2313,CHEMBL4520027
binary,train,1053,CHEMBL1172937
binary,train,3025,CHEMBL5398997
binary,train,1277,CHEMBL1825019
binary,train,2266,CHEMBL5281163
binary,train,2985,CHEMBL112509
binary,train,2506,CHEMBL5433532
binary,train,1239,CHEMBL1521315
binary,train,1049,CHEMBL324290
binary,train,1974,CHEMBL4563511
binary,train,1725,CHEMBL3753352
binary,train,731,CHEMBL204183
binary,train,953,CHEMBL598009
binary,train,482,CHEMBL9298
binary,train,1857,CHEMBL4077246
binary,train,108,CHEMBL31215
binary,train,706,CHEMBL409448
binary,train,1597,CHEMBL3415164
binary,train,403,CHEMBL282573
binary,train,1089,CHEMBL383806
binary,train,1011,CHEMBL1098382
binary,train,1765,CHEMBL3806151
binary,train,2921,CHEMBL31224
binary,train,1890,CHEMBL287677
binary,train,2881,CHEMBL5422332
binary,train,1119,CHEMBL175979
binary,train,1648,CHEMBL1444
binary,train,485,CHEMBL1630280
binary,train,1409,CHEMBL2165318
binary,train,2962,CHEMBL5397796
binary,train,794,CHEMBL495574
binary,train,917,CHEMBL480451
binary,train,2081,CHEMBL202612
binary,train,1704,CHEMBL294361
binary,train,2913,CHEMBL350338
binary,train,230,CHEMBL268918
binary,train,1074,CHEMBL176287
binary,train,1095,CHEMBL176101
binary,train,369,CHEMBL302530
binary,train,1853,CHEMBL1430816
binary,train,2320,CHEMBL5266626
binary,train,2999,CHEMBL103685
binary,train,142,CHEMBL73279
binary,train,2810,CHEMBL3622073
binary,train,1330,CHEMBL1939542
binary,train,1345,CHEMBL9352
binary,train,2115,CHEMBL5269293
binary,train,437,CHEMBL187185
binary,train,590,CHEMBL388959
binary,train,305,CHEMBL348913
binary,train,1568,CHEMBL1688893
binary,train,1365,CHEMBL165
binary,train,330,CHEMBL95919
binary,train,598,CHEMBL388187
binary,train,669,CHEMBL226791
binary,train,2390,CHEMBL5283480
binary,train,2295,CHEMBL5285403
binary,train,2968,CHEMBL5430737
binary,train,1069,CHEMBL1173327
binary,train,2012,CHEMBL4752568
binary,train,2654,CHEMBL5417020
binary,train,259,CHEMBL23097
binary,train,879,CHEMBL491222
binary,train,592,CHEMBL419131
binary,train,884,CHEMBL489986
binary,train,910,CHEMBL500976
binary,train,1607,CHEMBL3313969
binary,train,536,CHEMBL158635
binary,train,2493,CHEMBL5405944
binary,train,2099,CHEMBL132530
binary,train,822,CHEMBL54803
binary,train,407,CHEMBL177468
binary,train,2436,CHEMBL5285355
binary,train,449,CHEMBL187068
binary,train,2920,CHEMBL31760
binary,train,1895,CHEMBL4212918
binary,train,1295,CHEMBL1915152
binary,train,1238,CHEMBL1784805
binary,train,181,CHEMBL488
binary,train,1094,CHEMBL176609
binary,train,1927,CHEMBL4585518
binary,train,2123,CHEMBL3754055
binary,train,2548,CHEMBL5432998
binary,train,1663,CHEMBL3622067
binary,train,2652,CHEMBL103685
binary,train,1869,CHEMBL4175438
binary,train,634,CHEMBL229944
binary,train,82,CHEMBL27467
binary,train,2709,CHEMBL293122
binary,train,2455,CHEMBL2112309
binary,train,2579,CHEMBL5393946
binary,train,2415,CHEMBL5278253
binary,train,1350,CHEMBL1955869
binary,train,243,CHEMBL8313
binary,train,1884,CHEMBL4162931
binary,train,1539,CHEMBL3134113
binary,train,919,CHEMBL481092
binary,train,1806,CHEMBL437731
binary,train,1495,CHEMBL2431527
binary,train,1222,CHEMBL95109
binary,train,1660,CHEMBL3622064
binary,train,775,CHEMBL487887
binary,train,1142,CHEMBL1629806
binary,train,2227,CHEMBL3752102
binary,train,688,CHEMBL397728
binary,train,1555,CHEMBL3359956
binary,train,2253,CHEMBL3754701
binary,train,2512,CHEMBL5430760
binary,train,1342,CHEMBL165
binary,train,1125,CHEMBL192077
binary,train,2171,CHEMBL3623220
binary,train,2975,CHEMBL5423575
binary,train,990,CHEMBL1097042
binary,train,2180,CHEMBL5269979
binary,train,2720,CHEMBL1173699
binary,train,1311,CHEMBL1939523
binary,train,1638,CHEMBL2430497
binary,train,545,CHEMBL56367
binary,train,542,CHEMBL222250
binary,train,827,CHEMBL363493
binary,train,1850,CHEMBL4105495
binary,train,1610,CHEMBL3415175
binary,train,1634,CHEMBL3422052
binary,train,2551,CHEMBL1094428
binary,train,1356,CHEMBL1601919
binary,train,2670,CHEMBL276473
binary,train,927,CHEMBL13784
binary,train,1711,CHEMBL518761
binary,train,847,CHEMBL476126
binary,train,586,CHEMBL525379
binary,train,880,CHEMBL491023
binary,train,2278,CHEMBL5269707
binary,train,328,CHEMBL148903
binary,train,2126,CHEMBL5268776
binary,train,2195,CHEMBL3245348
binary,train,1024,CHEMBL441260
binary,train,625,CHEMBL158984
binary,train,1334,CHEMBL1939546
binary,train,77,CHEMBL26651
binary,train,1351,CHEMBL1956183
binary,train,3011,CHEMBL1642686
binary,train,117,CHEMBL166148
binary,train,321,CHEMBL488
binary,train,2752,CHEMBL283085
binary,train,1965,CHEMBL3622063
binary,train,2543,CHEMBL5397228
binary,train,2640,CHEMBL5434685
binary,train,1975,CHEMBL4546916
binary,train,2456,CHEMBL5268507
binary,train,318,CHEMBL330452
binary,train,744,CHEMBL394855
binary,train,824,CHEMBL377766
binary,train,2577,CHEMBL5400514
binary,train,1147,CHEMBL1630267
binary,train,1802,CHEMBL9298
binary,train,2003,CHEMBL149791
binary,train,2821,CHEMBL5415771
binary,train,1297,CHEMBL1915159
binary,train,1622,CHEMBL3422041
binary,train,346,CHEMBL104047
binary,train,2154,CHEMBL5276194
binary,train,2622,CHEMBL294361
binary,train,2369,CHEMBL1630274
binary,train,1198,CHEMBL1688908
binary,train,2676,CHEMBL159073
binary,train,1811,CHEMBL3961033
binary,train,2648,CHEMBL5425135
binary,train,878,CHEMBL523813
binary,train,2284,CHEMBL5282619
binary,train,2107,CHEMBL3754174
binary,train,3018,CHEMBL5431850
binary,train,1434,CHEMBL2235950
binary,train,1116,CHEMBL366773
binary,train,1358,CHEMBL1957213
binary,train,1803,CHEMBL132530
binary,train,1698,CHEMBL41761
binary,train,1360,CHEMBL1957215
binary,train,2751,CHEMBL28696
binary,train,945,CHEMBL596779
binary,train,925,CHEMBL196796
binary,train,909,CHEMBL286738
binary,train,678,CHEMBL390496
binary,train,64,CHEMBL10026
binary,train,1970,CHEMBL4520995
binary,train,1637,CHEMBL2430505
binary,train,1152,CHEMBL1630272
binary,train,2681,CHEMBL350922
binary,train,238,CHEMBL1078534
binary,train,59,CHEMBL274318
binary,train,2163,CHEMBL1230438
binary,train,717,CHEMBL223368
binary,train,355,CHEMBL488
binary,train,2018,CHEMBL4761359
binary,train,730,CHEMBL381883
binary,train,1512,CHEMBL2442771
binary,train,1880,CHEMBL4169419
binary,train,2738,CHEMBL382902
binary,train,178,CHEMBL3084924
binary,train,2464,CHEMBL2431524
binary,train,1858,CHEMBL4129721
binary,train,1066,CHEMBL254328
binary,train,272,CHEMBL41517
binary,train,911,CHEMBL453736
binary,train,2375,CHEMBL3349658
binary,train,2989,CHEMBL5394223
binary,train,1735,CHEMBL3623217
binary,train,1305,CHEMBL1939366
binary,train,1210,CHEMBL1689257
binary,train,234,CHEMBL1078534
binary,train,1994,CHEMBL4574913
binary,train,580,CHEMBL225079
binary,train,1835,CHEMBL194472
binary,train,1951,CHEMBL4520027
binary,train,438,CHEMBL95109
binary,train,1779,CHEMBL3805008
binary,train,1546,CHEMBL3219600
binary,train,629,CHEMBL223717
binary,train,817,CHEMBL53290
binary,train,110,CHEMBL166032
binary,train,1042,CHEMBL159073
binary,train,434,CHEMBL366773
binary,train,150,CHEMBL70959
binary,train,1072,CHEMBL176009
binary,train,2356,CHEMBL5270933
binary,train,2787,CHEMBL335836
binary,train,1960,CHEMBL4540847
binary,train,2395,CHEMBL5275593
binary,train,55,CHEMBL38472
binary,train,2218,CHEMBL3753810
binary,train,1742,CHEMBL3752381
binary,train,2916,CHEMBL163420
binary,train,282,CHEMBL442542
binary,train,1697,CHEMBL3623225
binary,train,2103,CHEMBL3752414
binary,train,1736,CHEMBL1200374
binary,train,1502,CHEMBL2442762
binary,train,957,CHEMBL598629
binary,train,883,CHEMBL491213
binary,train,2578,CHEMBL5393912
binary,train,1591,CHEMBL3415158
binary,train,172,CHEMBL134748
binary,train,2585,CHEMBL5403912
binary,train,670,CHEMBL226790
binary,train,132,CHEMBL488
binary,train,518,CHEMBL203981
binary,train,1075,CHEMBL369623
binary,train,1544,CHEMBL159073
binary,train,1422,CHEMBL2179110
binary,train,2352,CHEMBL3752973
binary,train,1051,CHEMBL1173641
binary,train,889,CHEMBL460026
binary,train,1754,CHEMBL3799363
binary,train,2997,CHEMBL5399600
binary,train,2508,CHEMBL5423258
binary,train,2463,CHEMBL5277659
binary,train,12,CHEMBL1630261
binary,train,2731,CHEMBL5419730
binary,train,2088,CHEMBL5274335
binary,train,1702,CHEMBL294361
binary,train,530,CHEMBL377766
binary,train,1674,CHEMBL3622070
binary,train,1865,CHEMBL4161859
binary,train,1731,CHEMBL3754538
binary,train,1563,CHEMBL1688895
binary,train,376,CHEMBL71169
binary,train,753,CHEMBL9323
binary,train,1821,CHEMBL1444
binary,train,240,CHEMBL274878
binary,train,2009,CHEMBL4749692
binary,train,1889,CHEMBL1444
binary,train,41,CHEMBL169664
binary,train,1394,CHEMBL1629800
binary,train,1504,CHEMBL2442760
binary,train,1401,CHEMBL2163641
binary,train,1255,CHEMBL1824747
binary,train,934,CHEMBL576579
binary,train,2902,CHEMBL3623232
binary,train,747,CHEMBL115452
binary,train,2474,CHEMBL5285636
binary,train,864,CHEMBL389924
binary,train,2837,CHEMBL5410657
binary,train,2151,CHEMBL5283868
binary,train,2017,CHEMBL4778401
binary,train,2368,CHEMBL3349864
binary,train,2023,CHEMBL4866633
binary,train,280,CHEMBL163413
binary,train,1642,CHEMBL3264679
binary,train,90,CHEMBL349704
binary,train,2172,CHEMBL5281632
binary,train,2330,CHEMBL3754241
binary,train,1528,CHEMBL3105520
binary,train,1145,CHEMBL1630264
binary,train,1362,CHEMBL1957217
binary,train,2849,CHEMBL5435238
binary,train,2553,CHEMBL5395094
binary,train,643,CHEMBL229841
binary,train,2439,CHEMBL5284594
binary,train,68,CHEMBL27386
binary,train,1639,CHEMBL3264672
binary,train,2496,CHEMBL5427513
binary,train,1877,CHEMBL4176600
binary,train,463,CHEMBL131921
binary,train,1733,CHEMBL1629802
binary,train,2602,CHEMBL5425567
binary,train,690,CHEMBL256665
binary,train,368,CHEMBL102409
binary,train,1844,CHEMBL4099909
binary,train,2986,CHEMBL431843
binary,train,219,CHEMBL174407
binary,train,1219,CHEMBL1783178
binary,train,99,CHEMBL164746
binary,train,568,CHEMBL223983
binary,train,1090,CHEMBL383807
binary,train,828,CHEMBL186079
binary,train,2006,CHEMBL4797578
binary,train,2283,CHEMBL5290646
binary,train,158,CHEMBL72228
binary,train,1658,CHEMBL3622062
binary,train,120,CHEMBL351526
binary,train,2076,CHEMBL5177928
binary,train,2365,CHEMBL3349856
binary,train,79,CHEMBL28173
binary,train,1420,CHEMBL2179112
binary,train,1620,CHEMBL3422043
binary,train,2255,CHEMBL3754186
binary,train,2623,CHEMBL66867
binary,train,1864,CHEMBL4173941
binary,train,381,CHEMBL319026
binary,train,2782,CHEMBL341386
binary,train,955,CHEMBL599442
binary,train,2935,CHEMBL5413133
binary,train,1964,CHEMBL3622064
binary,train,1336,CHEMBL1939548
binary,train,617,CHEMBL31760
binary,train,1809,CHEMBL9352
binary,train,2239,CHEMBL3752994
binary,train,985,CHEMBL516643
binary,train,2275,CHEMBL5288515
binary,train,1428,CHEMBL2208131
binary,train,506,CHEMBL202474
binary,train,584,CHEMBL522917
binary,train,1756,CHEMBL3798461
binary,train,2118,CHEMBL3752591
binary,train,440,CHEMBL185966
binary,train,722,CHEMBL202469
binary,train,5,CHEMBL111868
binary,train,85,CHEMBL29482
binary,train,1453,CHEMBL1444
binary,train,1693,CHEMBL3623223
binary,train,1380,CHEMBL2011176
binary,train,2538,CHEMBL124118
binary,train,2728,CHEMBL5421772
binary,train,1515,CHEMBL2442768
binary,train,2735,CHEMBL202020
binary,train,352,CHEMBL71117
binary,train,2798,CHEMBL137604
binary,train,2379,CHEMBL5287003
binary,train,1468,CHEMBL307160
binary,train,2521,CHEMBL488
binary,train,2550,CHEMBL5402030
binary,train,2097,CHEMBL296411
binary,train,764,CHEMBL465881
binary,train,2617,CHEMBL23097
binary,train,498,CHEMBL202020
binary,train,3,CHEMBL112021
binary,train,2745,CHEMBL202231
binary,train,677,CHEMBL226736
binary,train,2451,CHEMBL3753971
binary,train,2605,CHEMBL376039
binary,train,2926,CHEMBL5405854
binary,train,159,CHEMBL73993
binary,train,1984,CHEMBL4575939
binary,train,1886,CHEMBL1424243
binary,train,896,CHEMBL488
binary,train,1771,CHEMBL3806046
binary,train,131,CHEMBL488
binary,train,2781,CHEMBL1195457
binary,train,2396,CHEMBL5290511
binary,train,2438,CHEMBL5288626
binary,train,3002,CHEMBL491692
binary,train,1331,CHEMBL1939543
binary,train,2001,CHEMBL1444
binary,train,89,CHEMBL2112309
binary,train,202,CHEMBL66867
binary,train,576,CHEMBL26065
binary,train,164,CHEMBL430879
binary,train,609,CHEMBL211207
binary,train,287,CHEMBL1203757
binary,train,2490,CHEMBL5417452
binary,train,1064,CHEMBL1172842
binary,train,640,CHEMBL1162951
binary,train,1139,CHEMBL132530
binary,train,2322,CHEMBL5274299
binary,train,2519,CHEMBL368631
binary,train,1713,CHEMBL3623232
binary,train,179,CHEMBL132380
binary,train,2445,CHEMBL5271503
binary,train,662,CHEMBL390077
binary,train,2505,CHEMBL5413340
binary,train,2960,CHEMBL5419948
binary,train,2174,CHEMBL3752414
binary,train,1086,CHEMBL193606
binary,train,2747,CHEMBL29400
binary,train,443,CHEMBL189170
binary,train,2511,CHEMBL5404063
binary,train,2458,CHEMBL5283592
binary,train,850,CHEMBL453417
binary,train,1522,CHEMBL1444
binary,train,471,CHEMBL370530
binary,train,337,CHEMBL431843
binary,train,2573,CHEMBL5410174
binary,train,888,CHEMBL496634
binary,train,613,CHEMBL31456
binary,train,1589,CHEMBL3415156
binary,train,2371,CHEMBL1629806
binary,train,2065,CHEMBL202226
binary,train,2753,CHEMBL28800
binary,train,1609,CHEMBL3415174
binary,train,1376,CHEMBL2011172
binary,train,2334,CHEMBL5273350
binary,train,658,CHEMBL390079
binary,train,2767,CHEMBL135494
binary,train,133,CHEMBL93828
binary,train,2609,CHEMBL285973
binary,train,874,CHEMBL478023
binary,train,351,CHEMBL2311169
binary,train,1314,CHEMBL1939526
binary,train,254,CHEMBL84230
binary,train,1684,CHEMBL3623216
binary,train,891,CHEMBL8739
binary,train,1169,CHEMBL1672974
binary,train,2040,CHEMBL1444
binary,train,725,CHEMBL202474
binary,train,644,CHEMBL229790
binary,train,1039,CHEMBL1083653
binary,train,1430,CHEMBL264401
binary,train,284,CHEMBL162496
binary,train,1794,CHEMBL3818442
binary,train,1029,CHEMBL131921
binary,train,974,CHEMBL608153
binary,train,1632,CHEMBL3422045
binary,train,2252,CHEMBL3752506
binary,train,605,CHEMBL225053
binary,train,353,CHEMBL308829
binary,train,1720,CHEMBL3752414
binary,train,1962,CHEMBL322322
binary,train,1411,CHEMBL2165316
binary,train,1590,CHEMBL3415157
binary,train,156,CHEMBL72538
binary,train,1338,CHEMBL1939550
binary,train,1477,CHEMBL2336848
binary,train,1033,CHEMBL369471
binary,train,2405,CHEMBL5291258
binary,train,2345,CHEMBL1630264
binary,train,1246,CHEMBL1784809
binary,train,782,CHEMBL28
binary,train,1025,CHEMBL1097763
binary,train,693,CHEMBL271794
binary,train,2167,CHEMBL5286458
binary,train,1538,CHEMBL3134109
binary,train,2296,CHEMBL5266818
binary,train,714,CHEMBL220774
binary,train,27,CHEMBL352645
binary,train,2704,CHEMBL5429699
binary,train,339,CHEMBL89046
binary,train,2325,CHEMBL5289192
binary,train,1848,CHEMBL4100188
binary,train,2991,CHEMBL5417624
binary,train,2370,CHEMBL1630275
binary,train,993,CHEMBL294361
binary,train,2212,CHEMBL5266933
binary,train,1816,CHEMBL3350384
binary,train,425,CHEMBL177268
binary,train,1941,CHEMBL487113
binary,train,2096,CHEMBL165
binary,train,1561,CHEMBL1688897
binary,train,72,CHEMBL27546
binary,train,2944,CHEMBL5436915
binary,train,788,CHEMBL496777
binary,train,1556,CHEMBL3359955
binary,train,2595,CHEMBL5432961
binary,train,2384,CHEMBL3751881
binary,train,2259,CHEMBL3752011
binary,train,1859,CHEMBL4126284
binary,train,1203,CHEMBL225472
binary,train,2541,CHEMBL5395351
binary,train,2790,CHEMBL135921
binary,train,2940,CHEMBL5398810
binary,train,2524,CHEMBL29864
binary,train,2786,CHEMBL135633
binary,train,2198,CHEMBL3245356
binary,train,1524,CHEMBL3105527
binary,train,2536,CHEMBL330452
binary,train,2042,CHEMBL132530
binary,train,1106,CHEMBL176076
binary,train,2447,CHEMBL5290922
binary,train,1801,CHEMBL1399
binary,train,2599,CHEMBL5395602
binary,train,2388,CHEMBL5281516
binary,train,2650,CHEMBL323546
binary,train,380,CHEMBL319026
binary,train,2688,CHEMBL387518
binary,train,1126,CHEMBL192155
binary,train,1873,CHEMBL4163704
binary,train,3016,CHEMBL5438879
binary,train,1791,CHEMBL3623232
binary,train,1395,CHEMBL1629802
binary,train,1971,CHEMBL3622064
binary,train,2131,CHEMBL5270074
binary,train,2783,CHEMBL135563
binary,train,1955,CHEMBL159073
binary,train,86,CHEMBL311077
binary,train,2117,CHEMBL3754054
binary,train,504,CHEMBL202469
binary,train,2613,CHEMBL283782
binary,train,1940,CHEMBL4468497
binary,train,807,CHEMBL525379
binary,train,401,CHEMBL29521
binary,train,2158,CHEMBL5278107
binary,train,1208,CHEMBL1688919
binary,train,2559,CHEMBL111888
binary,train,2740,CHEMBL197650
binary,train,724,CHEMBL202030
binary,train,1550,CHEMBL3359959
binary,train,2135,CHEMBL5268139
binary,train,1662,CHEMBL3622066
binary,train,476,CHEMBL195571
binary,train,767,CHEMBL457680
binary,train,1703,CHEMBL3623226
binary,train,2056,CHEMBL5177518
binary,train,2958,CHEMBL5439843
binary,train,618,CHEMBL350922
binary,train,221,CHEMBL368631
binary,train,2672,CHEMBL491692
binary,train,531,CHEMBL213588
binary,train,779,CHEMBL454421
binary,train,541,CHEMBL376473
binary,train,546,CHEMBL157101
binary,train,952,CHEMBL597403
binary,train,2193,CHEMBL5273309
binary,train,2651,CHEMBL323585
binary,train,298,CHEMBL421829
binary,train,1934,CHEMBL1444
binary,train,2156,CHEMBL5268850
binary,train,1781,CHEMBL3806075
binary,train,642,CHEMBL229633
binary,train,2639,CHEMBL5399600
binary,train,2094,CHEMBL5271636
binary,train,1523,CHEMBL3105528
binary,train,812,CHEMBL225499
binary,train,1118,CHEMBL175609
binary,train,573,CHEMBL224665
binary,train,1271,CHEMBL1824766
binary,train,2928,CHEMBL5419141
binary,train,1833,CHEMBL362968
binary,train,933,CHEMBL586557
binary,train,458,CHEMBL190099
binary,train,2397,CHEMBL5266502
binary,train,1022,CHEMBL300814
binary,train,392,CHEMBL102510
binary,train,1557,CHEMBL3359954
binary,train,408,CHEMBL178036
binary,train,1478,CHEMBL2336847
binary,train,1424,CHEMBL2179108
binary,train,3013,CHEMBL162431
binary,train,1665,CHEMBL518761
binary,train,3023,CHEMBL3622063
binary,train,1851,CHEMBL4063099
binary,train,261,CHEMBL23150
binary,train,94,CHEMBL81255
binary,train,1499,CHEMBL1444
binary,train,783,CHEMBL169
binary,train,2546,CHEMBL5425433
binary,train,1943,CHEMBL4451962
binary,train,1111,CHEMBL360026
binary,train,124,CHEMBL166060
binary,train,2286,CHEMBL5277644
binary,train,18,CHEMBL39275
binary,train,2093,CHEMBL5281972
binary,train,35,CHEMBL1630275
binary,train,2510,CHEMBL5428681
binary,train,1846,CHEMBL1650709
binary,train,285,CHEMBL292899
binary,train,631,CHEMBL224060
binary,train,2700,CHEMBL224787
binary,train,137,CHEMBL307006
binary,train,2754,CHEMBL287393
binary,train,682,CHEMBL243756
binary,train,1294,CHEMBL1915151
binary,train,1979,CHEMBL4574913
binary,train,1408,CHEMBL2165319
binary,train,1749,CHEMBL3623215
binary,train,2162,CHEMBL5269555
binary,train,2898,CHEMBL5402193
binary,train,1584,CHEMBL3407536
binary,train,1134,CHEMBL373074
binary,train,2840,CHEMBL3622054
binary,train,2866,CHEMBL5408847
binary,train,2202,CHEMBL5269293
binary,train,197,CHEMBL67842
binary,train,1656,CHEMBL3622060
binary,train,1470,CHEMBL2336855
binary,train,2948,CHEMBL5397541
binary,train,2938,CHEMBL5423840
binary,train,2914,CHEMBL348913
binary,train,370,CHEMBL103040
binary,train,2070,CHEMBL4634777
binary,train,589,CHEMBL376039
binary,train,2826,CHEMBL5417335
binary,train,1855,CHEMBL1444
binary,train,1316,CHEMBL1939528
binary,train,2784,CHEMBL132929
binary,train,1942,CHEMBL3754471
binary,train,2406,CHEMBL5281465
binary,train,340,CHEMBL24021
binary,train,417,CHEMBL367719
binary,train,1181,CHEMBL1688890
binary,train,912,CHEMBL481091
binary,train,2592,CHEMBL5437093
binary,train,1780,CHEMBL3805388
binary,train,185,CHEMBL65328
binary,train,177,CHEMBL337251
binary,train,2941,CHEMBL5398069
binary,train,1261,CHEMBL1824756
binary,train,886,CHEMBL8659
binary,train,2337,CHEMBL5288430
binary,train,1117,CHEMBL179222
binary,train,1839,CHEMBL9298
binary,train,2545,CHEMBL5432257
binary,train,1787,CHEMBL100749
binary,train,2238,CHEMBL2311178
binary,train,1630,CHEMBL3422031
binary,train,713,CHEMBL220793
binary,train,1542,CHEMBL3219070
binary,train,1091,CHEMBL193652
binary,train,2528,CHEMBL27698
binary,train,1938,CHEMBL4453737
binary,train,1904,CHEMBL4228753
binary,train,0,CHEMBL2111947
binary,train,2102,CHEMBL5286895
binary,train,2269,CHEMBL3752440
binary,train,2912,CHEMBL5425028
binary,train,152,CHEMBL73071
binary,train,1325,CHEMBL1939537
binary,train,2717,CHEMBL301608
binary,train,73,CHEMBL286506
binary,train,2924,CHEMBL31456
binary,train,1976,CHEMBL4556775
binary,train,875,CHEMBL491010
binary,train,579,CHEMBL225079
binary,train,2927,CHEMBL5438618
binary,train,1056,CHEMBL1173129
binary,train,1088,CHEMBL193997
binary,train,1301,CHEMBL1915401
binary,train,1652,CHEMBL3622056
binary,train,581,CHEMBL376786
binary,train,395,CHEMBL103040
binary,train,2566,CHEMBL5425388
binary,train,1488,CHEMBL2336856
binary,train,168,CHEMBL108483
binary,train,2465,CHEMBL2112739
binary,train,2660,CHEMBL5397043
binary,train,2857,CHEMBL3622060
binary,train,2265,CHEMBL5269252
binary,train,2380,CHEMBL4517318
binary,train,1751,CHEMBL3751913
binary,train,1548,CHEMBL934
binary,train,2136,CHEMBL5282019
binary,train,1388,CHEMBL2011187
binary,train,66,CHEMBL109211
binary,train,2824,CHEMBL5396464
binary,train,1558,CHEMBL1688898
binary,train,2642,CHEMBL102409
binary,train,766,CHEMBL9352
binary,train,332,CHEMBL112292
binary,train,37,CHEMBL38510
binary,train,294,CHEMBL161230
binary,train,624,CHEMBL158635
binary,train,2819,CHEMBL5431850
binary,train,3012,CHEMBL1191848
binary,train,698,CHEMBL272456
binary,train,1710,CHEMBL437731
binary,train,2084,CHEMBL5270023
binary,train,2453,CHEMBL5278365
binary,train,200,CHEMBL304583
binary,train,2757,CHEMBL283671
binary,train,787,CHEMBL513615
binary,train,2242,CHEMBL132530
binary,train,522,CHEMBL206351
binary,train,2635,CHEMBL5440376
binary,train,1073,CHEMBL176076
binary,train,2777,CHEMBL415725
binary,train,2321,CHEMBL5290788
binary,train,1587,CHEMBL3415154
binary,train,1034,CHEMBL1094154
binary,train,2666,CHEMBL32571
binary,train,2182,CHEMBL5281599
binary,train,1841,CHEMBL4070331
binary,train,474,CHEMBL381194
binary,train,1933,CHEMBL2299368
binary,train,728,CHEMBL437497
binary,train,981,CHEMBL597416
binary,train,1775,CHEMBL3805048
binary,train,465,CHEMBL365314
binary,train,2448,CHEMBL3753034
binary,train,819,CHEMBL185950
binary,train,2760,CHEMBL336638
binary,train,1215,CHEMBL1444
binary,train,1160,CHEMBL1668327
binary,train,8,CHEMBL324326
binary,train,752,CHEMBL463452
binary,train,267,CHEMBL55144
binary,train,1310,CHEMBL1939522
binary,train,2052,CHEMBL5186519
binary,train,2678,CHEMBL307160
binary,train,2934,CHEMBL5406470
binary,train,1582,CHEMBL3407538
binary,train,904,CHEMBL518761
binary,train,1052,CHEMBL1173700
binary,train,1614,CHEMBL3421767
binary,train,863,CHEMBL454580
binary,train,2251,CHEMBL5284734
binary,train,2226,CHEMBL5288881
binary,train,2079,CHEMBL108483
binary,train,2705,CHEMBL556429
binary,train,890,CHEMBL15594
binary,train,442,CHEMBL264724
binary,train,1836,CHEMBL9298
binary,train,2354,CHEMBL5285921
binary,train,1359,CHEMBL1957214
binary,train,1191,CHEMBL437731
binary,train,363,CHEMBL336387
binary,train,2391,CHEMBL3754779
binary,train,2256,CHEMBL3752165
binary,train,3015,CHEMBL371663
binary,train,362,CHEMBL25695
binary,train,2555,CHEMBL488050
binary,train,2827,CHEMBL5413770
binary,train,1773,CHEMBL3805814
binary,train,2727,CHEMBL162549
binary,train,1030,CHEMBL1094331
binary,train,2587,CHEMBL5425929
binary,train,1611,CHEMBL2165320
binary,train,2581,CHEMBL5417624
binary,train,2282,CHEMBL5291085
binary,train,97,CHEMBL349963
binary,train,1643,CHEMBL3264682
binary,train,2161,CHEMBL5290788
binary,train,1993,CHEMBL4514474
binary,train,1774,CHEMBL3805149
binary,train,1741,CHEMBL3753842
binary,train,1027,CHEMBL157101
binary,train,1186,CHEMBL1688897
binary,train,1901,CHEMBL118266
binary,train,1966,CHEMBL4465348
binary,train,2480,CHEMBL5402392
binary,train,1369,CHEMBL1399
binary,train,905,CHEMBL479551
binary,train,881,CHEMBL523973
binary,train,2863,CHEMBL3622064
binary,train,1344,CHEMBL111234
binary,train,1448,CHEMBL2312954
binary,train,2929,CHEMBL5421931
binary,train,520,CHEMBL204039
binary,train,746,CHEMBL464428
binary,train,666,CHEMBL388507
binary,train,1248,CHEMBL1784811
binary,train,1120,CHEMBL193496
binary,train,1792,CHEMBL3818279
binary,train,639,CHEMBL229905
binary,train,3033,CHEMBL5419948
binary,train,75,CHEMBL281947
binary,train,2014,CHEMBL4755831
binary,train,1231,CHEMBL1784793
binary,train,1810,CHEMBL3961452
binary,train,2280,CHEMBL5277945
binary,train,461,CHEMBL190208
binary,train,1594,CHEMBL3415161
binary,train,529,CHEMBL209731
binary,train,33,CHEMBL166789
binary,train,797,CHEMBL159073
binary,train,2457,CHEMBL1908014
binary,train,1279,CHEMBL349822
binary,train,1826,CHEMBL3960724
binary,train,1602,CHEMBL3415169
binary,train,47,CHEMBL355681
binary,train,2965,CHEMBL5395040
binary,train,858,CHEMBL488
binary,train,1706,CHEMBL3623227
binary,train,409,CHEMBL177413
binary,train,1302,CHEMBL1915403
binary,train,415,CHEMBL359817
binary,train,839,CHEMBL190099
binary,train,2730,CHEMBL5413902
binary,train,1498,CHEMBL132530
binary,train,2199,CHEMBL3245357
binary,train,1363,CHEMBL1957218
binary,train,1339,CHEMBL1939551
binary,train,861,CHEMBL9298
binary,train,1190,CHEMBL1688901
binary,train,2692,CHEMBL375497
binary,train,1050,CHEMBL1170662
binary,train,2737,CHEMBL198291
binary,train,118,CHEMBL287677
binary,train,174,CHEMBL3084923
binary,train,2612,CHEMBL23484
binary,train,2910,CHEMBL5402384
binary,train,194,CHEMBL39403
binary,train,389,CHEMBL3245349
binary,train,1526,CHEMBL3105522
binary,train,1272,CHEMBL1824767
binary,train,1083,CHEMBL370530
binary,train,979,CHEMBL598224
binary,train,2159,CHEMBL3754204
binary,train,821,CHEMBL376786
binary,train,2877,CHEMBL5395753
binary,train,2241,CHEMBL3752405
binary,train,1184,CHEMBL1688895
binary,train,1867,CHEMBL1444
binary,train,1078,CHEMBL179144
binary,train,1204,CHEMBL1688914
binary,train,2211,CHEMBL5282309
binary,train,100,CHEMBL1629805
binary,train,34,CHEMBL3349856
binary,train,561,CHEMBL375497
binary,train,446,CHEMBL186079
binary,train,716,CHEMBL224037
binary,train,1303,CHEMBL9352
binary,train,497,CHEMBL382500
binary,train,2764,CHEMBL137373
binary,train,121,CHEMBL351226
binary,train,2484,CHEMBL5403786
binary,train,1399,CHEMBL2163646
binary,train,1172,CHEMBL1672977
binary,train,1487,CHEMBL2336857
binary,train,892,CHEMBL267476
binary,train,2492,CHEMBL5401146
binary,train,1579,CHEMBL3407536
binary,train,2366,CHEMBL2111917
binary,train,1613,CHEMBL3421766
binary,train,1290,CHEMBL1825048
binary,train,1247,CHEMBL1784810
binary,train,1699,CHEMBL117
binary,train,1899,CHEMBL264401
binary,train,1671,CHEMBL597808
binary,train,2871,CHEMBL5434606
binary,train,1318,CHEMBL1939530
binary,train,849,CHEMBL60376
binary,train,1080,CHEMBL365314
binary,train,1618,CHEMBL3421764
binary,train,1156,CHEMBL1630910
binary,train,816,CHEMBL496375
binary,train,1659,CHEMBL3622063
binary,train,1777,CHEMBL3804993
binary,train,1669,CHEMBL3622363
binary,train,866,CHEMBL389924
binary,train,36,CHEMBL1630267
binary,train,768,CHEMBL457679
binary,train,1141,CHEMBL1629805
binary,train,2978,CHEMBL150799
binary,train,2570,CHEMBL5407480
binary,train,148,CHEMBL308537
binary,train,2558,CHEMBL324326
binary,train,495,CHEMBL382902
binary,train,416,CHEMBL362187
binary,train,2121,CHEMBL3752221
binary,train,2036,CHEMBL5081446
binary,train,2471,CHEMBL5271071
binary,train,1497,CHEMBL2431524
binary,train,2939,CHEMBL5433174
binary,train,795,CHEMBL1444
binary,train,1870,CHEMBL4167569
binary,train,46,CHEMBL168700
binary,train,1368,CHEMBL9298
binary,train,2027,CHEMBL1444
binary,train,1242,CHEMBL1303900
binary,train,553,CHEMBL224228
binary,train,908,CHEMBL479737
binary,train,860,CHEMBL494713
binary,train,2733,CHEMBL372999
binary,train,456,CHEMBL189274
binary,train,1440,CHEMBL2312960
binary,train,315,CHEMBL95109
binary,train,1629,CHEMBL3422032
binary,train,2644,CHEMBL5416052
binary,train,436,CHEMBL184952
binary,train,1227,CHEMBL1485809
binary,train,514,CHEMBL488
binary,train,2304,CHEMBL5274998
binary,train,1284,CHEMBL1825023
binary,train,1035,CHEMBL9165
binary,train,2694,CHEMBL375046
binary,train,320,CHEMBL151212
binary,train,1163,CHEMBL1668329
binary,train,479,CHEMBL381014
binary,train,2663,CHEMBL117
binary,train,222,CHEMBL368631
binary,train,2181,CHEMBL5280054
binary,train,2221,CHEMBL3752065
binary,train,1097,CHEMBL176098
binary,train,723,CHEMBL382482
binary,train,2087,CHEMBL5287457
binary,train,2885,CHEMBL5410011
binary,train,2477,CHEMBL223176
binary,train,2818,CHEMBL5397670
binary,train,851,CHEMBL503538
binary,train,406,CHEMBL29230
binary,train,591,CHEMBL92488
binary,train,1776,CHEMBL3806185
binary,train,1253,CHEMBL1824745
binary,train,962,CHEMBL592852
binary,train,24,CHEMBL304903
binary,train,1006,CHEMBL93828
binary,train,2683,CHEMBL188664
binary,train,2772,CHEMBL436369
binary,train,511,CHEMBL204183
binary,train,2846,CHEMBL5402619
binary,train,1678,CHEMBL3622075
binary,train,654,CHEMBL226999
binary,train,1608,CHEMBL3415173
binary,train,1441,CHEMBL2312959
binary,train,517,CHEMBL41761
binary,train,2310,CHEMBL3752871
binary,train,2529,CHEMBL286506
binary,train,1237,CHEMBL1784804
binary,train,2248,CHEMBL3349549
binary,train,2073,CHEMBL1200374
binary,train,1062,CHEMBL1173259
binary,train,563,CHEMBL375046
binary,train,637,CHEMBL390364
binary,train,1192,CHEMBL1688902
binary,train,1291,CHEMBL1825049
binary,train,973,CHEMBL598847
binary,train,3007,CHEMBL225178
binary,train,2956,CHEMBL5402637
binary,train,52,CHEMBL166974
binary,train,1910,CHEMBL4288256
binary,train,2516,CHEMBL174407
binary,train,2185,CHEMBL5279752
binary,train,2393,CHEMBL3754729
binary,train,71,CHEMBL281947
binary,train,784,CHEMBL410525
binary,train,1140,CHEMBL1629804
binary,train,2430,CHEMBL299613
binary,train,1924,CHEMBL4590541
binary,train,235,CHEMBL267668
binary,train,2206,CHEMBL3752650
binary,train,2626,CHEMBL413344
binary,train,1449,CHEMBL2312953
binary,train,943,CHEMBL604716
binary,train,2092,CHEMBL1444
binary,train,1489,CHEMBL2137046
binary,train,2966,CHEMBL5427944
binary,train,2410,CHEMBL5281055
binary,train,1442,CHEMBL2312958
binary,train,2534,CHEMBL5426628
binary,train,196,CHEMBL285193
binary,train,916,CHEMBL480515
binary,train,2711,CHEMBL53644
binary,train,256,CHEMBL2112299
binary,train,2049,CHEMBL382902
binary,train,2170,CHEMBL5289056
binary,train,1649,CHEMBL430879
binary,train,532,CHEMBL213588
binary,train,915,CHEMBL480516
binary,train,1243,CHEMBL1784807
binary,train,499,CHEMBL202612
binary,train,322,CHEMBL151691
binary,train,902,CHEMBL1444
binary,train,2718,CHEMBL165
binary,train,220,CHEMBL174407
binary,train,1283,CHEMBL29482
binary,train,1491,CHEMBL2386285
binary,train,1778,CHEMBL3805657
binary,train,1525,CHEMBL3105524
binary,train,411,CHEMBL367483
binary,train,2111,CHEMBL3623218
binary,train,1371,CHEMBL2011191
binary,train,1259,CHEMBL1824753
binary,train,944,CHEMBL599239
binary,train,2082,CHEMBL5271052
binary,train,477,CHEMBL193534
binary,train,1057,CHEMBL1171680
binary,train,2736,CHEMBL382500
binary,train,2637,CHEMBL1098424
binary,train,1947,CHEMBL4575994
binary,train,2147,CHEMBL5289279
binary,train,1694,CHEMBL2179110
binary,train,2139,CHEMBL5269898
binary,train,1783,CHEMBL3805539
binary,train,1494,CHEMBL3350384
binary,train,2808,CHEMBL3622071
binary,train,2773,CHEMBL135115
binary,train,155,CHEMBL70436
binary,train,1950,CHEMBL4515880
binary,train,250,CHEMBL23646
binary,train,312,CHEMBL338746
binary,train,2075,CHEMBL5176279
binary,train,1419,CHEMBL2179114
binary,train,3019,CHEMBL5440356
binary,train,1155,CHEMBL1630280
binary,train,2992,CHEMBL5411570
binary,train,1133,CHEMBL370317
binary,train,1716,CHEMBL3622434
binary,train,3008,CHEMBL375046
binary,train,2011,CHEMBL4753594
binary,train,357,CHEMBL24946
binary,train,2835,CHEMBL5423400
binary,train,1722,CHEMBL3753307
binary,train,2149,CHEMBL2179107
binary,train,2632,CHEMBL352645
binary,train,2010,CHEMBL4743255
binary,train,247,CHEMBL283782
binary,train,691,CHEMBL439241
binary,train,2328,CHEMBL3752174
binary,train,2628,CHEMBL168434
binary,train,2137,CHEMBL5275417
binary,train,726,CHEMBL204502
binary,train,1752,CHEMBL3751984
binary,train,3009,CHEMBL224649
binary,train,914,CHEMBL519937
binary,train,1788,CHEMBL2386284
binary,train,2667,CHEMBL9687
binary,train,1982,CHEMBL4564168
binary,train,1127,CHEMBL195354
binary,train,2190,CHEMBL5285813
binary,train,950,CHEMBL598199
binary,train,578,CHEMBL451201
binary,train,1998,CHEMBL4546916
binary,train,1017,CHEMBL1096024
binary,train,299,CHEMBL300109
binary,train,1407,CHEMBL2165320
binary,train,2479,CHEMBL5418690
binary,train,157,CHEMBL306022
binary,train,1723,CHEMBL3753403
binary,train,2993,CHEMBL5416291
binary,train,2557,CHEMBL112021
binary,train,2788,CHEMBL336616
binary,train,2869,CHEMBL5398997
binary,train,1375,CHEMBL2011171
binary,train,2258,CHEMBL3753803
binary,train,2404,CHEMBL5275668
binary,train,704,CHEMBL260098
binary,train,1081,CHEMBL370281
binary,train,345,CHEMBL1629804
binary,train,1456,CHEMBL2312972
binary,train,2518,CHEMBL26651
binary,train,808,CHEMBL158984
binary,train,3017,CHEMBL5394486
binary,train,1746,CHEMBL3753104
binary,train,1224,CHEMBL95109
binary,train,2909,CHEMBL5431758
binary,train,2706,CHEMBL300109
binary,train,533,CHEMBL213587
binary,train,1798,CHEMBL3819549
binary,train,3000,CHEMBL117
binary,train,2004,CHEMBL4763409
binary,train,422,CHEMBL174579
binary,train,297,CHEMBL132530
binary,train,1509,CHEMBL2442755
binary,train,2150,CHEMBL2179108
binary,train,1551,CHEMBL3359958
binary,train,2575,CHEMBL5434047
binary,train,773,CHEMBL9298
binary,train,3020,CHEMBL5424049
binary,train,2201,CHEMBL5290960
binary,train,481,CHEMBL194472
binary,train,2576,CHEMBL5410534
binary,train,1250,CHEMBL1784813
binary,train,588,CHEMBL23150
binary,train,668,CHEMBL226841
binary,train,2507,CHEMBL5394007
binary,train,16,CHEMBL38877
binary,train,1871,CHEMBL4171996
binary,train,419,CHEMBL177692
binary,train,960,CHEMBL286738
binary,train,1393,CHEMBL2058266
binary,train,769,CHEMBL457678
binary,train,956,CHEMBL592376
binary,train,2048,CHEMBL446706
binary,train,1058,CHEMBL162549
binary,train,83,CHEMBL27698
binary,train,2144,CHEMBL5275053
binary,train,1827,CHEMBL3891718
binary,train,2420,CHEMBL5288646
binary,train,260,CHEMBL254328
binary,train,2114,CHEMBL5290960
binary,train,834,CHEMBL225178
binary,train,502,CHEMBL372835
binary,train,2050,CHEMBL5205534
binary,train,182,CHEMBL63297
binary,train,2350,CHEMBL5276930
binary,train,2372,CHEMBL1630261
binary,train,1482,CHEMBL2336862
binary,train,597,CHEMBL224462
binary,train,358,CHEMBL321729
binary,train,2905,CHEMBL5401946
binary,train,343,CHEMBL314351
binary,train,1003,CHEMBL389433
binary,train,2791,CHEMBL334999
binary,train,1214,CHEMBL9298
binary,train,829,CHEMBL158635
binary,train,997,CHEMBL1094428
binary,train,702,CHEMBL407092
binary,train,865,CHEMBL389924
binary,train,684,CHEMBL388930
binary,train,2298,CHEMBL5286866
binary,train,1200,CHEMBL1688910
binary,train,2669,CHEMBL307893
binary,train,2621,CHEMBL67842
binary,train,1280,CHEMBL14192
binary,train,396,CHEMBL327239
binary,train,1307,CHEMBL1939519
binary,train,2469,CHEMBL5277126
binary,train,971,CHEMBL601840
binary,train,1381,CHEMBL2011180
binary,train,2845,CHEMBL5440379
binary,train,1588,CHEMBL3415155
binary,train,1959,CHEMBL4583456
binary,train,656,CHEMBL226947
binary,train,1593,CHEMBL3415160
binary,train,252,CHEMBL23484
binary,train,977,CHEMBL589738
binary,train,2005,CHEMBL4777271
binary,train,2,CHEMBL113637
binary,train,2875,CHEMBL5437662
binary,train,325,CHEMBL70901
binary,train,895,CHEMBL1444
binary,train,1800,CHEMBL3818728
binary,train,1406,CHEMBL2165321
binary,train,924,CHEMBL362968
binary,train,2671,CHEMBL317221
binary,train,1348,CHEMBL1956179
binary,train,2318,CHEMBL5282258
binary,train,2382,CHEMBL5291408
binary,train,2059,CHEMBL5197552
binary,train,1508,CHEMBL2442756
binary,train,1416,CHEMBL1444
binary,train,1364,CHEMBL1957223
binary,train,427,CHEMBL176076
binary,train,1353,CHEMBL1956188
binary,train,1760,CHEMBL3805310
binary,train,992,CHEMBL1095413
binary,train,1265,CHEMBL1824760
binary,train,1585,CHEMBL3415152
binary,train,552,CHEMBL375046
binary,train,1785,CHEMBL1444
binary,train,2502,CHEMBL5426251
binary,train,214,CHEMBL132563
binary,train,31,CHEMBL1629804
binary,train,2629,CHEMBL168444
binary,train,806,CHEMBL421829
binary,train,692,CHEMBL7162
binary,train,620,CHEMBL307160
binary,train,2974,CHEMBL151207
binary,train,1860,CHEMBL4128368
binary,train,2853,CHEMBL5398138
binary,train,2946,CHEMBL5432857
binary,train,1465,CHEMBL2333327
binary,train,1996,CHEMBL4560281
binary,train,1646,CHEMBL3589964
binary,train,508,CHEMBL437497
binary,train,2917,CHEMBL423613
binary,train,2891,CHEMBL5429844
binary,train,813,CHEMBL375046
binary,train,900,CHEMBL205177
binary,train,386,CHEMBL102536
binary,train,2953,CHEMBL5434818
binary,train,2872,CHEMBL5424630
binary,train,701,CHEMBL269877
binary,train,774,CHEMBL169
binary,train,276,CHEMBL1203766
binary,train,244,CHEMBL440832
binary,train,2655,CHEMBL5430729
binary,train,2560,CHEMBL431859
binary,train,1130,CHEMBL363849
binary,train,211,CHEMBL132530
binary,train,2013,CHEMBL4760286
binary,train,1530,CHEMBL3105517
binary,train,1241,CHEMBL1784806
binary,train,1194,CHEMBL1688904
binary,train,1921,CHEMBL4531367
binary,train,2554,CHEMBL5434222
binary,train,2861,CHEMBL3622062
binary,train,523,CHEMBL206300
binary,train,1103,CHEMBL368305
binary,train,1071,CHEMBL366669
binary,train,1205,CHEMBL1688915
binary,train,2888,CHEMBL5436996
binary,train,596,CHEMBL225550
binary,train,1617,CHEMBL3421786
binary,train,3028,CHEMBL162585
binary,train,2332,CHEMBL5266698
binary,train,143,CHEMBL69891
binary,train,2608,CHEMBL93828
binary,train,2970,CHEMBL5431734
binary,train,1313,CHEMBL1939525
binary,train,1912,CHEMBL4128368
binary,train,279,CHEMBL53644
binary,train,1545,CHEMBL1083665
binary,train,2233,CHEMBL3752347
binary,train,1847,CHEMBL49732
binary,train,1897,CHEMBL4207348
binary,train,1868,CHEMBL1444
binary,train,2839,CHEMBL5401315
binary,train,2686,CHEMBL185950
binary,train,232,CHEMBL8333
binary,train,1446,CHEMBL2312956
binary,train,488,CHEMBL202231
binary,train,975,CHEMBL607855
binary,train,2984,CHEMBL112908
binary,train,1805,CHEMBL3818720
binary,train,441,CHEMBL361872
binary,train,2647,CHEMBL5421275
binary,train,2008,CHEMBL4780337
binary,train,2755,CHEMBL29669
binary,train,2145,CHEMBL5290320
binary,train,653,CHEMBL108425
binary,train,840,CHEMBL387518
binary,train,1427,CHEMBL2208140
binary,train,3030,CHEMBL5401971
binary,train,1123,CHEMBL193858
binary,train,820,CHEMBL225472
binary,train,1170,CHEMBL1672975
binary,train,1182,CHEMBL1688892
binary,train,2289,CHEMBL5282687
binary,train,2580,CHEMBL5409533
binary,train,869,CHEMBL164
binary,train,2224,CHEMBL3754220
binary,train,781,CHEMBL487888
binary,train,749,CHEMBL464472
binary,train,1176,CHEMBL1672981
binary,train,2268,CHEMBL5287766
binary,train,2033,CHEMBL5072101
binary,train,204,CHEMBL288804
binary,train,1536,CHEMBL3134114
binary,train,549,CHEMBL225472
binary,train,935,CHEMBL157101
binary,train,1115,CHEMBL175799
binary,train,1266,CHEMBL1824761
binary,train,2467,CHEMBL5281289
binary,train,1233,CHEMBL1784795
binary,train,585,CHEMBL525379
binary,train,360,CHEMBL314991
binary,train,885,CHEMBL521591
binary,train,868,CHEMBL253570
binary,train,2007,CHEMBL4747849
binary,train,373,CHEMBL25588
binary,train,2312,CHEMBL5273116
binary,train,2015,CHEMBL4750835
binary,train,2363,CHEMBL5276932
binary,train,659,CHEMBL390078
binary,train,2862,CHEMBL3622063
binary,train,2028,CHEMBL5077976
binary,train,2057,CHEMBL1444
binary,train,2361,CHEMBL5284841
binary,train,3027,CHEMBL350072
binary,train,611,CHEMBL224391
binary,train,1014,CHEMBL1097371
binary,train,210,CHEMBL129883
binary,train,2645,CHEMBL5406205
binary,train,1981,CHEMBL4526798
binary,train,2215,CHEMBL5273362
binary,train,91,CHEMBL165279
binary,train,1714,CHEMBL3623220
binary,train,366,CHEMBL103685
binary,train,2583,CHEMBL5413476
binary,train,400,CHEMBL28880
binary,train,619,CHEMBL78322
binary,train,1389,CHEMBL2011189
binary,train,798,CHEMBL421149
binary,train,2329,CHEMBL3752288
binary,train,2833,CHEMBL5411472
binary,train,721,CHEMBL222250
binary,train,2964,CHEMBL5433553
binary,train,371,CHEMBL282673
binary,train,40,CHEMBL1629806
binary,train,310,CHEMBL357775
binary,train,867,CHEMBL252642
binary,train,1254,CHEMBL1824746
binary,train,2222,CHEMBL5285647
binary,train,2373,CHEMBL1630267
binary,train,2598,CHEMBL5432971
binary,train,1990,CHEMBL4568674
binary,train,2638,CHEMBL5426314
binary,train,246,CHEMBL2112301
binary,train,21,CHEMBL289116
binary,train,2173,CHEMBL5283138
binary,train,2468,CHEMBL5271144
binary,train,1463,CHEMBL2333331
binary,train,2980,CHEMBL5426889
binary,train,748,CHEMBL465845
binary,train,2899,CHEMBL5402413
binary,train,1340,CHEMBL503399
binary,train,165,CHEMBL325346
binary,train,2411,CHEMBL5269737
binary,train,2643,CHEMBL5438005
binary,train,2303,CHEMBL5285796
binary,train,23,CHEMBL39782
binary,train,1234,CHEMBL1784798
binary,train,2104,CHEMBL3753403
binary,train,2025,CHEMBL4863718
binary,train,685,CHEMBL223176
binary,train,2143,CHEMBL5280059
binary,train,2378,CHEMBL3349655
binary,train,2680,CHEMBL158984
binary,train,1578,CHEMBL3407538
binary,train,664,CHEMBL226891
binary,train,1564,CHEMBL1688894
binary,train,237,CHEMBL8417
binary,train,928,CHEMBL377770
binary,train,1317,CHEMBL1939529
binary,train,2317,CHEMBL3753063
binary,train,742,CHEMBL463435
binary,train,675,CHEMBL390717
binary,train,3034,CHEMBL5431734
binary,train,283,CHEMBL158635
binary,train,1577,CHEMBL3407539
binary,train,2499,CHEMBL5404699
binary,train,251,CHEMBL279940
binary,train,1109,CHEMBL175962
binary,train,2509,CHEMBL5423781
binary,train,1928,CHEMBL4527809
binary,train,655,CHEMBL388093
binary,train,2982,CHEMBL113242
binary,train,1769,CHEMBL3806282
binary,train,939,CHEMBL583310
binary,train,2487,CHEMBL5411799
binary,train,711,CHEMBL373377
binary,train,988,CHEMBL1097041
binary,train,1619,CHEMBL3422044
binary,train,803,CHEMBL213587
binary,train,800,CHEMBL522917
binary,train,2867,CHEMBL5404073
binary,train,1668,CHEMBL224060
binary,train,2184,CHEMBL1078534
binary,train,405,CHEMBL29864
binary,train,961,CHEMBL598211
binary,train,2809,CHEMBL3622072
binary,train,2868,CHEMBL5397563
binary,train,2470,CHEMBL5283276
binary,train,1341,CHEMBL1939552
binary,train,1209,CHEMBL9298
binary,train,2770,CHEMBL135063
binary,train,2408,CHEMBL5280552
binary,train,2589,CHEMBL5408823
binary,train,2300,CHEMBL5270141
binary,train,30,CHEMBL1630274
binary,train,344,CHEMBL274826
binary,train,1044,CHEMBL1083663
binary,train,1217,CHEMBL1783176
binary,train,1599,CHEMBL3415166
binary,train,39,CHEMBL3349864
binary,train,2630,CHEMBL440930
binary,train,696,CHEMBL271129
binary,train,354,CHEMBL330452
binary,train,2342,CHEMBL5274832
binary,train,1132,CHEMBL383145
binary,train,2657,CHEMBL134169
binary,train,949,CHEMBL598212
binary,train,473,CHEMBL371275
binary,train,2904,CHEMBL5404820
binary,train,433,CHEMBL179144
binary,train,1651,CHEMBL3622055
binary,train,2062,CHEMBL198291
binary,train,2140,CHEMBL5270764
binary,train,1823,CHEMBL3964421
binary,train,2423,CHEMBL425194
binary,train,2223,CHEMBL5289206
binary,train,1954,CHEMBL421149
binary,train,1655,CHEMBL3622059
binary,train,1913,CHEMBL4289930
binary,train,1968,CHEMBL188664
binary,train,2250,CHEMBL5282027
binary,train,1795,CHEMBL3818725
binary,train,61,CHEMBL113121
binary,train,2037,CHEMBL1093458
binary,train,1093,CHEMBL176118
binary,train,2594,CHEMBL5436084
binary,train,1784,CHEMBL3805733
binary,train,80,CHEMBL28290
binary,train,622,CHEMBL159073
binary,train,695,CHEMBL270915
binary,train,848,CHEMBL424414
binary,train,1392,CHEMBL1629804
binary,train,2160,CHEMBL5286289
binary,train,632,CHEMBL389433
binary,train,2722,CHEMBL87477
binary,train,983,CHEMBL1088570
binary,train,1973,CHEMBL1444
binary,train,262,CHEMBL301106
binary,train,2949,CHEMBL5423113
binary,train,253,CHEMBL23364
binary,train,359,CHEMBL105298
binary,train,1876,CHEMBL4161789
binary,train,301,CHEMBL488
binary,train,1438,CHEMBL2312962
binary,train,1471,CHEMBL2336854
binary,train,1136,CHEMBL1629800
binary,train,1207,CHEMBL1688917
binary,train,1936,CHEMBL4474808
binary,train,410,CHEMBL177274
binary,train,491,CHEMBL201831
binary,train,1099,CHEMBL425323
binary,train,1980,CHEMBL4514474
binary,train,616,CHEMBL31224
binary,train,277,CHEMBL54803
binary,train,755,CHEMBL463256
binary,train,1521,CHEMBL275638
binary,train,224,CHEMBL26651
binary,train,1439,CHEMBL2312961
binary,train,687,CHEMBL243960
binary,train,903,CHEMBL479559
binary,train,2130,CHEMBL5273888
binary,train,626,CHEMBL161230
binary,train,1397,CHEMBL2163638
binary,train,206,CHEMBL65549
binary,train,288,CHEMBL468419
binary,train,969,CHEMBL599456
binary,train,383,CHEMBL71082
binary,train,268,CHEMBL291700
binary,train,513,CHEMBL382679
binary,train,857,CHEMBL455593
binary,train,2053,CHEMBL5204674
binary,train,2074,CHEMBL5184829
binary,train,146,CHEMBL310735
binary,train,2520,CHEMBL176452
binary,train,2855,CHEMBL5409338
binary,train,2715,CHEMBL291700
binary,train,2343,CHEMBL5283967
binary,train,641,CHEMBL388375
binary,train,1627,CHEMBL3422035
binary,train,760,CHEMBL453448
binary,train,2178,CHEMBL5288187
binary,train,2919,CHEMBL162834
binary,train,686,CHEMBL243961
binary,train,2763,CHEMBL135606
binary,train,1157,CHEMBL9298
binary,train,964,CHEMBL597808
binary,train,387,CHEMBL68674
binary,train,1686,CHEMBL3623214
binary,train,2287,CHEMBL5287563
binary,train,1379,CHEMBL2011175
binary,train,1229,CHEMBL1784790
binary,train,623,CHEMBL421149
binary,train,2068,CHEMBL5179009
binary,test,9,CHEMBL353068
binary,test,1059,CHEMBL1170678
binary,test,2032,CHEMBL5069811
binary,test,1985,CHEMBL4536893
binary,test,42,CHEMBL168762
binary,test,2169,CHEMBL5267929
binary,test,913,CHEMBL479385
binary,test,2277,CHEMBL5285898
binary,test,2426,CHEMBL1835539
binary,test,1361,CHEMBL1957216
binary,test,1175,CHEMBL1672980
binary,test,4,CHEMBL41761
binary,test,241,CHEMBL8646
binary,test,2981,CHEMBL356594
binary,test,2085,CHEMBL5272700
binary,test,2306,CHEMBL2105261
binary,test,2886,CHEMBL5421626
binary,test,2662,CHEMBL276915
binary,test,1750,CHEMBL3754157
binary,test,2618,CHEMBL23364
binary,test,1814,CHEMBL3948254
binary,test,2567,CHEMBL5409215
binary,test,2359,CHEMBL5267610
binary,test,292,CHEMBL78322
binary,test,2653,CHEMBL5421289
binary,test,705,CHEMBL270301
binary,test,6,CHEMBL111888
binary,test,1385,CHEMBL2011183
binary,test,93,CHEMBL352891
binary,test,2429,CHEMBL1627841
binary,test,2309,CHEMBL5271912
binary,test,2796,CHEMBL137396
binary,test,2619,CHEMBL279940
binary,test,1173,CHEMBL1672978
binary,test,2983,CHEMBL110524
binary,test,2878,CHEMBL3818343
binary,test,69,CHEMBL488
binary,test,1469,CHEMBL1444
binary,test,1755,CHEMBL3800417
binary,test,1944,CHEMBL3751881
binary,test,145,CHEMBL307643
binary,test,936,CHEMBL572637
binary,test,1288,CHEMBL1825038
binary,test,845,CHEMBL482693
binary,test,836,CHEMBL78322
binary,test,1466,CHEMBL2333326
binary,test,309,CHEMBL9298
binary,test,2038,CHEMBL1444
binary,test,2177,CHEMBL3754183
binary,test,550,CHEMBL225178
binary,test,1425,CHEMBL9352
binary,test,959,CHEMBL609618
binary,test,2472,CHEMBL5274084
binary,test,1403,CHEMBL2165325
binary,test,2607,CHEMBL92488
binary,test,510,CHEMBL382482
binary,test,1719,CHEMBL3622445
binary,test,2799,CHEMBL344904
binary,test,1740,CHEMBL3623214
binary,test,987,CHEMBL9298
binary,test,1199,CHEMBL1688909
binary,test,2399,CHEMBL5288418
binary,test,1151,CHEMBL1630271
binary,test,1337,CHEMBL1939549
binary,test,29,CHEMBL440930
binary,test,1721,CHEMBL3753169
binary,test,2301,CHEMBL3754719
binary,test,496,CHEMBL198291
binary,test,1201,CHEMBL1688911
binary,test,2427,CHEMBL1627334
binary,test,2402,CHEMBL5290103
binary,test,15,CHEMBL433728
binary,test,431,CHEMBL179149
binary,test,793,CHEMBL509750
binary,test,2947,CHEMBL5417855
binary,test,1443,CHEMBL2312957
binary,test,1374,CHEMBL274826
binary,test,929,CHEMBL441367
binary,test,1586,CHEMBL3415153
binary,test,2148,CHEMBL5270927
binary,test,1822,CHEMBL3983734
binary,test,1046,CHEMBL1083652
binary,test,1894,CHEMBL4211193
binary,test,907,CHEMBL479928
binary,test,621,CHEMBL421829
binary,test,1715,CHEMBL3623221
binary,test,2812,CHEMBL3622075
binary,test,2209,CHEMBL3754063
binary,test,583,CHEMBL522917
binary,test,527,CHEMBL212473
binary,test,1957,CHEMBL10026
binary,test,1664,CHEMBL1444
binary,test,1144,CHEMBL1630263
binary,test,1837,CHEMBL205881
binary,test,1930,CHEMBL4446561
binary,test,2834,CHEMBL5424049
binary,test,1931,CHEMBL1444
binary,test,683,CHEMBL243755
binary,test,1352,CHEMBL1956186
binary,test,1572,CHEMBL9298
binary,test,873,CHEMBL9298
binary,test,153,CHEMBL72415
binary,test,2460,CHEMBL5274867
binary,test,2659,CHEMBL3084923
binary,test,2219,CHEMBL5288828
binary,test,1718,CHEMBL2331704
binary,test,493,CHEMBL197650
binary,test,2316,CHEMBL5268383
binary,test,273,CHEMBL57513
binary,test,862,CHEMBL323197
binary,test,1770,CHEMBL3806159
binary,test,707,CHEMBL260955
binary,test,1932,CHEMBL4570681
binary,test,2765,CHEMBL137002
binary,test,2401,CHEMBL5287841
binary,test,1087,CHEMBL365120
binary,test,1421,CHEMBL2179111
binary,test,2987,CHEMBL287574
binary,test,736,CHEMBL201831
binary,test,1817,CHEMBL2386285
binary,test,1581,CHEMBL3407539
binary,test,1040,CHEMBL1083665
binary,test,1689,CHEMBL3623209
binary,test,2205,CHEMBL5265837
binary,test,1100,CHEMBL176886
binary,test,2523,CHEMBL29138
binary,test,1988,CHEMBL4536893
binary,test,28,CHEMBL2112739
binary,test,1167,CHEMBL598199
binary,test,2376,CHEMBL3349659
binary,test,1621,CHEMBL3422042
binary,test,1276,CHEMBL1825018
binary,test,2421,CHEMBL3754305
binary,test,1300,CHEMBL1915176
binary,test,2364,CHEMBL5285807
binary,test,106,CHEMBL350713
binary,test,2828,CHEMBL5399449
binary,test,2440,CHEMBL3753258
binary,test,278,CHEMBL307160
binary,test,2515,CHEMBL368732
binary,test,347,CHEMBL312960
binary,test,1882,CHEMBL4159159
binary,test,1948,CHEMBL4454575
binary,test,630,CHEMBL519436
binary,test,2884,CHEMBL3622363
binary,test,2848,CHEMBL5425142
binary,test,1296,CHEMBL1915156
binary,test,1384,CHEMBL2011182
binary,test,2431,CHEMBL1627337
binary,test,2569,CHEMBL5401017
binary,test,480,CHEMBL371430
binary,test,673,CHEMBL226738
binary,test,2908,CHEMBL5435398
binary,test,2610,CHEMBL23334
binary,test,2110,CHEMBL3623219
binary,test,1535,CHEMBL3134115
binary,test,2060,CHEMBL5174567
binary,test,163,CHEMBL304305
binary,test,1763,CHEMBL3805481
binary,test,2836,CHEMBL5425230
binary,test,2362,CHEMBL5274890
binary,test,421,CHEMBL177293
binary,test,2183,CHEMBL5266867
binary,test,2063,CHEMBL5173597
binary,test,1414,CHEMBL446083
binary,test,1068,CHEMBL1215665
binary,test,1484,CHEMBL2336860
binary,test,814,CHEMBL53068
binary,test,25,CHEMBL488
binary,test,1514,CHEMBL2442769
binary,test,2132,CHEMBL3752998
binary,test,1511,CHEMBL2440145
binary,test,2843,CHEMBL5417041
binary,test,1001,CHEMBL300109
binary,test,136,CHEMBL1629804
binary,test,186,CHEMBL294361
binary,test,2664,CHEMBL16782
binary,test,1825,CHEMBL3980889
binary,test,1429,CHEMBL1939530
binary,test,308,CHEMBL124230
binary,test,1999,CHEMBL4563511
binary,test,2398,CHEMBL5287052
binary,test,1281,CHEMBL1825022
binary,test,2820,CHEMBL5397197
binary,test,1107,CHEMBL176287
binary,test,942,CHEMBL583076
binary,test,1461,CHEMBL2333333
binary,test,160,CHEMBL304770
binary,test,719,CHEMBL376303
binary,test,1596,CHEMBL3415163
binary,test,384,CHEMBL323585
binary,test,2801,CHEMBL137001
binary,test,1367,CHEMBL1399
binary,test,257,CHEMBL284934
binary,test,636,CHEMBL228985
binary,test,1507,CHEMBL2442757
binary,test,487,CHEMBL1399
binary,test,1612,CHEMBL3421765
binary,test,786,CHEMBL459503
binary,test,203,CHEMBL289945
binary,test,208,CHEMBL422610
binary,test,1516,CHEMBL2442767
binary,test,2723,CHEMBL1173700
binary,test,1315,CHEMBL1939527
binary,test,1641,CHEMBL3264684
binary,test,1400,CHEMBL9298
binary,test,212,CHEMBL336383
binary,test,2386,CHEMBL5271187
binary,test,338,CHEMBL323546
binary,test,802,CHEMBL209731
binary,test,1249,CHEMBL1784812
binary,test,1149,CHEMBL1630269
binary,test,2078,CHEMBL108425
binary,test,2324,CHEMBL3752192
binary,test,751,CHEMBL463453
binary,test,1306,CHEMBL1454842
binary,test,1177,CHEMBL1672982
binary,test,435,CHEMBL175979
binary,test,689,CHEMBL274318
binary,test,2542,CHEMBL5440090
binary,test,2311,CHEMBL3752818
binary,test,1675,CHEMBL3622071
binary,test,2923,CHEMBL285809
binary,test,1918,CHEMBL1444
binary,test,7,CHEMBL112074
binary,test,500,CHEMBL372999
binary,test,2815,CHEMBL5406393
binary,test,1570,CHEMBL437731
binary,test,1138,CHEMBL1629802
binary,test,13,CHEMBL169251
binary,test,1268,CHEMBL1824763
binary,test,657,CHEMBL226946
binary,test,1378,CHEMBL2011174
binary,test,87,CHEMBL424162
binary,test,2860,CHEMBL3622061
binary,test,2029,CHEMBL5075144
binary,test,138,CHEMBL73367
binary,test,2894,CHEMBL5395326
binary,test,2710,CHEMBL54803
binary,test,223,CHEMBL26651
binary,test,1748,CHEMBL3752637
binary,test,1228,CHEMBL1784789
binary,test,932,CHEMBL441367
binary,test,1879,CHEMBL4161492
binary,test,1122,CHEMBL370281
binary,test,2058,CHEMBL5184004
binary,test,1464,CHEMBL2333328
binary,test,1963,CHEMBL108483
binary,test,32,CHEMBL39661
binary,test,2326,CHEMBL3754696
binary,test,2954,CHEMBL5440818
binary,test,2854,CHEMBL3622059
binary,test,733,CHEMBL67842
binary,test,776,CHEMBL132530
binary,test,1688,CHEMBL3621226
binary,test,1804,CHEMBL488
binary,test,2194,CHEMBL5285274
binary,test,1131,CHEMBL194928
binary,test,2462,CHEMBL5265802
binary,test,469,CHEMBL195580
binary,test,893,CHEMBL469260
binary,test,2649,CHEMBL104047
binary,test,323,CHEMBL151691
binary,test,1527,CHEMBL3105521
binary,test,1023,CHEMBL1097980
binary,test,989,CHEMBL1399
binary,test,842,CHEMBL191488
binary,test,2847,CHEMBL5428080
binary,test,2758,CHEMBL30043
binary,test,227,CHEMBL174909
binary,test,2016,CHEMBL4745681
binary,test,1687,CHEMBL3623213
binary,test,2360,CHEMBL5279731
binary,test,2817,CHEMBL5418345
binary,test,475,CHEMBL362968
binary,test,2483,CHEMBL5436925
binary,test,1766,CHEMBL3805851
binary,test,2865,CHEMBL3622066
binary,test,1569,CHEMBL225499
binary,test,2830,CHEMBL5402457
binary,test,570,CHEMBL225499
binary,test,188,CHEMBL304222
binary,test,2045,CHEMBL1444
binary,test,2339,CHEMBL5267859
binary,test,1410,CHEMBL2165317
binary,test,882,CHEMBL491824
binary,test,984,CHEMBL224060
binary,test,1413,CHEMBL2165314
binary,test,1923,CHEMBL4460718
binary,test,2089,CHEMBL5280326
binary,test,1000,CHEMBL1098425
binary,test,1767,CHEMBL3804849
binary,test,1533,CHEMBL53343
binary,test,2646,CHEMBL5428947
binary,test,2302,CHEMBL5281692
binary,test,2864,CHEMBL3622065
binary,test,2291,CHEMBL5284938
binary,test,1377,CHEMBL2011173
binary,test,1183,CHEMBL1688894
binary,test,1789,CHEMBL489
binary,test,1485,CHEMBL2336859
binary,test,1390,CHEMBL2011190
binary,test,130,CHEMBL419131
binary,test,2874,CHEMBL5412425
binary,test,1872,CHEMBL4164126
binary,test,647,CHEMBL229893
binary,test,608,CHEMBL223176
binary,test,1747,CHEMBL3751861
binary,test,3031,CHEMBL5397559
binary,test,128,CHEMBL166079
binary,test,2792,CHEMBL137589
binary,test,1553,CHEMBL1688901
binary,test,1185,CHEMBL1688896
binary,test,652,CHEMBL229861
binary,test,470,CHEMBL195653
binary,test,833,CHEMBL57513
binary,test,3026,CHEMBL3622363
binary,test,638,CHEMBL229907
binary,test,534,CHEMBL212168
binary,test,2724,CHEMBL1170893
binary,test,329,CHEMBL148903
binary,test,921,CHEMBL224060
binary,test,2892,CHEMBL5421450
binary,test,1480,CHEMBL2336864
binary,test,249,CHEMBL23485
binary,test,3010,CHEMBL223983
binary,test,1654,CHEMBL3622058
binary,test,1492,CHEMBL3350384
binary,test,2400,CHEMBL5288188
binary,test,1692,CHEMBL3623222
binary,test,940,CHEMBL488
binary,test,516,CHEMBL205177
binary,test,2527,CHEMBL29521
binary,test,1541,CHEMBL3134228
binary,test,1060,CHEMBL1170893
binary,test,674,CHEMBL388291
binary,test,809,CHEMBL224787
binary,test,2684,CHEMBL186079
binary,test,1256,CHEMBL1824748
binary,test,14,CHEMBL1629805
binary,test,2091,CHEMBL5265932
binary,test,756,CHEMBL463168
binary,test,1135,CHEMBL193555
binary,test,2936,CHEMBL415952
binary,test,2973,CHEMBL358214
binary,test,2461,CHEMBL5284435
binary,test,1958,CHEMBL10137
binary,test,2349,CHEMBL3754184
binary,test,2450,CHEMBL5285390
binary,test,1862,CHEMBL4172955
binary,test,606,CHEMBL225128
binary,test,122,CHEMBL349851
binary,test,335,CHEMBL113242
binary,test,1032,CHEMBL276915
binary,test,229,CHEMBL368732
binary,test,225,CHEMBL287574
binary,test,333,CHEMBL157101
binary,test,1547,CHEMBL132530
binary,test,931,CHEMBL76904
binary,test,1657,CHEMBL3622061
binary,test,2922,CHEMBL29482
binary,test,84,CHEMBL27767
binary,test,2235,CHEMBL2058266
binary,test,166,CHEMBL488
binary,test,2769,CHEMBL135595
binary,test,2466,CHEMBL2431525
binary,test,447,CHEMBL184749
binary,test,271,CHEMBL293122
binary,test,648,CHEMBL558103
binary,test,399,CHEMBL157101
binary,test,3003,CHEMBL351167
binary,test,562,CHEMBL437731
binary,test,1831,CHEMBL3941042
binary,test,269,CHEMBL349822
binary,test,2822,CHEMBL5423824
binary,test,2693,CHEMBL437731
binary,test,2903,CHEMBL5436006
binary,test,2213,CHEMBL5266927
binary,test,349,CHEMBL102536
binary,test,2394,CHEMBL3752063
binary,test,2043,CHEMBL1399
binary,test,209,CHEMBL131414
binary,test,1308,CHEMBL1939520
binary,test,2677,CHEMBL421829
binary,test,1459,CHEMBL2333335
binary,test,2852,CHEMBL3622058
binary,test,144,CHEMBL72056
binary,test,1709,CHEMBL159073
binary,test,1543,CHEMBL1444
binary,test,1682,CHEMBL3623218
binary,test,2795,CHEMBL137049
binary,test,2525,CHEMBL282573
binary,test,1002,CHEMBL1098426
binary,test,946,CHEMBL592131
binary,test,1382,CHEMBL1165711
binary,test,2428,CHEMBL1628064
binary,test,191,CHEMBL288695
binary,test,810,CHEMBL225079
binary,test,2679,CHEMBL78322
binary,test,113,CHEMBL165552
binary,test,1150,CHEMBL1630270
binary,test,2000,CHEMBL1444
binary,test,1874,CHEMBL4174373
binary,test,2572,CHEMBL5394067
binary,test,966,CHEMBL589247
binary,test,515,CHEMBL204483
binary,test,379,CHEMBL101743
binary,test,303,CHEMBL53068
binary,test,2590,CHEMBL5400406
binary,test,1937,CHEMBL1991089
binary,test,1196,CHEMBL1688906
binary,test,796,CHEMBL224665
binary,test,81,CHEMBL27467
binary,test,1753,CHEMBL3794417
binary,test,1329,CHEMBL1939541
binary,test,2358,CHEMBL5266594
binary,test,2142,CHEMBL5291406
binary,test,2624,CHEMBL304222
binary,test,2911,CHEMBL5412669
binary,test,976,CHEMBL598020
binary,test,2552,CHEMBL1997104
binary,test,424,CHEMBL366669
binary,test,2179,CHEMBL5289535
binary,test,1768,CHEMBL3805678
binary,test,2090,CHEMBL5277776
binary,test,1915,CHEMBL4537791
binary,test,1055,CHEMBL87477
binary,test,1417,CHEMBL132530
binary,test,2996,CHEMBL5396048
binary,test,1653,CHEMBL3622057
binary,test,2351,CHEMBL274826
binary,test,48,CHEMBL2111917
binary,test,1235,CHEMBL1784801
binary,test,1845,CHEMBL1650711
binary,test,1666,CHEMBL479559
binary,test,119,CHEMBL31224
binary,test,1180,CHEMBL1688891
binary,test,2930,CHEMBL5394232
binary,test,930,CHEMBL212741
binary,test,1574,CHEMBL465881
binary,test,1473,CHEMBL2336852
binary,test,2880,CHEMBL3623231
binary,test,1926,CHEMBL4567479
binary,test,2340,CHEMBL5271680
binary,test,2943,CHEMBL5432975
binary,test,2449,CHEMBL5276910
binary,test,1445,CHEMBL2312957
binary,test,825,CHEMBL212168
binary,test,2133,CHEMBL5290133
binary,test,2210,CHEMBL5273618
binary,test,846,CHEMBL450666
binary,test,2333,CHEMBL5268519
binary,test,2517,CHEMBL174909
binary,test,162,CHEMBL74339
binary,test,54,CHEMBL38472
binary,test,2823,CHEMBL5402090
binary,test,1347,CHEMBL1956175
binary,test,2988,CHEMBL5425696
binary,test,2297,CHEMBL5266953
binary,test,2805,CHEMBL5398859
binary,test,676,CHEMBL226737
binary,test,350,CHEMBL334391
binary,test,1483,CHEMBL2336861
binary,test,334,CHEMBL317935
binary,test,184,CHEMBL294361
binary,test,2191,CHEMBL5277286
binary,test,1105,CHEMBL366490
binary,test,462,CHEMBL488
binary,test,2604,CHEMBL90585
binary,test,1436,CHEMBL2282047
binary,test,2539,CHEMBL338746
binary,test,1435,CHEMBL488
binary,test,2743,CHEMBL202065
binary,test,1129,CHEMBL370530
binary,test,291,CHEMBL40432
binary,test,681,CHEMBL242454
binary,test,2714,CHEMBL55144
binary,test,306,CHEMBL9298
binary,test,1724,CHEMBL3754183
binary,test,2095,CHEMBL1444
binary,test,2627,CHEMBL415753
binary,test,1503,CHEMBL2442761
binary,test,2616,CHEMBL23148
binary,test,295,CHEMBL9298
binary,test,317,CHEMBL269761
binary,test,2963,CHEMBL5411950
binary,test,780,CHEMBL486853
binary,test,1708,CHEMBL421149
binary,test,1418,CHEMBL1200374
binary,test,1600,CHEMBL3415167
binary,test,1383,CHEMBL2011181
binary,test,2725,CHEMBL1170678
binary,test,2756,CHEMBL29901
binary,test,2237,CHEMBL1629802
binary,test,167,CHEMBL322322
binary,test,1519,CHEMBL2011186
binary,test,2336,CHEMBL5291168
binary,test,201,CHEMBL294361
binary,test,2299,CHEMBL5280921
binary,test,1405,CHEMBL2165323
binary,test,1916,CHEMBL4464506
binary,test,2895,CHEMBL5411834
binary,test,2234,CHEMBL1077603
binary,test,2276,CHEMBL5268215
binary,test,2344,CHEMBL5274708
binary,test,543,CHEMBL223368
binary,test,697,CHEMBL270917
binary,test,2882,CHEMBL5413153
binary,test,1743,CHEMBL3623223
binary,test,2990,CHEMBL5434047
binary,test,2768,CHEMBL335050
binary,test,1935,CHEMBL4568316
binary,test,2389,CHEMBL5290211
binary,test,58,CHEMBL14563
binary,test,1712,CHEMBL3623231
binary,test,43,CHEMBL39781
binary,test,1922,CHEMBL4556427
binary,test,1262,CHEMBL1824757
binary,test,1036,CHEMBL52
binary,test,65,CHEMBL2105261
binary,test,217,CHEMBL176452
binary,test,1289,CHEMBL272339
binary,test,319,CHEMBL1394757
binary,test,3005,CHEMBL158984
binary,test,1832,CHEMBL1444
binary,test,1505,CHEMBL2442759
binary,test,1737,CHEMBL3751946
binary,test,486,CHEMBL132530
binary,test,2071,CHEMBL4639677
binary,test,986,CHEMBL29482
binary,test,2531,CHEMBL28173
binary,test,855,CHEMBL490867
binary,test,2168,CHEMBL3623221
binary,test,1819,CHEMBL3905734
binary,test,1269,CHEMBL1824764
binary,test,1799,CHEMBL3818338
binary,test,199,CHEMBL287967
binary,test,2497,CHEMBL5426947
binary,test,472,CHEMBL371509
binary,test,1925,CHEMBL4444996
binary,test,1559,CHEMBL3359953
binary,test,218,CHEMBL174308
binary,test,2120,CHEMBL3753447
binary,test,397,CHEMBL157101
binary,test,2435,CHEMBL5271283
binary,test,1432,CHEMBL488
binary,test,521,CHEMBL205782
binary,test,2416,CHEMBL3752280
binary,test,628,CHEMBL2096872
binary,test,2641,CHEMBL351271
binary,test,2175,CHEMBL3623219
binary,test,604,CHEMBL1444
binary,test,2907,CHEMBL5413848
binary,test,2488,CHEMBL5400803
binary,test,965,CHEMBL599864
binary,test,494,CHEMBL379019
binary,test,490,CHEMBL202065
binary,test,720,CHEMBL223109
binary,test,2323,CHEMBL3754222
binary,test,2955,CHEMBL5401445
binary,test,2761,CHEMBL133145
binary,test,2841,CHEMBL3622055
binary,test,2533,CHEMBL27467
binary,test,2972,CHEMBL112532
binary,test,2216,CHEMBL5284912
binary,test,1320,CHEMBL1939532
binary,test,937,CHEMBL583989
binary,test,1391,CHEMBL1077603
binary,test,1221,CHEMBL1783177
binary,test,2478,CHEMBL1444
binary,test,1012,CHEMBL117
binary,test,577,CHEMBL451201
binary,test,1230,CHEMBL1784791
binary,test,2064,CHEMBL5177269
binary,test,1286,CHEMBL1825029
binary,test,50,CHEMBL424203
binary,test,843,CHEMBL362906
binary,test,1402,CHEMBL9298
binary,test,680,CHEMBL9298
binary,test,1815,CHEMBL3977491
binary,test,2124,CHEMBL5266491
binary,test,1479,CHEMBL2336865
binary,test,205,CHEMBL419619
binary,test,2811,CHEMBL3622074
binary,test,2606,CHEMBL419131
binary,test,941,CHEMBL132530
binary,test,1166,CHEMBL108483
binary,test,2141,CHEMBL5279458
binary,test,1038,CHEMBL1085936
binary,test,615,CHEMBL285809
binary,test,708,CHEMBL407953
binary,test,2357,CHEMBL3752460
binary,test,404,CHEMBL29138
binary,test,96,CHEMBL349919
binary,test,348,CHEMBL302741
binary,test,2699,CHEMBL223983
binary,test,854,CHEMBL493181
binary,test,1583,CHEMBL3407537
binary,test,2031,CHEMBL5080066
binary,test,1758,CHEMBL3799189
binary,test,2734,CHEMBL202612
binary,test,1647,CHEMBL3589965
binary,test,1486,CHEMBL2336858
binary,test,1236,CHEMBL1784803
binary,test,175,CHEMBL134169
binary,test,420,CHEMBL175688
binary,test,2122,CHEMBL3753373
